# This file uses centimeters as units for non-parametric coordinates.

mtllib KirraLockhart_Bus.mtl
g default
v 4.343575 0.637435 0.696524
v 4.279230 0.777977 0.696907
v 4.174627 0.891766 0.695923
v 4.039997 0.967672 0.693668
v 3.888526 0.998257 0.690363
v 3.735030 0.980531 0.686331
v 3.594537 0.916228 0.681967
v 3.480808 0.811642 0.677699
v 3.404968 0.677013 0.673943
v 3.374440 0.525516 0.671068
v 3.392212 0.371984 0.669355
v 3.456554 0.231442 0.668972
v 3.561153 0.117650 0.669957
v 3.695781 0.041748 0.672212
v 3.847257 0.011162 0.675517
v 4.000752 0.028888 0.679549
v 4.141243 0.093191 0.683913
v 4.254975 0.197776 0.688181
v 4.330817 0.332406 0.691937
v 4.361344 0.483903 0.694812
v 4.332714 0.631262 1.137168
v 4.268368 0.771803 1.137551
v 4.163764 0.885594 1.136566
v 4.029137 0.961499 1.134311
v 3.877663 0.992083 1.131006
v 3.724165 0.974358 1.126974
v 3.583675 0.910054 1.122611
v 3.469945 0.805469 1.118342
v 3.394106 0.670838 1.114587
v 3.363575 0.519344 1.111711
v 3.381351 0.365810 1.109999
v 3.445694 0.225269 1.109616
v 3.550295 0.111478 1.110600
v 3.684920 0.035575 1.112855
v 3.836398 0.004989 1.116161
v 3.989891 0.022715 1.120192
v 4.130381 0.087017 1.124556
v 4.244112 0.191603 1.128824
v 4.319962 0.326233 1.132580
v 4.350482 0.477729 1.135455
v 4.115522 0.577199 1.131057
v 4.080840 0.659480 1.131355
v 4.024255 0.726008 1.130892
v 3.951293 0.770269 1.129714
v 3.869103 0.787930 1.127935
v 3.785735 0.777263 1.125731
v 3.709349 0.739313 1.123316
v 3.647412 0.677795 1.120928
v 3.605998 0.598729 1.118799
v 3.589159 0.509855 1.117139
v 3.598539 0.419873 1.116109
v 3.633221 0.337592 1.115812
v 3.689812 0.271064 1.116275
v 3.762767 0.226804 1.117453
v 3.844957 0.209142 1.119231
v 3.928326 0.219808 1.121436
v 4.004712 0.257759 1.123850
v 4.066644 0.319278 1.126239
v 4.108066 0.398344 1.128367
v 4.124901 0.487219 1.130028
v 4.117606 0.578383 1.046558
v 4.082922 0.660665 1.046856
v 4.026336 0.727192 1.046393
v 3.953372 0.771453 1.045215
v 3.871186 0.789115 1.043436
v 3.787818 0.778448 1.041232
v 3.711432 0.740497 1.038817
v 3.649497 0.678978 1.036429
v 3.608087 0.599912 1.034301
v 3.591242 0.511038 1.032640
v 3.600617 0.421057 1.031611
v 3.635300 0.338776 1.031313
v 3.691891 0.272249 1.031776
v 3.764854 0.227988 1.032954
v 3.847040 0.210326 1.034733
v 3.930408 0.220992 1.036937
v 4.006802 0.258942 1.039352
v 4.068727 0.320461 1.041740
v 4.110141 0.399528 1.043868
v 4.126992 0.488402 1.045529
v 4.172930 0.493472 0.690301
v 4.161943 0.576293 0.691191
v 4.154062 0.411750 0.688691
v 4.107172 0.339127 0.686518
v 4.036873 0.282713 0.683995
v 3.950021 0.248029 0.681368
v 3.855135 0.238471 0.678896
v 3.761502 0.254974 0.676819
v 3.678276 0.295924 0.675341
v 3.613617 0.357310 0.674607
v 3.573842 0.433124 0.674689
v 3.562857 0.515946 0.675579
v 3.581728 0.597669 0.677189
v 3.628612 0.670291 0.679362
v 3.698913 0.726705 0.681885
v 3.785760 0.761389 0.684511
v 3.880644 0.770948 0.686984
v 3.974287 0.754444 0.689061
v 4.057505 0.713495 0.690539
v 4.122169 0.652109 0.691272
v 4.171018 0.492384 0.767984
v 4.160024 0.575206 0.768873
v 4.152142 0.410661 0.766374
v 4.105263 0.338039 0.764201
v 4.034952 0.281624 0.761678
v 3.948109 0.246941 0.759051
v 3.853222 0.237383 0.756579
v 3.759584 0.253886 0.754502
v 3.676364 0.294835 0.753024
v 3.611701 0.356221 0.752290
v 3.571928 0.432037 0.752372
v 3.560942 0.514859 0.753261
v 3.579811 0.596580 0.754871
v 3.626693 0.669204 0.757044
v 3.696998 0.725618 0.759568
v 3.783847 0.760301 0.762194
v 3.878732 0.769860 0.764667
v 3.972370 0.753355 0.766744
v 4.055595 0.712407 0.768222
v 4.120252 0.651021 0.768955
v 4.362286 0.484434 0.656817
v 4.344506 0.637967 0.658530
v 4.173866 0.494004 0.652307
v 4.162880 0.576825 0.653196
v 4.331754 0.332939 0.653942
v 4.154993 0.412282 0.650697
v 4.255917 0.198308 0.650187
v 4.108109 0.339659 0.648524
v 4.142178 0.093723 0.645918
v 4.037804 0.283245 0.646000
v 4.001689 0.029421 0.641554
v 3.950960 0.248561 0.643374
v 3.848193 0.011694 0.637522
v 3.856072 0.239004 0.640901
v 3.696721 0.042280 0.634217
v 3.762438 0.255506 0.638824
v 3.562093 0.118183 0.631962
v 3.679215 0.296455 0.637346
v 3.457488 0.231975 0.630978
v 3.614554 0.357842 0.636613
v 3.393149 0.372516 0.631361
v 3.574779 0.433657 0.636694
v 3.375376 0.526049 0.633073
v 3.563794 0.516479 0.637584
v 3.405901 0.677545 0.635948
v 3.582662 0.598202 0.639194
v 3.481745 0.812174 0.639704
v 3.629546 0.670823 0.641367
v 3.595476 0.916761 0.643972
v 3.699851 0.727238 0.643890
v 3.735967 0.981063 0.648336
v 3.786698 0.761921 0.646517
v 3.889460 0.998790 0.652368
v 3.881581 0.771480 0.648990
v 4.040939 0.968204 0.655673
v 3.975218 0.754977 0.651066
v 4.175569 0.892299 0.657929
v 4.058442 0.714028 0.652544
v 4.280167 0.778509 0.658913
v 4.123104 0.652642 0.653278
v 4.331856 0.630776 1.171811
v 4.267515 0.771318 1.172194
v 4.079986 0.658996 1.165998
v 4.114675 0.576714 1.165700
v 4.162916 0.885109 1.171210
v 4.023398 0.725523 1.165535
v 4.028288 0.961013 1.168955
v 3.950438 0.769783 1.164357
v 3.876811 0.991597 1.165650
v 3.868251 0.787445 1.162579
v 3.723314 0.973872 1.161618
v 3.784882 0.776778 1.160374
v 3.582821 0.909568 1.157254
v 3.708495 0.738828 1.157960
v 3.469093 0.804984 1.152986
v 3.646558 0.677309 1.155571
v 3.393252 0.670354 1.149230
v 3.605144 0.598243 1.153443
v 3.362723 0.518858 1.146355
v 3.588305 0.509369 1.151783
v 3.380497 0.365325 1.144642
v 3.597684 0.419387 1.150753
v 3.444836 0.224784 1.144259
v 3.632365 0.337106 1.150455
v 3.549439 0.110992 1.145244
v 3.688958 0.270579 1.150918
v 3.684071 0.035089 1.147499
v 3.761913 0.226319 1.152097
v 3.835546 0.004504 1.150805
v 3.844103 0.208657 1.153875
v 3.989041 0.022230 1.154836
v 3.927472 0.219323 1.156079
v 4.129532 0.086532 1.159199
v 4.003858 0.257274 1.158494
v 4.243264 0.191118 1.163468
v 4.065795 0.318792 1.160882
v 4.319104 0.325747 1.167224
v 4.107213 0.397858 1.163011
v 4.349628 0.477244 1.170098
v 4.124048 0.486733 1.164671
v -5.510986 0.692367 0.911111
v 5.101276 0.661991 0.890081
v -5.400615 2.688447 0.849289
v 4.899850 2.642993 0.842479
v -5.599284 1.444556 0.911111
v 5.101276 1.444556 0.890081
v 3.148661 0.692367 0.911111
v 3.148661 1.444556 0.911111
v 3.148661 2.716238 0.849289
v -0.209910 0.650683 0.911111
v -0.209911 1.444556 0.911111
v -0.209910 2.716238 0.849289
v -3.232625 0.678472 0.911111
v -3.232625 1.444556 0.911111
v -3.232625 2.716238 0.849289
v -5.599284 2.033981 0.906695
v 5.101276 2.029977 0.886681
v -3.248997 0.423340 0.911111
v -5.513465 0.437214 0.911111
v 3.133839 0.437165 0.911111
v 5.082886 0.406996 0.911111
v -0.223921 0.395430 0.911111
v -5.579055 0.613626 0.911111
v -5.626531 0.437214 0.911111
v -5.632675 0.554661 0.911111
v -5.519610 0.554661 0.911111
v -3.241462 0.540780 0.911111
v -0.217472 0.512922 0.911111
v 3.140661 0.554637 0.911111
v 5.103829 0.524373 0.907540
v 5.265307 0.650163 0.911111
v 5.255382 0.512543 0.911111
v 5.246917 0.395166 0.911111
v 3.343922 1.444556 0.911111
v 3.382137 0.689329 0.911111
v 3.366558 0.551611 0.911111
v 3.363975 0.434148 0.911111
v 3.323780 2.708914 0.849289
v 4.222599 1.444556 0.911111
v 4.235337 0.675660 0.911111
v 4.245602 0.537992 0.911111
v 4.230378 0.420572 0.911111
v 4.111815 2.675953 0.849289
v 3.448140 0.787563 0.911111
v 3.549433 0.915277 0.911111
v 3.685948 0.968125 0.911111
v 3.822474 0.997524 0.911111
v 3.945786 0.971102 0.911111
v 4.065759 0.920635 0.911111
v 4.145031 0.840175 0.911111
v 4.318775 0.536814 0.911111
v 4.306669 0.674534 0.911111
v 4.232276 0.860399 0.911111
v 3.375351 0.823428 0.911111
v 3.314069 0.690215 0.911111
v 3.301912 0.552477 0.911111
v 3.301615 0.434967 0.911111
v 4.066779 0.998576 0.911111
v 3.876274 1.047740 0.911111
v 3.698049 1.032378 0.911111
v 3.556706 0.983213 0.911111
v 3.424577 0.918685 0.911111
v 4.318843 0.419163 0.911111
v 4.306669 0.674534 0.954668
v 4.232276 0.860399 0.954668
v 4.235337 0.675660 0.954668
v 4.318775 0.536814 0.954668
v 4.245602 0.537992 0.954668
v 3.375351 0.823428 0.954668
v 3.314069 0.690215 0.954668
v 3.382137 0.689329 0.954668
v 3.366558 0.551611 0.954668
v 3.301912 0.552477 0.954668
v 3.363975 0.434148 0.954668
v 3.301615 0.434967 0.954668
v 4.066779 0.998576 0.954668
v 3.876274 1.047740 0.954668
v 3.698049 1.032378 0.954668
v 3.556706 0.983213 0.954668
v 3.424577 0.918685 0.954668
v 3.448140 0.787563 0.954668
v 3.549433 0.915277 0.954668
v 3.685948 0.968125 0.954668
v 3.822474 0.997524 0.954668
v 3.945786 0.971102 0.954668
v 4.065759 0.920635 0.954668
v 4.145031 0.840175 0.954668
v 4.318843 0.419163 0.954668
v 4.230378 0.420572 0.954668
v 4.230378 0.420572 0.000000
v 4.318843 0.419163 0.000000
v 5.082886 0.406996 0.000000
v 5.246917 0.395166 0.000000
v 5.255382 0.512543 0.000000
v 5.265307 0.650163 0.000000
v 5.101276 0.661991 0.000000
v 4.899850 2.636369 0.000000
v 4.111815 2.669330 0.000000
v 3.323780 2.702290 0.000000
v 3.148661 2.709614 0.000000
v -0.209910 2.709614 0.000000
v -5.400615 2.681824 0.000000
v -5.579055 0.613626 0.000000
v -5.632675 0.554661 0.000000
v -5.626531 0.437214 0.000000
v -5.513465 0.437214 0.000000
v -3.248997 0.423340 0.000000
v -0.223921 0.395430 0.000000
v 3.133839 0.437165 0.000000
v 5.101276 0.661991 -0.911111
v 4.899850 2.642993 -0.849289
v 5.101276 1.444556 -0.911111
v 3.148661 0.692367 -0.911111
v 3.148661 1.444556 -0.911111
v 3.148661 2.716238 -0.849289
v -0.209910 0.650683 -0.911111
v -0.209911 1.444556 -0.911111
v -0.209910 2.716238 -0.849289
v -3.232625 0.678472 -0.911111
v -3.232625 1.444556 -0.911111
v -3.232625 2.716238 -0.849289
v 5.101276 2.033981 -0.906695
v -3.248997 0.423340 -0.911111
v 3.133839 0.437165 -0.911111
v 5.082886 0.406996 -0.911111
v -0.223921 0.395430 -0.911111
v -3.241462 0.540780 -0.911111
v -0.217472 0.512922 -0.911111
v 3.140661 0.554637 -0.911111
v 5.091351 0.524373 -0.911111
v 5.265307 0.650163 -0.911111
v 5.255382 0.512543 -0.911111
v 5.246917 0.395166 -0.911111
v 3.343922 1.444556 -0.911111
v 3.382137 0.689329 -0.911111
v 3.366558 0.551611 -0.911111
v 3.363975 0.434148 -0.911111
v 3.323780 2.708914 -0.849289
v 4.222599 1.444556 -0.911111
v 4.235337 0.675660 -0.911111
v 4.245602 0.537992 -0.911111
v 4.230378 0.420572 -0.911111
v 4.111815 2.675953 -0.849289
v 3.448140 0.787563 -0.911111
v 3.549433 0.915277 -0.911111
v 3.685948 0.968125 -0.911111
v 3.822474 0.997524 -0.911111
v 3.945786 0.971102 -0.911111
v 4.065759 0.920635 -0.911111
v 4.145031 0.840175 -0.911111
v 4.318775 0.536814 -0.911111
v 4.306669 0.674534 -0.911111
v 4.232276 0.860399 -0.911111
v 3.375351 0.823428 -0.911111
v 3.314069 0.690215 -0.911111
v 3.301912 0.552477 -0.911111
v 3.301615 0.434967 -0.911111
v 4.066779 0.998576 -0.911111
v 3.876274 1.047740 -0.911111
v 3.698049 1.032378 -0.911111
v 3.556706 0.983213 -0.911111
v 3.424577 0.918685 -0.911111
v 4.318843 0.419163 -0.911111
v 4.306669 0.674534 -0.954668
v 4.232276 0.860399 -0.954668
v 4.235337 0.675660 -0.954668
v 4.318775 0.536814 -0.954668
v 4.245602 0.537992 -0.954668
v 3.375351 0.823428 -0.954668
v 3.314069 0.690215 -0.954668
v 3.382137 0.689329 -0.954668
v 3.366558 0.551611 -0.954668
v 3.301912 0.552477 -0.954668
v 3.363975 0.434148 -0.954668
v 3.301615 0.434967 -0.954668
v 4.066779 0.998576 -0.954668
v 3.876274 1.047740 -0.954668
v 3.698049 1.032378 -0.954668
v 3.556706 0.983213 -0.954668
v 3.424577 0.918685 -0.954668
v 3.448140 0.787563 -0.954668
v 3.549433 0.915277 -0.954668
v 3.685948 0.968125 -0.954668
v 3.822474 0.997524 -0.954668
v 3.945786 0.971102 -0.954668
v 4.065759 0.920635 -0.954668
v 4.145031 0.840175 -0.954668
v 4.318843 0.419163 -0.954668
v 4.230378 0.420572 -0.954668
v 5.101276 1.128760 0.890081
v 5.101276 1.128760 0.000000
v 5.101276 1.128760 -0.911111
v 5.101276 1.517865 0.889659
v 5.101276 1.444556 0.676150
v 5.101276 1.128760 0.472627
v 5.101271 1.314178 0.544990
v 5.101276 1.128760 -0.459059
v 5.101276 1.444556 -0.698764
v 5.101276 1.531365 -0.910461
v 5.101271 1.296101 -0.544990
v 5.101276 1.480858 0.593670
v 5.101271 1.312719 0.465501
v 5.101276 1.161624 0.416612
v 5.101276 1.161868 -0.001238
v 5.092083 2.014841 0.788368
v 4.918750 2.580063 0.000000
v 4.918940 2.585078 0.716535
v 5.101276 1.592282 0.824247
v 5.101276 1.162111 -0.409921
v 5.101271 1.298477 -0.467978
v 5.101276 1.481223 -0.611632
v 5.092083 2.014961 -0.788239
v 4.918940 2.585078 -0.716535
v 5.101276 1.601643 -0.823906
v 4.976057 1.490580 0.593296
v 4.992700 1.323968 0.465500
v 5.007733 1.173624 0.416611
v 5.007709 1.173866 -0.001238
v 4.979662 1.454485 -0.000004
v 4.919551 2.054634 0.770988
v 4.925624 2.016123 -0.000005
v 4.697544 2.518788 -0.000002
v 4.779829 2.533011 0.727159
v 4.965049 1.600757 0.823499
v 5.007685 1.174108 -0.409920
v 4.994118 1.309783 -0.467977
v 4.976021 1.490943 -0.611266
v 4.920042 1.997076 -0.787184
v 4.697235 2.523796 -0.715158
v 4.964118 1.610075 -0.823174
v 4.226234 1.522186 -0.912617
v 3.343429 1.522146 -0.912519
v 3.148661 1.522143 -0.912497
v -0.209911 1.522143 -0.912497
v -3.232625 1.522143 -0.912497
v -5.609115 1.522213 0.912574
v -3.232625 1.522143 0.912497
v -0.209911 1.522143 0.912497
v 3.148661 1.522143 0.912497
v 3.343429 1.522146 0.912519
v 4.226234 1.522186 0.912617
v 1.309591 1.522140 0.912466
v 1.313612 2.728250 0.849289
v 1.313612 2.721626 0.000000
v 1.313612 2.728250 -0.849289
v 1.309591 1.522140 -0.912466
v 1.309591 1.444556 -0.911111
v 1.309790 0.670650 -0.911111
v 1.302053 0.533011 -0.911111
v 1.295417 0.415436 -0.911111
v 1.295377 0.408006 0.000000
v 1.295417 0.415436 0.911111
v 1.302053 0.533011 0.911111
v 1.309790 0.670650 0.911111
v 1.309591 1.444556 0.911111
v 4.942343 1.801268 -0.805394
v 5.096735 1.805840 -0.806285
v 5.101276 1.779678 -0.908601
v 4.224438 1.775034 -0.909692
v 3.343672 1.775014 -0.909642
v 3.148661 1.775012 -0.909631
v 1.309591 1.775010 -0.909615
v -0.209911 1.775012 -0.909631
v -3.232625 1.775012 -0.909631
v -5.604258 1.775047 0.909670
v -3.232625 1.775012 0.909631
v -0.209911 1.775012 0.909631
v 1.309591 1.775010 0.909615
v 3.148661 1.775012 0.909631
v 3.343672 1.775014 0.909642
v 4.224438 1.775034 0.893305
v 5.101276 1.772848 0.888188
v 5.096735 1.801043 0.806521
v 4.942820 1.796496 0.805617
v -5.141069 2.064983 0.902603
v -3.161284 2.603972 0.858727
v -5.008561 2.582155 0.858633
v 4.132597 2.569963 0.858768
v 4.919956 2.029977 0.882172
v 4.780221 2.544963 0.849609
v -0.352049 2.607411 0.858454
v 1.342786 2.616018 0.858555
v -5.153444 1.816510 0.909193
v -3.170574 1.816506 0.909161
v -0.352631 1.816522 0.909161
v 1.339932 1.816522 0.909148
v 4.217561 1.816451 0.886704
v 2.991353 2.606398 0.858536
v 3.388645 2.597510 0.858759
v 2.992580 1.816529 0.909161
v 3.408716 1.816510 0.909170
v -5.140951 2.058138 0.770918
v -3.232558 2.027389 0.774927
v -3.161224 2.592871 0.727262
v -5.008442 2.571015 0.727172
v 4.132304 2.558254 0.727356
v 4.222344 2.027205 0.774937
v -0.209901 2.027728 0.774911
v -0.352032 2.596397 0.726982
v 1.309592 2.027747 0.774910
v 1.342787 2.605052 0.727079
v -5.153327 1.813961 0.777285
v -3.170515 1.814481 0.777245
v -0.352632 1.815031 0.777236
v 1.339932 1.815031 0.777223
v 4.224200 1.814522 0.765392
v 3.148621 2.027696 0.774912
v 2.991278 2.595346 0.727067
v 3.343847 2.027580 0.774918
v 3.388489 2.586210 0.727311
v 2.992581 1.815034 0.777236
v 3.408719 1.815006 0.777246
v 4.341153 1.444556 0.882347
v 4.341153 1.521322 0.882347
v 4.341152 1.772036 0.882347
v 4.364704 1.814245 1.060294
v 4.361786 2.032691 0.774147
v 4.261809 2.553205 0.727317
v 4.262122 2.564964 0.858724
v 4.269422 2.669361 0.849289
v 4.269422 2.662738 0.000000
v 4.269422 2.669361 -0.849289
v 4.399806 1.775963 -0.909473
v 4.401242 1.524022 -0.912186
v 4.398335 1.444556 -0.911111
v 4.341153 0.672737 0.911111
v 4.425585 0.535094 0.911111
v 4.420337 0.417547 0.911111
v 4.512312 0.671288 -0.911111
v 4.529562 0.533419 -0.911111
v 4.551500 0.415460 -0.911111
v 4.539533 0.415649 0.000000
v 4.364704 2.032691 1.058089
v 4.964397 2.036186 1.055656
v 4.976988 1.814837 1.043895
v 4.364703 2.553205 1.031461
v 4.779829 2.533011 1.021909
v 4.364704 0.535094 1.020640
v 5.123718 0.524373 1.024212
v 4.364704 0.417547 1.020640
v 5.082886 0.406996 1.020640
v 4.364704 0.672737 1.020640
v 5.146122 0.661991 1.020640
v 4.364704 1.443681 1.020640
v 5.146122 1.128760 1.020640
v 5.146181 1.444372 1.020640
v 4.364704 1.522288 1.021481
v 5.146271 1.518140 1.020215
v 4.364704 1.774224 1.057697
v 5.146303 1.771893 1.026825
v 4.341153 1.814297 0.882347
v 4.372823 1.814466 0.777046
v 4.341152 2.032691 0.882347
v 4.288535 2.553205 0.872916
v 4.779829 2.533011 0.852347
v 4.989963 1.444372 1.020640
v 4.990849 1.519086 1.020562
v 4.979420 1.774245 1.047447
v 4.971612 0.665314 1.020640
v 4.966331 0.527688 1.020640
v 4.914014 0.410259 1.020640
v 4.878020 0.410259 0.911111
v 4.914877 0.409675 0.000000
v 4.918577 0.409622 -0.911111
v 5.146306 1.814770 1.027120
v 5.101276 1.818953 0.887918
v 5.145716 2.023769 1.020522
v 5.095901 1.839380 0.803266
v 4.938648 1.842782 0.799408
v 4.948162 1.781873 -0.000005
v -5.460215 2.492107 0.866511
v -5.460215 2.487471 -0.000000
v 4.308096 2.478748 -0.866511
v 4.960278 2.460289 -0.866511
v 4.970883 2.414043 -0.738046
v 4.764077 2.365780 -0.736766
v 4.765968 2.367989 -0.000003
v 4.821745 2.389498 0.740308
v 4.970883 2.414007 0.738085
v 4.960278 2.459089 0.855740
v 4.822142 2.390469 0.859378
v 4.821867 2.382102 0.861295
v 4.866591 2.383964 1.032033
v 4.364704 2.397052 1.039449
v 4.304320 2.397052 0.875745
v 4.291802 2.397052 0.741366
v 4.159316 2.398940 0.741631
v 3.375097 2.418621 0.741594
v 3.038481 2.425052 0.741421
v 1.332829 2.431860 0.741428
v -0.309393 2.425797 0.741360
v -3.182625 2.423227 0.741562
v -5.048195 2.417152 0.740296
v -5.048314 2.427003 0.871824
v 4.859252 1.444372 1.020669
v 4.855935 1.518991 1.021371
v 4.558573 1.521683 1.020748
v 4.561042 1.444373 1.020611
v 4.844964 1.774178 1.050277
v 4.537097 1.775591 1.054804
v 4.517037 2.032676 1.055923
v 4.819780 2.036222 1.058015
v 4.532518 1.814135 1.056915
v 4.838613 1.834957 1.047395
v 4.769964 2.384031 1.033451
v 4.493563 2.396961 1.037648
v 4.852354 0.665314 1.020636
v 4.849857 0.527688 1.020640
v 4.570589 0.672737 1.020644
v 4.574767 0.533908 1.020640
v 4.783396 1.444682 0.910108
v 4.779661 1.526058 0.911227
v 4.558249 1.528752 0.910603
v 4.561135 1.444682 0.910050
v 4.766922 1.780168 0.940162
v 4.535005 1.781580 0.944689
v 4.515783 2.030461 0.945483
v 4.742576 2.034004 0.947575
v 4.529929 1.850142 0.946403
v 4.760074 1.845840 0.936883
v 4.693323 2.377321 0.923095
v 4.492871 2.390251 0.927292
v 4.776410 0.665314 0.910075
v 4.773906 0.527688 0.910078
v 4.570594 0.672737 0.910082
v 4.572307 0.535094 0.910078
v 4.569341 0.415349 1.020640
v 4.585103 0.414925 0.911111
v 4.674657 0.413503 0.000000
v 4.683648 0.413363 -0.911111
v 4.867056 0.410437 -0.911111
v 4.862195 0.410518 0.000000
v 4.813781 0.411291 0.911111
v 4.838425 0.411378 1.020640
v 4.662412 1.444556 -0.911111
v 4.664227 1.526781 -0.911538
v 4.663331 1.777359 -0.909146
v 4.553104 2.471813 -0.866511
v 4.506258 2.659455 -0.849289
v 4.506258 2.652832 0.000000
v 4.506258 2.659455 0.846731
v 4.456759 2.557450 0.855300
v 4.456416 2.545619 0.727258
v 4.473102 2.545619 0.865188
v 4.489266 2.545619 1.027872
v 5.062405 1.444556 -0.911111
v 5.062565 1.530959 -0.910556
v 5.062486 1.779473 -0.908649
v 5.062405 2.033981 -0.906695
v 4.924213 2.461310 -0.866511
v 4.864989 2.644451 -0.849289
v 4.864988 2.637827 0.000000
v 4.864989 2.644451 0.842856
v 4.751572 2.546069 0.850113
v 4.751183 2.534128 0.727168
v 4.752661 2.534128 0.853484
v 4.754092 2.534128 1.022437
v 3.148661 0.829158 0.911111
v 1.309754 0.811391 0.911111
v -0.209911 0.795054 0.911111
v -3.232625 0.817790 0.911111
v -5.527044 0.829158 0.911111
v -3.232625 0.817790 -0.911111
v -0.209911 0.795054 -0.911111
v 1.309754 0.811391 -0.911111
v 3.148661 0.829158 -0.911111
v 4.690313 0.668478 -0.911111
v 4.677351 0.531039 -0.911111
v 4.941061 0.664520 -0.911111
v 4.929951 0.526972 -0.911111
v 4.862346 0.528060 -0.911111
v 4.864247 0.665732 -0.911111
v 4.876542 1.444556 -0.911111
v 4.889772 1.529146 -0.910982
v 4.888448 1.778551 -0.908866
v 4.888448 2.033981 -0.906695
v 4.768343 2.465722 -0.866511
v 4.681313 2.652134 -0.849289
v 4.677332 2.645676 0.000000
v 4.672910 2.652485 0.844931
v 4.651404 2.549936 0.851875
v 4.841304 1.795798 1.047483
v 4.760283 1.814135 0.936983
v 4.530083 1.813499 0.946351
v 4.532658 1.812958 1.056850
v 4.341153 1.813010 0.882347
v 4.217771 1.815189 0.886905
v 3.406734 1.815247 0.909185
v 2.997337 1.815264 0.909175
v 1.339007 1.815259 0.909162
v -0.348281 1.815259 0.909175
v -3.172465 1.815243 0.909176
v -5.167185 1.815247 0.909208
v -5.155036 2.064038 0.902728
v -5.060868 2.428988 0.871663
v -5.020512 2.585395 0.858349
v -3.163459 2.607395 0.858439
v -0.347716 2.610728 0.858175
v 1.341897 2.619439 0.858273
v 2.996148 2.609747 0.858255
v 3.386668 2.600906 0.858471
v 4.131963 2.573195 0.858479
v 4.262345 2.568146 0.858437
v 4.458268 2.560559 0.855039
v 4.652060 2.553062 0.851664
v 4.755029 2.549068 0.849892
v 4.484096 0.862720 -0.911111
v 4.683406 0.860606 -0.911111
v 4.867290 0.858540 -0.911111
v 5.101276 0.862387 -0.911111
v 5.101276 0.855266 0.000000
v 5.101276 0.855266 0.890081
v 5.146122 0.855266 1.020640
v 4.341153 0.850726 0.904478
v 4.364704 0.850683 1.020640
v 4.568387 0.850683 1.020636
v 4.568413 0.850754 0.910075
v 4.778021 0.845043 0.910082
v 4.853944 0.844971 1.020644
v 4.975844 0.844971 1.020640
v 5.060570 0.861718 -0.911111
v 4.981750 0.860422 -0.911111
v 5.057428 0.662683 -0.911111
v 5.055211 0.524955 -0.911111
v 5.053339 0.407467 -0.911111
v 5.053339 0.407467 0.000000
v 5.053339 0.407467 0.911111
v 5.020884 0.407270 1.020640
v 5.057342 0.525912 1.020640
v 5.059964 0.663631 1.020640
v 5.063518 0.850272 1.020640
v 5.063518 1.444372 1.020640
v 5.063970 1.518642 1.020399
v 5.077533 1.772863 1.035323
v 5.079064 1.814797 1.033782
v 5.047946 2.030465 1.039467
v 5.019149 2.029977 0.884639
v 4.899663 2.428977 0.857336
v 4.823863 2.580725 0.847008
v 4.773067 2.648296 0.843849
v 4.780552 2.641359 0.000000
v 4.780344 2.647992 -0.849289
v 4.847452 2.463482 -0.866511
v 5.003641 2.033981 -0.906695
v 5.020514 1.779252 -0.908701
v 4.997882 1.530281 -0.910716
v 4.978568 1.444556 -0.911111
v 3.519657 1.444556 0.911111
v 3.519990 1.522154 0.912538
v 3.519826 1.775018 0.906374
v 3.568941 1.815235 0.904728
v 3.570485 1.816499 0.904677
v 3.571815 1.814909 0.774875
v 3.519546 2.027505 0.774922
v 3.531940 2.414685 0.741601
v 3.537252 2.580619 0.727321
v 3.537436 2.592001 0.858761
v 3.535727 2.595364 0.858472
v 3.481387 2.702322 0.849289
v 3.481387 2.695699 0.000000
v 3.481387 2.702322 -0.849289
v 3.519825 1.775018 -0.909652
v 3.519989 1.522154 -0.912538
v 3.519657 1.444556 -0.911111
v 3.449363 1.444556 0.911111
v 3.449365 1.522152 0.912530
v 3.449364 1.775018 0.907681
v 3.504058 1.815240 0.906511
v 3.505778 1.816506 0.906474
v 3.506577 1.814948 0.775823
v 3.449266 2.027535 0.774920
v 3.469203 2.416260 0.741598
v 3.477747 2.582855 0.727317
v 3.477920 2.594204 0.858761
v 3.476104 2.597580 0.858472
v 3.418344 2.704959 0.849289
v 3.418344 2.698335 0.000000
v 3.418344 2.704959 -0.849289
v 3.449364 1.775018 -0.909648
v 3.449365 1.522152 -0.912530
v 3.449363 1.444556 -0.911111
v 3.660245 1.444556 0.911111
v 3.661239 1.522162 0.912554
v 3.660748 1.775022 0.903760
v 3.698707 1.815228 0.901164
v 3.699901 1.816490 0.901082
v 3.702292 1.814833 0.772978
v 3.660106 2.027446 0.774925
v 3.657416 2.411536 0.741607
v 3.656263 2.576146 0.727328
v 3.656468 2.587595 0.858763
v 3.654975 2.590930 0.858474
v 3.607473 2.697048 0.849289
v 3.607473 2.690425 0.000000
v 3.607473 2.697048 -0.849289
v 3.660748 1.775022 -0.909660
v 3.661239 1.522162 -0.912554
v 3.660245 1.444556 -0.911111
v 3.828952 1.444556 0.911111
v 3.830737 1.522170 0.912573
v 3.829855 1.775025 0.900624
v 3.854426 1.815215 0.896886
v 3.855199 1.816478 0.896769
v 3.858865 1.814739 0.770702
v 3.828777 2.027373 0.774929
v 3.807986 2.407757 0.741614
v 3.799075 2.570778 0.727337
v 3.799307 2.582304 0.858764
v 3.798071 2.585609 0.858475
v 3.758775 2.690720 0.849289
v 3.758775 2.684096 0.000000
v 3.758775 2.690720 -0.849289
v 3.829855 1.775025 -0.909669
v 3.830737 1.522170 -0.912573
v 3.828952 1.444556 -0.911111
v 4.047230 1.444556 0.911111
v 4.050041 1.522178 0.912597
v 4.048653 1.775030 0.896565
v 4.055902 1.815200 0.891352
v 4.056130 1.816463 0.891188
v 4.061444 1.814619 0.767758
v 4.047011 2.027281 0.774933
v 4.002800 2.402868 0.741623
v 3.983852 2.563833 0.727348
v 3.984118 2.575461 0.858766
v 3.983215 2.578725 0.858478
v 3.954537 2.682532 0.849289
v 3.954537 2.675908 0.000000
v 3.954537 2.682532 -0.849289
v 4.048653 1.775030 -0.909682
v 4.050041 1.522178 -0.912597
v 4.047230 1.444556 -0.911111
v 4.993413 1.316888 -0.000609
v 4.977961 1.798600 1.045316
v 5.078452 1.798023 1.034399
v 5.146305 1.797621 1.027002
v 5.101277 1.798575 0.888366
v 4.980158 1.152495 -0.911111
v 4.871916 1.151553 -0.911111
v 4.672909 1.152586 -0.911111
v 4.441215 1.153643 -0.911111
v 4.227438 1.152483 -0.911111
v 4.057004 1.221571 -0.911111
v 3.852613 1.246153 -0.911111
v 3.679147 1.238472 -0.911111
v 3.538182 1.213890 -0.911111
v 3.436970 1.181626 -0.911111
v 3.359637 1.133998 -0.911111
v 3.148661 1.136863 -0.911111
v 1.309672 1.127979 -0.911111
v -0.209911 1.119810 -0.911111
v -3.232625 1.131178 -0.911111
v -5.563164 1.136863 0.911111
v -3.232625 1.131178 0.911111
v -0.209911 1.119810 0.911111
v 1.309672 1.127979 0.911111
v 3.148661 1.136863 0.911111
v 3.359637 1.133998 0.911111
v 3.436970 1.181626 0.911111
v 3.538182 1.213890 0.911111
v 3.679147 1.238472 0.911111
v 3.852613 1.246153 0.911111
v 4.057004 1.221571 0.911111
v 4.227438 1.152483 0.911111
v 4.341153 1.147646 0.893412
v 4.364704 1.147187 1.020640
v 4.564714 1.147534 1.020624
v 4.564774 1.147724 0.910062
v 4.780709 1.144867 0.910095
v 4.856598 1.144678 1.020656
v 4.982904 1.144678 1.020640
v 5.063518 1.136816 1.020640
v 5.056035 1.137625 -0.911111
v 4.979444 1.283679 -0.911111
v 4.873994 1.283161 -0.911111
v 4.668194 1.283730 -0.911111
v 4.421955 1.284312 -0.911111
v 4.225265 1.283673 -0.911111
v 4.052614 1.321720 -0.911111
v 3.841985 1.335262 -0.911111
v 3.670657 1.331030 -0.911111
v 3.529861 1.317489 -0.911111
v 3.442537 1.299727 -0.911111
v 3.352578 1.273491 -0.911111
v 3.148661 1.275069 -0.911111
v 1.309636 1.270175 -0.911111
v -0.209911 1.265676 -0.911111
v -3.232625 1.271938 -0.911111
v -5.579387 1.275069 0.911111
v -3.232625 1.271938 0.911111
v -0.209911 1.265676 0.911111
v 1.309636 1.270175 0.911111
v 3.148661 1.275069 0.911111
v 3.352578 1.273491 0.911111
v 3.442537 1.299727 0.911111
v 3.529861 1.317489 0.911111
v 3.670657 1.331030 0.911111
v 3.841985 1.335262 0.911111
v 4.052614 1.321720 0.911111
v 4.225265 1.283673 0.911111
v 4.341153 1.281009 0.888442
v 4.364704 1.280363 1.020640
v 4.563065 1.280865 1.020618
v 4.563140 1.281108 0.910057
v 4.781916 1.279534 0.910101
v 4.857790 1.279291 1.020662
v 4.986074 1.279291 1.020640
v 5.063518 1.266035 1.020640
v 5.146148 1.264991 1.020640
v 5.101276 1.258909 0.890082
v 5.101276 1.265962 -0.911111
v 5.053812 1.272864 -0.911111
v 5.101276 1.444556 -0.804938
v 5.346577 1.824249 -0.816945
v 5.351118 1.806800 -0.893375
v 5.351118 1.976406 -0.891952
v 5.341926 1.963722 -0.803465
v 5.364280 1.867061 -0.835345
v 5.367681 1.858653 -0.876746
v 5.366736 1.926642 -0.872892
v 5.362708 1.923222 -0.825404
v 5.488537 1.868435 -0.825037
v 5.491937 1.860027 -0.866437
v 5.490993 1.928016 -0.862584
v 5.486965 1.924595 -0.815096
v 5.522004 1.869287 -0.825037
v 5.527715 1.862240 -0.866437
v 5.506931 1.926982 -0.862584
v 5.504079 1.922530 -0.815096
v 5.743104 1.939571 -0.805790
v 5.748815 1.932526 -0.847191
v 5.728031 1.997267 -0.843337
v 5.725179 1.992816 -0.795850
v 5.698884 1.925514 -0.809640
v 5.680959 1.978758 -0.799699
v 5.683811 1.983209 -0.847187
v 5.704595 1.918467 -0.851041
v 6.256074 2.102641 -0.761138
v 6.261786 2.095594 -0.802539
v 6.241002 2.160336 -0.798685
v 6.238150 2.155885 -0.754650
v 6.204778 2.086334 -0.765603
v 6.186852 2.139578 -0.760481
v 6.189705 2.144029 -0.803150
v 6.210488 2.079287 -0.807004
v 6.068751 2.503688 -0.725180
v 6.071603 2.508139 -0.776119
v 6.120049 2.519995 -0.719349
v 6.122900 2.524446 -0.771654
v 6.174744 2.120021 -0.599270
v 6.226041 2.136328 -0.593438
v 6.107941 2.500438 -0.558137
v 6.056643 2.484131 -0.563969
v 5.221656 1.815046 -0.811616
v 5.217004 1.989342 -0.795852
v 5.226197 2.005194 -0.899324
v 5.226197 1.793240 -0.900988
v 5.146703 1.809522 -0.808417
v 5.142052 2.004714 -0.791284
v 5.151245 2.022466 -0.903747
v 5.151245 1.785104 -0.905555
v 5.101276 2.145348 -0.906695
v 5.092083 2.126328 -0.788239
v 5.142052 2.116081 -0.791284
v 5.151245 2.133833 -0.903747
v 5.116066 1.781528 -1.153311
v 5.116066 2.035829 -1.151405
v 5.166034 2.024315 -1.148457
v 5.166034 1.786952 -1.150265
v 5.110150 1.780787 -1.055427
v 5.160118 1.786213 -1.052381
v 5.160118 2.023576 -1.050573
v 5.110150 2.035090 -1.053522
v 4.912576 2.035180 -1.065462
v 4.912576 1.780877 -1.067366
v 4.918492 2.035919 -1.163345
v 4.918492 1.781616 -1.165250
v 5.160167 2.023607 -1.051358
v 5.160167 1.786244 -1.053167
v 5.235120 2.006335 -1.046935
v 5.235120 1.794381 -1.048599
v 5.166173 2.024376 -1.150720
v 5.166173 1.787014 -1.152528
v 5.241126 2.007102 -1.146297
v 5.241126 1.795150 -1.147960
v 5.101276 1.265877 0.818924
v 5.101272 1.298519 0.624127
v 5.101276 1.408829 0.703064
v 5.101275 1.395740 0.817147
v 5.101275 1.174694 0.803966
v 5.101276 1.157448 0.556621
v 5.101275 1.395511 -0.783970
v 5.101276 1.272203 -0.872986
v 5.101276 1.395090 -0.881785
v 5.101275 1.166353 -0.857708
v 5.101272 1.291858 -0.585844
v 5.101275 1.401036 -0.688551
v 5.101275 1.165948 -0.509643
v 4.963593 1.265876 0.818925
v 4.963588 1.298519 0.624128
v 4.963592 1.408829 0.703066
v 4.963591 1.395742 0.817149
v 4.963591 1.174692 0.803967
v 4.963592 1.157446 0.556622
v 4.963591 1.395513 -0.783972
v 4.963592 1.272203 -0.872987
v 4.963592 1.395090 -0.881787
v 4.963592 1.162301 -0.658502
v 4.963591 1.166352 -0.857709
v 4.963588 1.291857 -0.585845
v 4.963591 1.401037 -0.688551
v 4.963591 1.165945 -0.509644
v 5.215210 1.265878 0.818923
v 5.215205 1.298520 0.624125
v 5.215209 1.408828 0.703062
v 5.215209 1.395740 0.817145
v 5.215209 1.174697 0.803965
v 5.215209 1.157450 0.556620
v 5.215209 1.395511 -0.783969
v 5.215208 1.281031 -0.728050
v 5.215209 1.272203 -0.872985
v 5.215209 1.395088 -0.881783
v 5.215209 1.162305 -0.658501
v 5.215209 1.166355 -0.857707
v 5.215206 1.291859 -0.585843
v 5.215209 1.401034 -0.688550
v 5.215209 1.165950 -0.509643
v 1.080830 0.844407 0.911111
v 0.018253 0.842911 0.911111
v 0.017933 0.660851 0.911111
v 1.080536 0.662679 0.911111
v 0.011133 0.526631 0.911111
v 1.073614 0.528471 0.911111
v 0.005564 0.457910 0.911111
v 1.067914 0.459742 0.911111
v 0.018337 1.275121 0.911111
v 0.018308 1.364322 0.911111
v 1.080832 1.275534 0.911111
v 1.080773 1.364322 0.911111
v 0.018242 1.083393 0.911111
v 1.080763 1.084141 0.911111
v 1.080830 0.844407 0.818736
v 0.018253 0.842911 0.818736
v 0.017933 0.660851 0.818736
v 1.080536 0.662679 0.818736
v 0.011133 0.526631 0.818736
v 1.073614 0.528471 0.818736
v 0.005564 0.457910 0.818736
v 1.067914 0.459742 0.818736
v 0.018337 1.275121 0.818736
v 0.018308 1.364322 0.818736
v 1.080832 1.275534 0.818736
v 1.080773 1.364322 0.818736
v 0.018242 1.083393 0.818736
v 1.080763 1.084141 0.818736
v 1.528145 0.542290 0.911111
v 2.914710 0.551263 0.911111
v 1.522238 0.456180 0.911111
v 2.908662 0.465196 0.911111
v 1.535249 0.677160 0.911111
v 2.922012 0.686171 0.911111
v 2.922254 0.849314 0.911111
v 1.535465 0.841942 0.911111
v 1.535457 1.276248 0.911111
v 1.535398 1.394257 0.911111
v 2.922336 1.278279 0.911111
v 2.922310 1.394257 0.911111
v 1.535395 1.105423 0.911111
v 2.922246 1.109109 0.911111
v 1.528145 0.542290 0.853950
v 2.914710 0.551263 0.853950
v 1.522238 0.456180 0.853950
v 2.908662 0.465196 0.853950
v 1.535249 0.677160 0.853950
v 2.922012 0.686171 0.853950
v 2.922254 0.849314 0.853950
v 1.535465 0.841942 0.853950
v 1.535457 1.276248 0.853950
v 1.535398 1.394257 0.853950
v 2.922336 1.278279 0.853950
v 2.922310 1.394257 0.853950
v 1.535395 1.105423 0.853950
v 2.922246 1.109109 0.853950
v -0.877161 0.835030 0.911111
v -2.563704 0.841437 0.911111
v -2.565179 0.669223 0.911111
v -0.878636 0.661392 0.911111
v -2.572962 0.534407 0.911111
v -0.885707 0.526556 0.911111
v -2.578846 0.455497 0.911111
v -0.890984 0.447632 0.911111
v -2.563943 1.275513 0.911111
v -2.563885 1.381440 0.911111
v -0.877400 1.273748 0.911111
v -0.877342 1.381440 0.911111
v -2.563702 1.095531 0.911111
v -0.877159 1.092328 0.911111
v -0.877161 0.835030 0.811875
v -2.563704 0.841437 0.811875
v -2.565179 0.669223 0.811875
v -0.878636 0.661392 0.811875
v -2.572962 0.534407 0.811875
v -0.885707 0.526556 0.811875
v -2.578846 0.455497 0.811875
v -0.890984 0.447632 0.811875
v -2.563943 1.275513 0.811875
v -2.563885 1.381440 0.811875
v -0.877400 1.273748 0.811875
v -0.877342 1.381440 0.811875
v -2.563702 1.095531 0.811875
v -0.877159 1.092328 0.811875
v 3.109025 0.886581 0.911111
v 3.109025 1.078157 0.911111
v 2.965778 1.060878 0.911111
v 2.965783 0.899130 0.911111
v 3.096088 1.015503 0.911175
v 3.096088 1.059840 0.911175
v 3.066175 1.055842 0.911175
v 3.066175 1.018407 0.911175
v 3.096088 1.015503 0.933263
v 3.096088 1.059840 0.933263
v 3.066175 1.055842 0.933263
v 3.066175 1.018407 0.933263
v 4.111953 2.452847 -0.866511
v 4.198587 2.058803 -0.906696
v -3.127553 1.829369 -0.909631
v -0.225582 1.829369 -0.909631
v 1.233224 1.829367 -0.909615
v 4.199999 1.830211 -0.909473
v 4.031637 1.829389 -0.909692
v 3.186053 1.829370 -0.909642
v 2.998831 1.829369 -0.909631
v 3.287523 1.829375 -0.909648
v -3.127553 2.624745 -0.849289
v -0.225582 2.663251 -0.849289
v 1.237084 2.673893 -0.849289
v 2.998831 2.663251 -0.849289
v 3.166955 2.656762 -0.849289
v 3.257742 2.653259 -0.849289
v 3.923512 2.627561 -0.849289
v 4.074824 2.621720 -0.849289
v 3.318266 2.650922 -0.849289
v 3.439316 2.646250 -0.849289
v 3.490463 1.829378 -0.909660
v 3.355170 1.829375 -0.909652
v 3.584575 2.640643 -0.849289
v 3.652815 1.829382 -0.909669
v 3.772517 2.633389 -0.849289
v 3.862873 1.829385 -0.909682
v -3.127437 2.440552 -0.557624
v -3.127512 2.058023 -0.557625
v 3.954634 2.414453 -0.478872
v 4.111163 2.410287 -0.479845
v 4.198259 2.050004 -0.602568
v 4.029600 2.049952 -0.602227
v -0.225511 2.441028 -0.472558
v 1.235938 2.448425 -0.470852
v 1.233227 2.051136 -0.601886
v -0.225561 2.051064 -0.601907
v -3.127555 1.841737 -0.557625
v -0.225583 1.841757 -0.652313
v 1.233224 1.841758 -0.652296
v 4.199785 1.842600 -0.651958
v 4.031535 1.841774 -0.652371
v 2.998399 2.440938 -0.472588
v 3.172012 2.436148 -0.473722
v 3.186089 2.050828 -0.601974
v 2.998713 2.051019 -0.601920
v 3.186063 1.841741 -0.652327
v 2.998837 1.841753 -0.652314
v 3.265927 2.433533 -0.474343
v 3.287318 2.050713 -0.602007
v 3.287534 1.841737 -0.652335
v -3.127387 2.623047 -0.557623
v -0.225481 2.613956 -0.415336
v 1.237101 2.624466 -0.412919
v 2.998214 2.613867 -0.415367
v 3.165884 2.607169 -0.416938
v 3.256663 2.603524 -0.417795
v 3.922380 2.576883 -0.424059
v 4.073685 2.571002 -0.425425
v 3.317181 2.601058 -0.418379
v 3.328536 2.431755 -0.474769
v 3.438222 2.596246 -0.419507
v 3.453756 2.428317 -0.475581
v 3.354802 2.050619 -0.602035
v 3.489773 2.050488 -0.602072
v 3.490473 1.841725 -0.652351
v 3.355180 1.841729 -0.652341
v 3.583469 2.590430 -0.420875
v 3.604019 2.424150 -0.476571
v 3.651738 2.050311 -0.602123
v 3.652825 1.841714 -0.652362
v 3.771398 2.582956 -0.422627
v 3.798437 2.418810 -0.477834
v 3.861294 2.050108 -0.602182
v 3.862884 1.841705 -0.652378
v 4.658298 1.818720 -0.908752
v 4.408128 1.820547 -0.909026
v 4.338524 2.406237 -0.873237
v 4.576102 2.400567 -0.873040
v 4.832592 1.819639 -0.908528
v 4.818436 2.048123 -0.903729
v 4.743580 2.396108 -0.873001
v 4.239046 2.068685 -0.903855
v 4.184340 2.389244 -0.872621
v 4.250683 1.860204 -0.909016
v 4.663414 1.778041 -0.978898
v 4.399939 1.776655 -0.979226
v 4.408261 1.821237 -0.978778
v 4.658381 1.819398 -0.978504
v 4.307771 2.484944 -0.935988
v 4.553295 2.478260 -0.935968
v 4.576293 2.407013 -0.942497
v 4.338199 2.412432 -0.942714
v 4.887786 1.779375 -0.978610
v 4.887258 2.037501 -0.976305
v 4.831930 1.820461 -0.978272
v 4.817245 2.051643 -0.973339
v 4.767949 2.471969 -0.935983
v 4.743186 2.402354 -0.942472
v 4.112242 2.459411 -0.935944
v 4.200272 2.063072 -0.976237
v 4.184629 2.395808 -0.942054
v 4.240730 2.072955 -0.973396
v 4.201063 1.831225 -0.979208
v 4.251747 1.861218 -0.978750
v 4.658298 1.818720 -0.671356
v 4.662412 2.033981 -0.669300
v 4.408128 1.820547 -0.671630
v 4.398335 2.033981 -0.669300
v 4.338524 2.406237 -0.635841
v 4.576102 2.400567 -0.635644
v 4.832592 1.819639 -0.671133
v 4.818436 2.048123 -0.666334
v 4.743580 2.396108 -0.635605
v 4.239046 2.068685 -0.666459
v 4.184340 2.389244 -0.635225
v 4.250683 1.860204 -0.671620
v -5.510986 0.692367 0.000000
v -5.527044 0.829158 0.565537
v -5.510986 0.692367 0.565537
v -5.460215 2.492107 0.537854
v -5.599284 2.033981 0.562797
v -5.604258 1.775047 0.564643
v -5.609115 1.522213 0.566445
v -5.599284 1.444556 0.565537
v -5.579387 1.275069 0.565537
v -5.563164 1.136863 0.565537
v -5.673191 0.829158 0.565537
v -5.657133 0.692367 0.000000
v -5.657133 0.692367 0.565537
v -5.606362 2.492107 0.537854
v -5.606362 2.487471 -0.000000
v -5.745430 2.033981 0.562797
v -5.750405 1.775047 0.564643
v -5.755262 1.522213 0.566445
v -5.745430 1.444556 0.565537
v -5.725533 1.275069 0.565537
v -5.709311 1.136863 0.565537
v -5.676284 0.855507 0.453885
v -5.662084 0.734543 0.000000
v -5.662084 0.734543 0.453885
v -5.649964 2.348745 0.434644
v -5.649557 2.346341 -0.000000
v -5.724927 2.063442 0.450545
v -5.750408 1.775519 0.453078
v -5.753007 1.548916 0.454605
v -5.743901 1.430424 0.453932
v -5.726100 1.279892 0.453885
v -5.706243 1.110732 0.453885
v -5.553640 0.855507 0.453885
v -5.550547 0.829158 -0.000000
v -5.539441 0.734543 -0.000000
v -5.539441 0.734543 0.453885
v -5.527320 2.348745 0.434644
v -5.526913 2.346341 -0.000000
v -5.602283 2.063442 0.450545
v -5.627765 1.775519 0.453078
v -5.632745 1.522032 -0.000000
v -5.622787 1.444556 -0.000000
v -5.630364 1.548916 0.454605
v -5.621257 1.430424 0.453932
v -5.602890 1.275069 0.000000
v -5.603457 1.279892 0.453885
v -5.586667 1.136863 0.000000
v -5.583600 1.110732 0.453885
v -5.559544 2.240340 0.337847
v -5.555232 2.243363 0.000000
v -5.594670 2.048131 0.342211
v -5.627557 1.765513 0.353900
v -5.630942 1.622431 0.000000
v -5.629560 1.614082 0.356154
v -5.608778 2.252945 0.339364
v -5.604466 2.255968 0.000000
v -5.644627 2.056230 0.343991
v -5.678314 1.767738 0.354991
v -5.681779 1.623288 0.000000
v -5.680398 1.614940 0.356293
v -5.608778 2.176222 0.282666
v -5.604466 2.178515 0.000000
v -5.644627 2.027044 0.286520
v -5.678314 1.808267 0.295683
v -5.681779 1.698726 0.000000
v -5.680398 1.692392 0.296767
v -5.568047 2.162553 0.281149
v -5.563735 2.164845 0.000000
v -5.630911 2.007474 0.000000
v -5.602886 2.018184 0.284721
v -5.635705 1.812911 0.000000
v -5.635450 1.805758 0.294570
v -5.638799 1.697756 0.000000
v -5.637418 1.691423 0.296622
v -5.618514 1.408149 0.325254
v -5.603097 1.276707 0.327353
v -5.603413 1.279524 0.407095
v -5.617651 1.399943 0.405004
v -5.589790 1.163463 0.329459
v -5.588005 1.148263 0.409201
v -5.691676 1.399533 0.325214
v -5.676260 1.268103 0.327336
v -5.676576 1.270920 0.407079
v -5.690814 1.391329 0.404964
v -5.662955 1.154871 0.329466
v -5.661170 1.139671 0.409208
v -5.691676 1.363369 0.344774
v -5.676260 1.304268 0.345882
v -5.676576 1.305535 0.387519
v -5.690814 1.359679 0.386414
v -5.673077 1.241016 0.348676
v -5.673247 1.242560 0.388577
v -5.665769 1.178854 0.349746
v -5.664793 1.170506 0.389648
v -5.757772 1.352238 0.344774
v -5.747625 1.315394 0.345882
v -5.747828 1.316183 0.387519
v -5.757239 1.349943 0.386414
v -5.731237 1.218925 0.348689
v -5.731339 1.219701 0.388590
v -5.726714 1.188044 0.349741
v -5.726114 1.183905 0.389641
v -5.776451 1.347063 0.344754
v -5.766304 1.322175 0.345863
v -5.766507 1.322965 0.387499
v -5.775918 1.344768 0.386395
v -5.799819 1.345573 0.344653
v -5.819342 1.319913 0.345762
v -5.819544 1.320702 0.387399
v -5.799286 1.343279 0.386294
v -5.865637 1.304274 0.344497
v -5.830903 1.278279 0.345605
v -5.831106 1.279068 0.387242
v -5.865104 1.301979 0.386138
v -5.754055 1.215590 0.348691
v -5.754157 1.216366 0.388592
v -5.749532 1.184708 0.349743
v -5.748932 1.180569 0.389643
v -5.800000 1.229467 0.348683
v -5.800102 1.230244 0.388585
v -5.795477 1.198586 0.349736
v -5.794877 1.194447 0.389635
v -5.844209 1.234294 0.344477
v -5.806282 1.238983 0.345585
v -5.807092 1.238897 0.387222
v -5.841861 1.234489 0.386118
v -5.802199 1.232840 0.388176
v -5.808972 1.206460 0.388580
v -5.810096 1.209298 0.348158
v -5.801885 1.232322 0.347754
v 5.346555 1.851287 -0.829580
v 5.349273 1.840845 -0.875328
v 5.349273 1.942364 -0.874477
v 5.343771 1.934772 -0.821511
v 6.169805 2.183691 -0.731986
v 6.082628 2.449795 -0.698553
v 6.160867 2.173915 -0.625897
v 6.073690 2.440019 -0.592464
v 6.199923 2.193130 -0.728579
v 6.112746 2.459234 -0.695146
v 6.190984 2.183353 -0.622490
v 6.103807 2.449458 -0.589057
v -5.286432 0.435825 0.911111
v -4.301540 0.429790 0.911111
v -5.285954 0.553238 0.911111
v -4.317128 0.547334 0.911111
v -5.264078 0.690861 0.911111
v -4.355062 0.685317 0.911111
v -4.429100 0.823718 0.911111
v -5.191528 0.827496 0.911111
v -5.119911 0.896154 0.911111
v -5.013969 0.957897 0.911111
v -4.884947 0.974462 0.911111
v -4.730443 0.966492 0.911111
v -4.573660 0.947752 0.911111
v -4.483735 0.882663 0.911111
v -5.338572 0.436143 0.911111
v -5.342308 0.553581 0.911111
v -5.333448 0.691284 0.911111
v -5.278073 0.827925 0.911111
v -4.358009 0.823366 0.911111
v -4.279098 0.684854 0.911111
v -4.250255 0.546927 0.911111
v -4.245694 0.429449 0.911111
v -5.158104 0.946636 0.911111
v -5.022522 1.016491 0.911111
v -4.892220 1.047184 0.911111
v -4.752620 1.037531 0.911111
v -4.583558 0.999648 0.911111
v -4.472441 0.935610 0.911111
v -5.072632 1.135666 0.911111
v -5.085441 1.274410 0.911111
v -5.101150 1.444556 0.911111
v -5.108912 1.522199 0.912558
v -5.105077 1.775042 0.909662
v -4.747336 1.815247 0.909201
v -4.736090 1.816510 0.909186
v -4.735984 1.814071 0.777277
v -4.739273 2.051666 0.771762
v -4.655530 2.418431 0.740562
v -4.619640 2.575615 0.727191
v -4.619747 2.586747 0.858653
v -4.629639 2.590025 0.858368
v -4.944297 2.694297 0.849289
v -4.944296 2.687673 0.000000
v -5.266493 0.435703 0.000000
v -4.753580 2.690118 0.000000
v -4.753581 2.696742 0.849289
v -4.466276 2.591961 0.858376
v -4.457243 2.588667 0.858662
v -4.457142 2.577538 0.727199
v -4.491417 2.418967 0.740674
v -4.571393 2.048961 0.772115
v -4.561558 1.814119 0.777273
v -4.561658 1.816510 0.909184
v -4.571863 1.815247 0.909198
v -4.896447 1.775038 0.909659
v -4.899854 1.522194 0.912551
v -4.892957 1.444556 0.911111
v -4.878998 1.274134 0.911111
v -4.867617 1.135166 0.911111
v -4.665010 2.691253 0.000000
v -4.665010 2.697877 0.849289
v -4.390409 2.592860 0.858379
v -4.381776 2.589558 0.858665
v -4.381677 2.578432 0.727202
v -4.415202 2.419213 0.740725
v -4.493429 2.047705 0.772278
v -4.480554 1.814138 0.777271
v -4.480651 1.816510 0.909182
v -4.490372 1.815247 0.909197
v -4.799557 1.775038 0.909657
v -4.802766 1.522189 0.912548
v -4.796271 1.444556 0.911111
v -4.783125 1.274006 0.911111
v -4.772406 1.134934 0.911111
v -4.508473 2.693260 -0.000000
v -4.508474 2.699884 0.849289
v -4.256323 2.594448 0.858386
v -4.248396 2.591133 0.858672
v -4.248301 2.580010 0.727209
v -4.280501 2.419654 0.740817
v -4.355636 2.045485 0.772568
v -4.337388 1.814175 0.777268
v -4.337481 1.816510 0.909180
v -4.346346 1.815247 0.909194
v -4.628316 1.775034 0.909654
v -4.631175 1.522186 0.912542
v -4.625389 1.444556 0.911111
v -4.613680 1.273780 0.911111
v -4.604132 1.134524 0.911111
v -4.356004 2.695215 -0.000000
v -4.356005 2.701838 0.849289
v -4.125721 2.595995 0.858393
v -4.118482 2.592667 0.858679
v -4.118391 2.581546 0.727216
v -4.149301 2.420080 0.740906
v -4.221424 2.043322 0.772850
v -4.197942 1.814213 0.777266
v -4.198031 1.816510 0.909178
v -4.206062 1.815247 0.909192
v -4.461525 1.775030 0.909651
v -4.464043 1.522179 0.912537
v -4.458949 1.444556 0.911111
v -4.448638 1.273560 0.911111
v -4.440232 1.134124 0.911111
v -4.325646 0.429939 -0.000000
v -4.263402 2.696401 -0.000000
v -4.263403 2.703025 0.849289
v -4.046401 2.596935 0.858396
v -4.039578 2.593600 0.858683
v -4.039490 2.582480 0.727219
v -4.069615 2.420340 0.740960
v -4.139910 2.042009 0.773021
v -4.113249 1.814234 0.777264
v -4.113336 1.816510 0.909177
v -4.120861 1.815247 0.909191
v -4.360225 1.775029 0.909650
v -4.362535 1.522178 0.912534
v -4.357860 1.444556 0.911111
v -4.348401 1.273426 0.911111
v -4.340687 1.133881 0.911111
v -5.193882 1.135962 0.911111
v -5.207534 1.274573 0.911111
v -5.224278 1.444556 0.911111
v -5.232552 1.522203 0.912562
v -5.228465 1.775042 0.909664
v -4.851115 1.815247 0.909203
v -4.839252 1.816510 0.909188
v -4.839143 1.814044 0.777278
v -4.838560 2.053266 0.771553
v -4.752589 2.418115 0.740496
v -4.715744 2.574478 0.727186
v -4.715854 2.585612 0.858648
v -4.726255 2.588881 0.858363
v -5.057089 2.692851 0.849289
v -5.057089 2.686228 0.000000
v -5.308986 1.136243 0.911111
v -5.323439 1.274727 0.911111
v -5.341166 1.444556 0.911111
v -5.349925 1.522206 0.912566
v -5.345598 1.775045 0.909666
v -4.949633 1.815247 0.909204
v -4.937184 1.816510 0.909190
v -4.937073 1.814020 0.777280
v -4.932814 2.054785 0.771355
v -4.844728 2.417815 0.740434
v -4.806977 2.573399 0.727182
v -4.807089 2.584534 0.858644
v -4.817974 2.587794 0.858359
v -5.164165 2.691478 0.849289
v -5.164165 2.684855 0.000000
v -4.349107 0.823322 0.911111
v -4.349511 0.808449 0.911111
v -5.286432 0.435825 1.002205
v -5.285954 0.553238 1.002205
v -5.342308 0.553581 1.002205
v -5.338572 0.436143 1.002205
v -5.264078 0.690861 1.002205
v -5.333448 0.691284 1.002205
v -5.278073 0.827925 1.002205
v -5.191528 0.827496 1.002205
v -4.472441 0.935610 1.002205
v -4.358009 0.823366 1.002205
v -4.483735 0.882663 1.002205
v -4.429100 0.823718 1.002205
v -4.355062 0.685317 1.002205
v -4.279098 0.684854 1.002205
v -4.349511 0.808449 1.002205
v -4.250255 0.546927 1.002205
v -4.317128 0.547334 1.002205
v -4.245694 0.429449 1.002205
v -4.301540 0.429790 1.002205
v -5.158104 0.946636 1.002205
v -5.119911 0.896154 1.002205
v -5.022522 1.016491 1.002205
v -5.013969 0.957897 1.002205
v -4.892220 1.047184 1.002205
v -4.884947 0.974462 1.002205
v -4.752620 1.037531 1.002205
v -4.730443 0.966492 1.002205
v -4.583558 0.999648 1.002205
v -4.573660 0.947752 1.002205
v -4.217981 0.429279 -0.000000
v -4.160325 2.697723 -0.000000
v -4.160325 2.704347 0.849289
v -3.958106 2.597981 0.858401
v -3.951749 2.594636 0.858687
v -3.951664 2.583519 0.727224
v -3.980917 2.420628 0.741020
v -4.049174 2.040547 0.773212
v -4.018976 1.814261 0.777262
v -4.019060 1.816510 0.909175
v -4.026021 1.815247 0.909189
v -4.247465 1.775027 0.909648
v -4.249544 1.522174 0.912530
v -4.245337 1.444556 0.911111
v -4.236823 1.273278 0.911111
v -4.229881 1.133611 0.911111
v -4.237459 0.822769 0.911111
v -5.510986 0.692367 -0.911111
v -5.333448 0.691284 -0.911111
v -5.278073 0.827925 -0.911111
v -5.527044 0.829158 -0.911111
v -5.400615 2.688447 -0.849289
v -5.164165 2.691478 -0.849289
v -5.338572 0.436143 -0.911111
v -5.513465 0.437214 -0.911111
v -5.553640 0.855507 -0.453885
v -5.539441 0.734543 -0.453885
v -5.568047 2.162553 -0.281149
v -5.602886 2.018184 -0.284721
v -5.101385 2.069747 -0.699753
v -4.909660 2.066656 -0.699753
v -4.828521 2.401060 -0.699753
v -5.015944 2.400449 -0.699753
v -5.635450 1.805758 -0.294570
v -5.112785 1.844823 -0.699753
v -4.913584 1.844875 -0.699753
v -5.342308 0.553581 -0.911111
v -5.519610 0.554661 -0.911111
v -5.579055 0.613626 -0.911111
v -5.632675 0.554661 -0.911111
v -5.626531 0.437214 -0.911111
v -5.630364 1.548916 -0.454605
v -5.621257 1.430424 -0.453932
v -5.599284 1.444556 -0.911111
v -5.341166 1.444556 -0.911111
v -5.349925 1.522206 -0.912566
v -5.609115 1.522213 -0.912574
v -5.637418 1.691423 -0.296622
v -5.345598 1.775045 -0.909666
v -5.604258 1.775047 -0.909670
v -4.817974 2.587794 -0.858359
v -5.020512 2.585395 -0.858349
v -5.155036 2.064038 -0.902728
v -5.060868 2.428988 -0.871663
v -5.460215 2.492107 -0.866511
v -5.599284 2.033981 -0.906695
v -4.949633 1.815247 -0.909204
v -5.167185 1.815247 -0.909208
v -4.793746 2.565847 -0.699753
v -4.807089 2.596710 -0.858644
v -5.008561 2.596710 -0.858633
v -4.979325 2.565847 -0.699753
v -5.048314 2.427003 -0.871824
v -5.141069 2.064983 -0.902603
v -5.153444 1.816510 -0.909193
v -4.937184 1.816510 -0.909190
v -5.579387 1.275069 -0.911111
v -5.323439 1.274727 -0.911111
v -5.583600 1.110732 -0.453885
v -4.229881 1.133611 -0.911111
v -4.237459 0.822769 -0.911111
v -3.232625 0.817790 -0.911111
v -3.232625 1.131178 -0.911111
v -5.563164 1.136863 -0.911111
v -5.308986 1.136243 -0.911111
v -5.510986 0.692367 -0.565537
v -5.527044 0.829158 -0.565537
v -5.460215 2.492107 -0.537854
v -5.599284 2.033981 -0.562797
v -5.604258 1.775047 -0.564643
v -5.609115 1.522213 -0.566445
v -5.599284 1.444556 -0.565537
v -5.579387 1.275069 -0.565537
v -5.563164 1.136863 -0.565537
v -5.657133 0.692367 -0.565537
v -5.673191 0.829158 -0.565537
v -5.606362 2.492107 -0.537854
v -5.745430 2.033981 -0.562797
v -5.750405 1.775047 -0.564643
v -5.755262 1.522213 -0.566445
v -5.745430 1.444556 -0.565537
v -5.725533 1.275069 -0.565537
v -5.709311 1.136863 -0.565537
v -5.662084 0.734543 -0.453885
v -5.676284 0.855507 -0.453885
v -5.649964 2.348745 -0.434644
v -5.724927 2.063442 -0.450545
v -5.750408 1.775519 -0.453078
v -5.753007 1.548916 -0.454605
v -5.743901 1.430424 -0.453932
v -5.726100 1.279892 -0.453885
v -5.706243 1.110732 -0.453885
v -5.527320 2.348745 -0.434644
v -5.602283 2.063442 -0.450545
v -5.627765 1.775519 -0.453078
v -5.603457 1.279892 -0.453885
v -5.559544 2.240340 -0.337847
v -5.594670 2.048131 -0.342211
v -5.627557 1.765513 -0.353900
v -5.629560 1.614082 -0.356154
v -5.608778 2.252945 -0.339364
v -5.644627 2.056230 -0.343991
v -5.678314 1.767738 -0.354991
v -5.680398 1.614940 -0.356293
v -5.608778 2.176222 -0.282666
v -5.644627 2.027044 -0.286520
v -5.678314 1.808267 -0.295683
v -5.680398 1.692392 -0.296767
v -5.603097 1.276707 -0.327353
v -5.618514 1.408149 -0.325254
v -5.617651 1.399943 -0.405004
v -5.603413 1.279524 -0.407095
v -5.589790 1.163463 -0.329459
v -5.588005 1.148263 -0.409201
v -5.676260 1.268103 -0.327336
v -5.691676 1.399533 -0.325214
v -5.690814 1.391329 -0.404964
v -5.676576 1.270920 -0.407079
v -5.662955 1.154871 -0.329466
v -5.661170 1.139671 -0.409208
v -5.676260 1.304268 -0.345882
v -5.691676 1.363369 -0.344774
v -5.676576 1.305535 -0.387519
v -5.690814 1.359679 -0.386414
v -5.673077 1.241016 -0.348676
v -5.673247 1.242560 -0.388577
v -5.665769 1.178854 -0.349746
v -5.664793 1.170506 -0.389648
v -5.747625 1.315394 -0.345882
v -5.757772 1.352238 -0.344774
v -5.747828 1.316183 -0.387519
v -5.757239 1.349943 -0.386414
v -5.731237 1.218925 -0.348689
v -5.731339 1.219701 -0.388590
v -5.726714 1.188044 -0.349741
v -5.726114 1.183905 -0.389641
v -5.766304 1.322175 -0.345863
v -5.776451 1.347063 -0.344754
v -5.766507 1.322965 -0.387499
v -5.775918 1.344768 -0.386395
v -5.819342 1.319913 -0.345762
v -5.799819 1.345573 -0.344653
v -5.819544 1.320702 -0.387399
v -5.799286 1.343279 -0.386294
v -5.830903 1.278279 -0.345605
v -5.865637 1.304274 -0.344497
v -5.831106 1.279068 -0.387242
v -5.865104 1.301979 -0.386138
v -5.754055 1.215590 -0.348691
v -5.754157 1.216366 -0.388592
v -5.749532 1.184708 -0.349743
v -5.748932 1.180569 -0.389643
v -5.800000 1.229467 -0.348683
v -5.800102 1.230244 -0.388585
v -5.795477 1.198586 -0.349736
v -5.794877 1.194447 -0.389635
v -5.806282 1.238983 -0.345585
v -5.844209 1.234294 -0.344477
v -5.807092 1.238897 -0.387222
v -5.841861 1.234489 -0.386118
v -5.801885 1.232322 -0.347754
v -5.802199 1.232840 -0.388176
v -5.810096 1.209298 -0.348158
v -5.808972 1.206460 -0.388580
v -3.241462 0.540780 -0.911111
v -4.250255 0.546927 -0.911111
v -4.245694 0.429449 -0.911111
v -3.248997 0.423340 -0.911111
v -3.232625 0.678472 -0.911111
v -4.279098 0.684854 -0.911111
v -4.349107 0.823322 -0.911111
v -4.349511 0.808449 -0.911111
v -5.286432 0.435825 -1.002205
v -5.285954 0.553238 -1.002205
v -5.342308 0.553581 -1.002205
v -5.338572 0.436143 -1.002205
v -5.264078 0.690861 -1.002205
v -5.333448 0.691284 -1.002205
v -5.278073 0.827925 -1.002205
v -5.191528 0.827496 -1.002205
v -4.358009 0.823366 -1.002205
v -4.472441 0.935610 -1.002205
v -4.483735 0.882663 -1.002205
v -4.429100 0.823718 -1.002205
v -4.355062 0.685317 -1.002205
v -4.279098 0.684854 -1.002205
v -4.349511 0.808449 -1.002205
v -4.250255 0.546927 -1.002205
v -4.317128 0.547334 -1.002205
v -4.245694 0.429449 -1.002205
v -4.301540 0.429790 -1.002205
v -5.119911 0.896154 -1.002205
v -5.158104 0.946636 -1.002205
v -5.013969 0.957897 -1.002205
v -5.022522 1.016491 -1.002205
v -4.884947 0.974462 -1.002205
v -4.892220 1.047184 -1.002205
v -4.730443 0.966492 -1.002205
v -4.752620 1.037531 -1.002205
v -4.573660 0.947752 -1.002205
v -4.583558 0.999648 -1.002205
v -4.236823 1.273278 -0.911111
v -3.232625 1.271938 -0.911111
v -4.245337 1.444556 -0.911111
v -3.232625 1.444556 -0.911111
v -4.249544 1.522174 -0.912530
v -3.232625 1.522143 -0.912497
v -4.247465 1.775027 -0.909648
v -3.232625 1.775012 -0.909631
v -4.026021 1.815247 -0.909189
v -4.000419 1.816510 -0.909175
v -4.000419 1.814261 -0.628689
v -4.000420 2.040547 -0.628689
v -4.000419 2.420628 -0.628689
v -4.000419 2.596710 -0.628689
v -3.951749 2.596710 -0.858687
v -3.958106 2.597981 -0.858401
v -3.232625 2.716238 -0.849289
v -4.160325 2.704347 -0.849289
v -3.232625 2.709614 -0.000000
v -4.944297 2.694297 -0.849289
v -4.753581 2.696742 -0.849289
v -4.466276 2.591961 -0.858376
v -4.629639 2.590025 -0.858368
v -4.457243 2.596710 -0.858662
v -4.619747 2.596710 -0.858653
v -4.471498 2.565847 -0.690870
v -4.621182 2.565847 -0.699753
v -4.654242 2.401628 -0.699753
v -4.503070 2.402120 -0.690870
v -4.731381 2.063784 -0.699753
v -4.576740 2.061292 -0.690870
v -4.728352 1.844925 -0.699753
v -4.567680 1.844966 -0.690870
v -4.736090 1.816510 -0.909186
v -4.561658 1.816510 -0.909184
v -4.747336 1.815247 -0.909201
v -4.571863 1.815247 -0.909198
v -5.105077 1.775042 -0.909662
v -4.896447 1.775038 -0.909659
v -5.108912 1.522199 -0.912558
v -4.899854 1.522194 -0.912551
v -5.101150 1.444556 -0.911111
v -4.892957 1.444556 -0.911111
v -5.085441 1.274410 -0.911111
v -4.878998 1.274134 -0.911111
v -5.072632 1.135666 -0.911111
v -4.867617 1.135166 -0.911111
v -4.665010 2.697877 -0.849289
v -4.390409 2.592860 -0.858379
v -4.381776 2.596710 -0.858665
v -4.401983 2.565847 -0.690870
v -4.432865 2.402348 -0.690870
v -4.504923 2.060135 -0.690870
v -4.493063 1.844986 -0.690870
v -4.480651 1.816510 -0.909182
v -4.490372 1.815247 -0.909197
v -4.799557 1.775038 -0.909657
v -4.802766 1.522189 -0.912548
v -4.796271 1.444556 -0.911111
v -4.783125 1.274006 -0.911111
v -4.772406 1.134934 -0.911111
v -4.508474 2.699884 -0.849289
v -4.256323 2.594448 -0.858386
v -4.248396 2.596710 -0.858672
v -4.279125 2.565848 -0.681987
v -4.308786 2.402752 -0.681987
v -4.377995 2.058090 -0.681987
v -4.361187 1.845020 -0.681987
v -4.337481 1.816510 -0.909180
v -4.346346 1.815247 -0.909194
v -4.628316 1.775034 -0.909654
v -4.631175 1.522186 -0.912542
v -4.625389 1.444556 -0.911111
v -4.613680 1.273780 -0.911111
v -4.604132 1.134524 -0.911111
v -4.356005 2.701838 -0.849289
v -4.125721 2.595995 -0.858393
v -4.118482 2.596710 -0.858679
v -4.212800 2.565848 -0.646456
v -4.212800 2.403146 -0.646456
v -4.212801 2.056098 -0.664222
v -4.212801 1.845055 -0.664221
v -4.198031 1.816510 -0.909178
v -4.206062 1.815247 -0.909192
v -4.461525 1.775030 -0.909651
v -4.464043 1.522179 -0.912537
v -4.458949 1.444556 -0.911111
v -4.448638 1.273560 -0.911111
v -4.440232 1.134124 -0.911111
v -4.263403 2.703025 -0.849289
v -4.046401 2.596935 -0.858396
v -4.039578 2.596710 -0.858683
v -4.063362 2.596710 -0.646455
v -4.063362 2.420340 -0.646455
v -4.063363 2.042009 -0.628689
v -4.088349 1.814234 -0.628689
v -4.088349 1.816510 -0.909177
v -4.120861 1.815247 -0.909191
v -4.360225 1.775029 -0.909650
v -4.362535 1.522178 -0.912534
v -4.357860 1.444556 -0.911111
v -4.348401 1.273426 -0.911111
v -4.340687 1.133881 -0.911111
v -5.207534 1.274573 -0.911111
v -5.193882 1.135962 -0.911111
v -5.224278 1.444556 -0.911111
v -5.232552 1.522203 -0.912562
v -5.228465 1.775042 -0.909664
v -4.851115 1.815247 -0.909203
v -4.839252 1.816510 -0.909188
v -4.823377 1.844899 -0.699753
v -4.822839 2.065258 -0.699753
v -4.743647 2.401336 -0.699753
v -4.709708 2.565847 -0.699753
v -4.715854 2.596710 -0.858648
v -4.726255 2.588881 -0.858363
v -5.057089 2.692851 -0.849289
v -4.472441 0.935610 -0.911111
v -4.358009 0.823366 -0.911111
v -4.583558 0.999648 -0.911111
v -4.752620 1.037531 -0.911111
v -4.892220 1.047184 -0.911111
v -5.022522 1.016491 -0.911111
v -5.158104 0.946636 -0.911111
v -5.286432 0.435825 -0.911111
v -5.285954 0.553238 -0.911111
v -5.264078 0.690861 -0.911111
v -5.191528 0.827496 -0.911111
v -4.483735 0.882663 -0.911111
v -4.429100 0.823718 -0.911111
v -4.355062 0.685317 -0.911111
v -4.317128 0.547334 -0.911111
v -4.301540 0.429790 -0.911111
v -5.119911 0.896154 -0.911111
v -5.013969 0.957897 -0.911111
v -4.884947 0.974462 -0.911111
v -4.730443 0.966492 -0.911111
v -4.573660 0.947752 -0.911111
v 4.884527 2.157161 0.874631
v 4.929071 2.161800 1.047124
v 4.801787 2.161847 1.049143
v 4.724787 2.158007 0.938733
v 4.507508 2.160414 0.938913
v 4.508559 2.164253 1.049322
v 4.364704 2.164295 1.051356
v 4.327849 2.164295 0.879962
v 4.336509 2.164295 0.762307
v 4.199579 2.161472 0.762907
v 4.031043 2.162939 0.762902
v 3.821268 2.164764 0.762896
v 3.659134 2.166175 0.762891
v 3.524023 2.167351 0.762887
v 3.456467 2.167939 0.762885
v 3.355134 2.168820 0.762882
v 3.108839 2.171217 0.762816
v 1.317985 2.173709 0.762817
v -0.245836 2.171506 0.762793
v -3.214523 2.170362 0.762876
v -4.024520 2.177829 0.761584
v -4.114520 2.178658 0.761441
v -4.195374 2.179403 0.761312
v -4.328498 2.180630 0.761100
v -4.465174 2.181890 0.760882
v -4.542507 2.182603 0.760758
v -4.709026 2.184138 0.760493
v -4.807508 2.185046 0.760336
v -4.900999 2.185909 0.760187
v -5.107449 2.187811 0.759857
v -5.107567 2.195742 0.891486
v -5.121024 2.195854 0.891507
v -5.549054 2.199452 0.892181
v -5.549054 2.199452 0.553788
v -5.695200 2.199452 0.553788
v -5.697851 2.166491 0.444802
v -5.575207 2.166491 0.444802
v -5.581984 2.117557 0.340635
v -5.631679 2.127282 0.342320
v -5.631679 2.080926 0.285128
v -5.590303 2.070329 0.283431
v -5.606648 2.064315 0.000000
v -5.590303 2.070329 -0.283431
v -5.631679 2.080926 -0.285128
v -5.631679 2.127282 -0.342320
v -5.581984 2.117557 -0.340635
v -5.575207 2.166491 -0.444802
v -5.697851 2.166491 -0.444802
v -5.695200 2.199452 -0.553788
v -5.549054 2.199452 -0.553788
v -5.549054 2.199452 -0.892181
v -5.121024 2.195854 -0.891507
v -5.107567 2.195742 -0.891486
v -5.070525 2.189193 -0.699753
v -4.880354 2.187440 -0.699753
v -4.794236 2.186646 -0.699753
v -4.703519 2.185810 -0.699753
v -4.550131 2.184396 -0.690870
v -4.478897 2.183739 -0.690870
v -4.352998 2.182579 -0.681987
v -4.212801 2.181448 -0.664222
v -4.063362 2.178658 -0.628689
v -4.000419 2.177829 -0.628689
v 5.101276 0.855266 0.445041
v 5.101276 0.661991 0.445041
v 5.265307 0.650163 0.455556
v 5.255382 0.512543 0.455556
v 5.246917 0.395166 0.455556
v 5.082886 0.406996 0.455556
v 5.053339 0.407467 0.455556
v 4.896449 0.409968 0.455556
v 4.837988 0.410904 0.455556
v 4.629880 0.414214 0.455556
v 4.479935 0.416598 0.455556
v 4.318843 0.419163 0.455556
v 4.230378 0.420572 0.455556
v 3.133839 0.437165 0.455556
v 1.295397 0.411721 0.455556
v -0.223921 0.395430 0.455556
v -3.248997 0.423340 -0.455556
v -0.223921 0.395430 -0.455556
v 1.295397 0.411721 -0.455556
v 3.133839 0.437165 -0.455556
v 4.230378 0.420572 -0.455556
v 4.318843 0.419163 -0.455556
v 4.545516 0.415555 -0.455556
v 4.679153 0.413433 -0.455556
v 4.864625 0.410478 -0.455556
v 4.916727 0.409649 -0.455556
v 5.053339 0.407467 -0.455556
v 5.082886 0.406996 -0.455556
v 5.246917 0.395166 -0.455556
v 5.255382 0.512543 -0.455556
v 5.265307 0.650163 -0.455556
v 5.101276 0.661991 -0.455556
v 5.101276 0.858827 -0.455556
v -5.548245 2.202116 0.891948
v -5.549491 2.198008 -0.892308
v -4.174450 0.684216 -0.911111
v -4.149375 0.546312 -0.911111
v -4.146025 0.428838 -0.911111
v -4.056244 0.428288 -0.000000
v -3.965155 0.682939 0.911111
v -3.947617 0.545083 0.911111
v -3.946685 0.427616 0.911111
v -3.882015 2.707914 0.849289
v -3.719712 2.600806 0.858412
v -3.714610 2.597437 0.858699
v -3.714532 2.586325 0.727235
v -3.741429 2.421407 0.741183
v -3.781521 2.175589 0.761972
v -3.804189 2.036601 0.773727
v -3.764437 1.814328 0.777257
v -3.764514 1.816510 0.909171
v -3.769954 1.815246 0.909185
v -3.943013 1.775022 0.909643
v -3.944469 1.522165 0.912520
v -3.941523 1.444556 0.911111
v -3.935564 1.272876 0.911111
v -3.930704 1.132881 0.911111
v -3.936009 0.821275 0.911111
v -5.579055 0.613626 -0.598343
v -5.632675 0.554661 -0.611819
v -5.626531 0.437214 -0.584556
v -5.513465 0.437214 -0.547172
v -5.308153 0.435958 -0.526591
v -5.277951 0.435773 -0.523564
v -4.314482 0.429870 -0.421972
v -4.230547 0.429356 -0.413121
v -4.095751 0.428530 -0.400928
v -3.248997 0.423340 0.458478
v -3.248997 0.423340 0.459056
v -4.005242 0.427975 0.424144
v -3.236844 0.423229 0.459041
v -4.314494 0.429870 0.421509
v -4.230824 0.429358 0.422222
v -5.515467 0.620818 0.911111
v -5.275016 0.622049 0.911111
v -5.275016 0.622049 1.002205
v -5.337878 0.622433 1.002205
v -5.337878 0.622433 0.911111
v -5.579055 0.613626 0.546667
v -5.632675 0.554661 0.546667
v -5.626531 0.437214 0.546667
v -5.513465 0.437214 0.546667
v -5.309740 0.435967 0.546667
v 4.343424 0.631496 -1.020275
v 4.279169 0.772040 -1.023607
v 4.174636 0.885831 -1.027539
v 4.040052 0.961738 -1.031686
v 3.888596 0.992323 -1.035643
v 3.735085 0.974597 -1.039023
v 3.594546 0.910293 -1.041494
v 3.480747 0.805705 -1.042815
v 3.404816 0.671074 -1.042856
v 3.374189 0.519575 -1.041614
v 3.391863 0.366041 -1.039210
v 3.456115 0.225497 -1.035878
v 3.560643 0.111704 -1.031946
v 3.695226 0.035800 -1.027799
v 3.846686 0.005214 -1.023841
v 4.000197 0.022941 -1.020462
v 4.140734 0.087244 -1.017990
v 4.254536 0.191831 -1.016670
v 4.330468 0.326463 -1.016628
v 4.361094 0.477962 -1.017871
v 4.333063 0.637205 -0.579613
v 4.268807 0.777748 -0.582945
v 4.164274 0.891540 -0.586877
v 4.029692 0.967446 -0.591025
v 3.878235 0.998031 -0.594982
v 3.724721 0.980306 -0.598362
v 3.584185 0.916000 -0.600832
v 3.470384 0.811414 -0.602154
v 3.394456 0.676781 -0.602195
v 3.363825 0.525285 -0.600953
v 3.381502 0.371749 -0.598548
v 3.445755 0.231206 -0.595217
v 3.550286 0.117413 -0.591285
v 3.684865 0.041509 -0.587137
v 3.836327 0.010923 -0.583179
v 3.989836 0.028649 -0.579800
v 4.130372 0.092952 -0.577329
v 4.244174 0.197540 -0.576008
v 4.320113 0.332171 -0.575966
v 4.350732 0.483669 -0.577209
v 4.115831 0.583141 -0.584021
v 4.081201 0.665423 -0.585901
v 4.024658 0.731953 -0.588092
v 3.951723 0.776214 -0.590380
v 3.869542 0.793875 -0.592541
v 3.786164 0.783208 -0.594364
v 3.709752 0.745257 -0.595668
v 3.647773 0.683738 -0.596329
v 3.606306 0.604671 -0.596280
v 3.589410 0.515796 -0.595526
v 3.598731 0.425812 -0.594141
v 3.633361 0.343530 -0.592261
v 3.689910 0.277002 -0.590069
v 3.762838 0.232741 -0.587781
v 3.845019 0.215079 -0.585620
v 3.928397 0.225745 -0.583798
v 4.004810 0.263697 -0.582493
v 4.066784 0.325216 -0.581833
v 4.108258 0.404283 -0.581882
v 4.125152 0.493159 -0.582636
v 4.117819 0.582047 -0.668523
v 4.083188 0.664329 -0.670403
v 4.026642 0.730858 -0.672594
v 3.953706 0.775119 -0.674883
v 3.871529 0.792781 -0.677044
v 3.788151 0.782114 -0.678866
v 3.711738 0.744163 -0.680171
v 3.649762 0.682643 -0.680831
v 3.608299 0.603575 -0.680782
v 3.591397 0.514701 -0.680028
v 3.600714 0.424718 -0.678643
v 3.635344 0.342436 -0.676763
v 3.691893 0.275908 -0.674572
v 3.764829 0.231646 -0.672283
v 3.847006 0.213984 -0.670122
v 3.930384 0.224651 -0.668300
v 4.006804 0.262601 -0.666995
v 4.068771 0.324121 -0.666335
v 4.110237 0.403189 -0.666384
v 4.127146 0.492064 -0.667138
v 4.172681 0.487531 -1.022425
v 4.161748 0.570354 -1.023755
v 4.153759 0.405808 -1.021811
v 4.106822 0.333184 -1.021974
v 4.036483 0.276769 -1.022897
v 3.949607 0.242085 -1.024490
v 3.854712 0.232526 -1.026597
v 3.761086 0.249030 -1.029013
v 3.677885 0.289980 -1.031499
v 3.613264 0.351367 -1.033814
v 3.573537 0.427182 -1.035730
v 3.562606 0.510006 -1.037060
v 3.581530 0.591729 -1.037674
v 3.628462 0.664353 -1.037511
v 3.698802 0.720767 -1.036588
v 3.785674 0.755452 -1.034995
v 3.880567 0.765011 -1.032887
v 3.974202 0.748507 -1.030472
v 4.057395 0.707557 -1.027986
v 4.122022 0.646170 -1.025671
v 4.170857 0.488537 -0.944739
v 4.159916 0.571361 -0.946069
v 4.151927 0.406814 -0.944125
v 4.105000 0.334190 -0.944288
v 4.034651 0.277775 -0.945211
v 3.947783 0.243091 -0.946804
v 3.852887 0.233533 -0.948911
v 3.759257 0.250036 -0.951327
v 3.676061 0.290986 -0.953813
v 3.611437 0.352373 -0.956128
v 3.571711 0.428190 -0.958044
v 3.560779 0.511013 -0.959374
v 3.579701 0.592735 -0.959988
v 3.626632 0.665360 -0.959825
v 3.696975 0.721775 -0.958902
v 3.783849 0.756459 -0.957309
v 3.878743 0.766017 -0.955201
v 3.972373 0.749513 -0.952786
v 4.055574 0.708564 -0.950299
v 4.120193 0.647177 -0.947985
v 4.361993 0.477469 -1.055867
v 4.344312 0.631004 -1.058272
v 4.173574 0.487038 -1.060421
v 4.162641 0.569861 -1.061751
v 4.331361 0.325971 -1.054625
v 4.154647 0.405316 -1.059807
v 4.255435 0.191339 -1.054666
v 4.107715 0.332691 -1.059970
v 4.141625 0.086752 -1.055987
v 4.037371 0.276277 -1.060893
v 4.001091 0.022449 -1.058458
v 3.950503 0.241592 -1.062486
v 3.847579 0.004722 -1.061838
v 3.855605 0.232034 -1.064594
v 3.696122 0.035308 -1.065795
v 3.761980 0.248537 -1.067009
v 3.561540 0.111212 -1.069943
v 3.678781 0.289487 -1.069496
v 3.457006 0.225005 -1.073875
v 3.614158 0.350875 -1.071810
v 3.392756 0.365549 -1.077206
v 3.574431 0.426690 -1.073726
v 3.375083 0.519083 -1.079611
v 3.563499 0.509514 -1.075056
v 3.405707 0.670581 -1.080853
v 3.582421 0.591237 -1.075670
v 3.481640 0.805213 -1.080812
v 3.629354 0.663860 -1.075507
v 3.595442 0.909801 -1.079491
v 3.699697 0.720276 -1.074584
v 3.735979 0.974104 -1.077020
v 3.786569 0.754959 -1.072991
v 3.889487 0.991832 -1.073640
v 3.881461 0.764519 -1.070884
v 4.040950 0.961245 -1.069682
v 3.975090 0.748015 -1.068469
v 4.175535 0.885339 -1.065535
v 4.058290 0.707066 -1.065982
v 4.280062 0.771548 -1.061603
v 4.122913 0.645679 -1.063667
v 4.332244 0.637653 -0.544969
v 4.267993 0.778197 -0.548300
v 4.080387 0.665873 -0.551256
v 4.115023 0.583590 -0.549376
v 4.163465 0.891990 -0.552232
v 4.023840 0.732401 -0.553447
v 4.028883 0.967895 -0.556379
v 3.950907 0.776662 -0.555735
v 3.877421 0.998479 -0.560337
v 3.868729 0.794324 -0.557896
v 3.723908 0.980754 -0.563717
v 3.785350 0.783657 -0.559718
v 3.583371 0.916449 -0.566188
v 3.708937 0.745706 -0.561023
v 3.469572 0.811863 -0.567509
v 3.646958 0.684187 -0.561684
v 3.393641 0.677231 -0.567550
v 3.605491 0.605119 -0.561634
v 3.363013 0.525733 -0.566308
v 3.588595 0.516244 -0.560880
v 3.380687 0.372197 -0.563903
v 3.597916 0.426261 -0.559496
v 3.444937 0.231655 -0.560572
v 3.632544 0.343978 -0.557616
v 3.549469 0.117862 -0.556639
v 3.689095 0.277450 -0.555424
v 3.684055 0.041957 -0.552492
v 3.762024 0.233190 -0.553136
v 3.835515 0.011371 -0.548534
v 3.844205 0.215528 -0.550975
v 3.989026 0.029098 -0.545155
v 3.927582 0.226194 -0.549153
v 4.129562 0.093401 -0.542684
v 4.003995 0.264145 -0.547848
v 4.243365 0.197988 -0.541363
v 4.065974 0.325665 -0.547188
v 4.319294 0.332620 -0.541321
v 4.107444 0.404732 -0.547237
v 4.349918 0.484119 -0.542564
v 4.124338 0.493608 -0.547991
v -4.358195 0.637435 0.648226
v -4.422540 0.777977 0.648609
v -4.527143 0.891766 0.647625
v -4.661773 0.967672 0.645370
v -4.813244 0.998257 0.642065
v -4.966740 0.980531 0.638033
v -5.107233 0.916228 0.633669
v -5.220962 0.811642 0.629401
v -5.296803 0.677013 0.625645
v -5.327330 0.525516 0.622770
v -5.309558 0.371984 0.621057
v -5.245216 0.231442 0.620674
v -5.140617 0.117650 0.621659
v -5.005989 0.041748 0.623914
v -4.854513 0.011162 0.627219
v -4.701017 0.028888 0.631251
v -4.560526 0.093191 0.635615
v -4.446795 0.197776 0.639883
v -4.370953 0.332406 0.643639
v -4.340425 0.483903 0.646514
v -4.369056 0.631262 1.088870
v -4.433402 0.771803 1.089253
v -4.538005 0.885594 1.088268
v -4.672633 0.961499 1.086013
v -4.824106 0.992083 1.082708
v -4.977604 0.974358 1.078676
v -5.118094 0.910054 1.074313
v -5.231825 0.805469 1.070044
v -5.307663 0.670838 1.066289
v -5.338195 0.519344 1.063413
v -5.320419 0.365810 1.061701
v -5.256076 0.225269 1.061318
v -5.151474 0.111478 1.062302
v -5.016850 0.035575 1.064557
v -4.865372 0.004989 1.067863
v -4.711879 0.022715 1.071894
v -4.571389 0.087017 1.076258
v -4.457657 0.191603 1.080526
v -4.381808 0.326233 1.084282
v -4.351288 0.477729 1.087157
v -4.586247 0.577199 1.082759
v -4.620930 0.659480 1.083057
v -4.677515 0.726008 1.082594
v -4.750476 0.770269 1.081416
v -4.832666 0.787930 1.079637
v -4.916035 0.777263 1.077433
v -4.992421 0.739313 1.075018
v -5.054358 0.677795 1.072630
v -5.095772 0.598729 1.070501
v -5.112610 0.509855 1.068841
v -5.103231 0.419873 1.067811
v -5.068549 0.337592 1.067514
v -5.011958 0.271064 1.067977
v -4.939003 0.226804 1.069155
v -4.856813 0.209142 1.070933
v -4.773444 0.219808 1.073138
v -4.697058 0.257759 1.075552
v -4.635126 0.319278 1.077941
v -4.593704 0.398344 1.080070
v -4.576869 0.487219 1.081730
v -4.584164 0.578383 0.998260
v -4.618847 0.660665 0.998558
v -4.675434 0.727192 0.998095
v -4.748397 0.771453 0.996917
v -4.830584 0.789115 0.995138
v -4.913952 0.778448 0.992934
v -4.990338 0.740497 0.990519
v -5.052273 0.678978 0.988131
v -5.093683 0.599912 0.986003
v -5.110528 0.511038 0.984342
v -5.101152 0.421057 0.983313
v -5.066470 0.338776 0.983015
v -5.009879 0.272249 0.983478
v -4.936916 0.227988 0.984656
v -4.854730 0.210326 0.986435
v -4.771361 0.220992 0.988639
v -4.694968 0.258942 0.991054
v -4.633042 0.320461 0.993442
v -4.591629 0.399528 0.995570
v -4.574778 0.488402 0.997231
v -4.528840 0.493472 0.642003
v -4.539826 0.576293 0.642893
v -4.547708 0.411750 0.640393
v -4.594597 0.339127 0.638220
v -4.664897 0.282713 0.635697
v -4.751749 0.248029 0.633070
v -4.846634 0.238471 0.630598
v -4.940269 0.254974 0.628521
v -5.023494 0.295924 0.627043
v -5.088153 0.357310 0.626309
v -5.127928 0.433124 0.626391
v -5.138913 0.515946 0.627281
v -5.120042 0.597669 0.628891
v -5.073158 0.670291 0.631064
v -5.002857 0.726705 0.633587
v -4.916010 0.761389 0.636213
v -4.821126 0.770948 0.638686
v -4.727483 0.754444 0.640763
v -4.644265 0.713495 0.642241
v -4.579600 0.652109 0.642974
v -4.530752 0.492384 0.719686
v -4.541746 0.575206 0.720575
v -4.549628 0.410661 0.718076
v -4.596507 0.338039 0.715903
v -4.666818 0.281624 0.713380
v -4.753661 0.246941 0.710753
v -4.848547 0.237383 0.708281
v -4.942186 0.253886 0.706204
v -5.025406 0.294835 0.704726
v -5.090068 0.356221 0.703992
v -5.129842 0.432037 0.704074
v -5.140828 0.514859 0.704963
v -5.121959 0.596580 0.706573
v -5.075077 0.669204 0.708746
v -5.004772 0.725618 0.711270
v -4.917922 0.760301 0.713896
v -4.823038 0.769860 0.716369
v -4.729400 0.753355 0.718446
v -4.646174 0.712407 0.719924
v -4.581518 0.651021 0.720657
v -4.339484 0.484434 0.608519
v -4.357264 0.637967 0.610232
v -4.527904 0.494004 0.604009
v -4.538890 0.576825 0.604898
v -4.370016 0.332939 0.605644
v -4.546777 0.412282 0.602399
v -4.445853 0.198308 0.601889
v -4.593661 0.339659 0.600226
v -4.559592 0.093723 0.597620
v -4.663966 0.283245 0.597702
v -4.700081 0.029421 0.593256
v -4.750810 0.248561 0.595076
v -4.853576 0.011694 0.589224
v -4.845698 0.239004 0.592603
v -5.005049 0.042280 0.585919
v -4.939332 0.255506 0.590526
v -5.139677 0.118183 0.583664
v -5.022555 0.296455 0.589048
v -5.244282 0.231975 0.582680
v -5.087216 0.357842 0.588315
v -5.308621 0.372516 0.583063
v -5.126991 0.433657 0.588396
v -5.326394 0.526049 0.584775
v -5.137976 0.516479 0.589286
v -5.295868 0.677545 0.587650
v -5.119108 0.598202 0.590896
v -5.220025 0.812174 0.591406
v -5.072224 0.670823 0.593069
v -5.106294 0.916761 0.595674
v -5.001919 0.727238 0.595592
v -4.965803 0.981063 0.600038
v -4.915072 0.761921 0.598219
v -4.812310 0.998790 0.604070
v -4.820189 0.771480 0.600692
v -4.660831 0.968204 0.607375
v -4.726552 0.754977 0.602768
v -4.526201 0.892299 0.609631
v -4.643328 0.714028 0.604246
v -4.421603 0.778509 0.610615
v -4.578666 0.652642 0.604980
v -4.369914 0.630776 1.123513
v -4.434255 0.771318 1.123896
v -4.621784 0.658996 1.117700
v -4.587095 0.576714 1.117402
v -4.538854 0.885109 1.122912
v -4.678371 0.725523 1.117237
v -4.673482 0.961013 1.120657
v -4.751332 0.769783 1.116059
v -4.824959 0.991597 1.117352
v -4.833519 0.787445 1.114281
v -4.978456 0.973872 1.113320
v -4.916888 0.776778 1.112076
v -5.118948 0.909568 1.108956
v -4.993275 0.738828 1.109662
v -5.232677 0.804984 1.104688
v -5.055212 0.677309 1.107273
v -5.308518 0.670354 1.100932
v -5.096626 0.598243 1.105145
v -5.339046 0.518858 1.098057
v -5.113464 0.509369 1.103485
v -5.321273 0.365325 1.096344
v -5.104085 0.419387 1.102455
v -5.256934 0.224784 1.095961
v -5.069405 0.337106 1.102157
v -5.152331 0.110992 1.096946
v -5.012812 0.270579 1.102621
v -5.017699 0.035089 1.099201
v -4.939857 0.226319 1.103799
v -4.866224 0.004504 1.102507
v -4.857666 0.208657 1.105577
v -4.712729 0.022230 1.106538
v -4.774298 0.219323 1.107781
v -4.572237 0.086532 1.110901
v -4.697912 0.257274 1.110196
v -4.458506 0.191118 1.115170
v -4.635974 0.318792 1.112584
v -4.382666 0.325747 1.118926
v -4.594557 0.397858 1.114713
v -4.352141 0.477244 1.121800
v -4.577722 0.486733 1.116373
v -4.358223 0.636288 -1.066141
v -4.422551 0.776838 -1.066481
v -4.527140 0.890634 -1.068038
v -4.661761 0.966544 -1.070661
v -4.813229 0.997131 -1.074093
v -4.966727 0.979404 -1.077999
v -5.107230 0.915097 -1.081994
v -5.220973 0.810503 -1.085689
v -5.296831 0.675866 -1.088722
v -5.327379 0.524361 -1.090796
v -5.309626 0.370819 -1.091708
v -5.245302 0.230269 -1.091369
v -5.140717 0.116471 -1.089811
v -5.006097 0.040564 -1.087188
v -4.854625 0.009977 -1.083755
v -4.701126 0.027705 -1.079850
v -4.560627 0.092011 -1.075855
v -4.446881 0.196603 -1.072160
v -4.371021 0.331242 -1.069127
v -4.340474 0.482747 -1.067053
v -4.368988 0.632427 -0.625469
v -4.433316 0.772976 -0.625808
v -4.537906 0.886773 -0.627366
v -4.672524 0.962683 -0.629989
v -4.823994 0.993268 -0.633422
v -4.977495 0.975542 -0.637327
v -5.117995 0.911233 -0.641322
v -5.231739 0.806642 -0.645017
v -5.307595 0.672003 -0.648050
v -5.338146 0.520500 -0.650124
v -5.320391 0.366957 -0.651036
v -5.256065 0.226407 -0.650697
v -5.151478 0.112610 -0.649139
v -5.016862 0.036702 -0.646516
v -4.865387 0.006115 -0.643083
v -4.711891 0.023843 -0.639178
v -4.571392 0.088149 -0.635183
v -4.457646 0.192742 -0.631488
v -4.381779 0.327379 -0.628455
v -4.351240 0.478884 -0.626381
v -4.586187 0.578360 -0.631248
v -4.620860 0.660646 -0.631374
v -4.677436 0.727178 -0.632173
v -4.750392 0.771441 -0.633567
v -4.832581 0.789103 -0.635420
v -4.915951 0.778435 -0.637550
v -4.992342 0.740482 -0.639749
v -5.054287 0.678961 -0.641801
v -5.095712 0.599890 -0.643506
v -5.112562 0.511011 -0.644697
v -5.103194 0.421023 -0.645257
v -5.068522 0.338737 -0.645131
v -5.011940 0.272206 -0.644331
v -4.938990 0.227943 -0.642938
v -4.856802 0.210281 -0.641085
v -4.773431 0.220948 -0.638955
v -4.697040 0.258901 -0.636756
v -4.635099 0.320423 -0.634704
v -4.593667 0.399494 -0.632998
v -4.576820 0.488374 -0.631808
v -4.584122 0.579101 -0.715753
v -4.618795 0.661387 -0.715879
v -4.675374 0.727919 -0.716677
v -4.748332 0.772182 -0.718072
v -4.830516 0.789845 -0.719925
v -4.913887 0.779177 -0.722055
v -4.990278 0.741223 -0.724254
v -5.052221 0.679701 -0.726305
v -5.093642 0.600630 -0.728010
v -5.110498 0.511751 -0.729201
v -5.101134 0.421764 -0.729761
v -5.066462 0.339478 -0.729635
v -5.009879 0.272947 -0.728836
v -4.936922 0.228684 -0.727442
v -4.854737 0.211021 -0.725589
v -4.771367 0.221688 -0.723459
v -4.694968 0.259641 -0.721260
v -4.633035 0.321164 -0.719208
v -4.591610 0.400235 -0.717503
v -4.574748 0.489114 -0.716312
v -4.528888 0.492316 -1.071572
v -4.539864 0.575143 -1.071114
v -4.547767 0.410589 -1.072749
v -4.594666 0.337962 -1.074531
v -4.664973 0.281544 -1.076743
v -4.751830 0.246859 -1.079169
v -4.846717 0.237299 -1.081570
v -4.940350 0.253803 -1.083713
v -5.023570 0.294755 -1.085387
v -5.088222 0.356145 -1.086428
v -5.127987 0.431964 -1.086735
v -5.138961 0.514791 -1.086277
v -5.120080 0.596518 -1.085100
v -5.073186 0.669145 -1.083318
v -5.002878 0.725562 -1.081106
v -4.916026 0.760248 -1.078681
v -4.821139 0.769808 -1.076279
v -4.727499 0.753304 -1.074136
v -4.644286 0.712352 -1.072462
v -4.579628 0.650962 -1.071421
v -4.530783 0.491636 -0.993884
v -4.541766 0.574463 -0.993426
v -4.549670 0.409908 -0.995061
v -4.596558 0.337281 -0.996843
v -4.666876 0.280863 -0.999055
v -4.753725 0.246177 -1.001480
v -4.848613 0.236619 -1.003882
v -4.942250 0.253123 -1.006025
v -5.025465 0.294074 -1.007699
v -5.090120 0.355464 -1.008740
v -5.129884 0.431284 -1.009047
v -5.140859 0.514111 -1.008590
v -5.121980 0.595836 -1.007412
v -5.075088 0.668465 -1.005630
v -5.004776 0.724883 -1.003418
v -4.917922 0.759568 -1.000993
v -4.823035 0.769127 -0.998591
v -4.729398 0.752622 -0.996448
v -4.646178 0.711672 -0.994774
v -4.581529 0.650282 -0.993733
v -4.339540 0.483079 -1.105050
v -4.357301 0.636621 -1.104138
v -4.527960 0.492649 -1.109569
v -4.538936 0.575475 -1.109111
v -4.370092 0.331575 -1.107124
v -4.546844 0.410922 -1.110746
v -4.445947 0.196936 -1.110157
v -4.593738 0.338295 -1.112528
v -4.559700 0.092344 -1.113852
v -4.664050 0.281878 -1.114740
v -4.700198 0.028038 -1.117848
v -4.750899 0.247191 -1.117166
v -4.853697 0.010310 -1.121753
v -4.845789 0.237633 -1.119567
v -5.005167 0.040897 -1.125185
v -4.939421 0.254136 -1.121710
v -5.139785 0.116804 -1.127808
v -5.022639 0.295087 -1.123384
v -5.244376 0.230602 -1.129366
v -5.087293 0.356478 -1.124425
v -5.308698 0.371152 -1.129705
v -5.127059 0.432297 -1.124732
v -5.326450 0.524694 -1.128793
v -5.138033 0.515124 -1.124274
v -5.295906 0.676199 -1.126719
v -5.119154 0.596851 -1.123097
v -5.220045 0.810836 -1.123686
v -5.072260 0.669477 -1.121315
v -5.106299 0.915429 -1.119991
v -5.001948 0.725896 -1.119103
v -4.965799 0.979736 -1.115996
v -4.915096 0.760581 -1.116678
v -4.812303 0.997465 -1.112090
v -4.820211 0.770141 -1.114276
v -4.660827 0.966877 -1.108659
v -4.726575 0.753637 -1.112133
v -4.526206 0.890968 -1.106035
v -4.643356 0.712686 -1.110459
v -4.421622 0.777171 -1.104478
v -4.578702 0.651296 -1.109418
v -4.369838 0.632122 -0.590823
v -4.434162 0.772673 -0.591162
v -4.621706 0.660343 -0.596728
v -4.587027 0.578057 -0.596603
v -4.538746 0.886470 -0.592720
v -4.678286 0.726874 -0.597528
v -4.673366 0.962379 -0.595343
v -4.751240 0.771137 -0.598921
v -4.824840 0.992964 -0.598776
v -4.833425 0.788799 -0.600774
v -4.978340 0.975238 -0.602681
v -4.916797 0.778132 -0.602904
v -5.118841 0.910930 -0.606676
v -4.993188 0.740179 -0.605103
v -5.232583 0.806339 -0.610371
v -5.055134 0.678657 -0.607156
v -5.308442 0.671700 -0.613404
v -5.096559 0.599586 -0.608860
v -5.338991 0.520195 -0.615478
v -5.113409 0.510706 -0.610051
v -5.321237 0.366653 -0.616390
v -5.104041 0.420719 -0.610611
v -5.256916 0.226104 -0.616051
v -5.069371 0.338433 -0.610485
v -5.152326 0.112306 -0.614493
v -5.012786 0.271902 -0.609685
v -5.017704 0.036398 -0.611870
v -4.939836 0.227640 -0.608292
v -4.866232 0.005811 -0.608437
v -4.857648 0.209977 -0.606439
v -4.712733 0.023539 -0.604532
v -4.774278 0.220644 -0.604309
v -4.572233 0.087846 -0.600537
v -4.697886 0.258597 -0.602110
v -4.458488 0.192438 -0.596842
v -4.635941 0.320119 -0.600058
v -4.382630 0.327076 -0.593809
v -4.594513 0.399190 -0.598353
v -4.352085 0.478581 -0.591735
v -4.577666 0.488070 -0.597162
vt 0.907766 0.237665
vt 0.906669 0.259621
vt 0.835249 0.259366
vt 0.833533 0.237545
vt 0.905046 0.274394
vt 0.837769 0.274065
vt 0.903211 0.281002
vt 0.840608 0.280658
vt 0.902658 0.148581
vt 0.904506 0.153224
vt 0.838452 0.153615
vt 0.841297 0.148970
vt 0.906228 0.165960
vt 0.835813 0.166298
vt 0.907514 0.186319
vt 0.833856 0.186537
vt 0.908074 0.211685
vt 0.833025 0.211738
vt 0.914593 0.211680
vt 0.914213 0.237675
vt 0.913911 0.186300
vt 0.912341 0.165931
vt 0.910238 0.153190
vt 0.907980 0.148547
vt 0.910886 0.274423
vt 0.908642 0.281032
vt 0.912871 0.259643
vt 0.829672 0.259346
vt 0.737123 0.282903
vt 0.734866 0.277330
vt 0.798081 0.276700
vt 0.796985 0.282330
vt 0.732735 0.264464
vt 0.798953 0.263746
vt 0.731057 0.245136
vt 0.799440 0.244304
vt 0.730136 0.221729
vt 0.799430 0.220773
vt 0.730148 0.197796
vt 0.798906 0.196735
vt 0.731070 0.177055
vt 0.797960 0.175927
vt 0.732700 0.162274
vt 0.796761 0.161129
vt 0.734742 0.154700
vt 0.795497 0.153583
vt 0.727203 0.162372
vt 0.729527 0.154796
vt 0.725331 0.177152
vt 0.724249 0.197887
vt 0.724192 0.221810
vt 0.725190 0.245208
vt 0.727053 0.264526
vt 0.729441 0.277384
vt 0.731985 0.282953
vt 0.803075 0.276651
vt 0.673372 0.269397
vt 0.670470 0.276288
vt 0.665729 0.281855
vt 0.659617 0.285550
vt 0.652739 0.287012
vt 0.645772 0.286101
vt 0.639400 0.282912
vt 0.634245 0.277763
vt 0.630806 0.271161
vt 0.629416 0.263753
vt 0.630206 0.256261
vt 0.633095 0.249411
vt 0.637804 0.243870
vt 0.643876 0.240174
vt 0.650722 0.238687
vt 0.657676 0.239558
vt 0.664061 0.242706
vt 0.669248 0.247830
vt 0.672725 0.254431
vt 0.674148 0.261864
vt 0.693254 0.274327
vt 0.687610 0.286671
vt 0.671093 0.276772
vt 0.674129 0.269563
vt 0.678412 0.296652
vt 0.666132 0.282598
vt 0.666580 0.303280
vt 0.659737 0.286464
vt 0.653291 0.305907
vt 0.652540 0.287993
vt 0.639863 0.304289
vt 0.645251 0.287039
vt 0.627615 0.298604
vt 0.638585 0.283701
vt 0.617741 0.289428
vt 0.633192 0.278314
vt 0.611188 0.277670
vt 0.629597 0.271407
vt 0.608578 0.264481
vt 0.628143 0.263658
vt 0.610151 0.251139
vt 0.628970 0.255820
vt 0.632372 0.166622
vt 0.631322 0.158779
vt 0.633094 0.151032
vt 0.637519 0.144136
vt 0.644174 0.138765
vt 0.652412 0.135448
vt 0.661431 0.134516
vt 0.670347 0.136068
vt 0.678280 0.139955
vt 0.684445 0.145798
vt 0.688234 0.153022
vt 0.689271 0.160913
vt 0.687457 0.168691
vt 0.682976 0.175591
vt 0.676274 0.180937
vt 0.668014 0.184209
vt 0.659008 0.185094
vt 0.650134 0.183510
vt 0.642257 0.179619
vt 0.636139 0.173801
vt 0.612986 0.173100
vt 0.611199 0.157941
vt 0.629760 0.158885
vt 0.630858 0.167078
vt 0.614164 0.142956
vt 0.631610 0.150792
vt 0.621609 0.129598
vt 0.636233 0.143587
vt 0.632829 0.119172
vt 0.643184 0.137974
vt 0.646744 0.112713
vt 0.651791 0.134508
vt 0.662000 0.110875
vt 0.661214 0.133533
vt 0.677099 0.113859
vt 0.670530 0.135153
vt 0.690542 0.121390
vt 0.678820 0.139215
vt 0.700991 0.132729
vt 0.685263 0.145321
vt 0.707404 0.146755
vt 0.689222 0.152870
vt 0.709145 0.162071
vt 0.690306 0.161115
vt 0.706049 0.177156
vt 0.688410 0.169243
vt 0.698440 0.190520
vt 0.683727 0.176452
vt 0.687085 0.200852
vt 0.676723 0.182037
vt 0.673115 0.207156
vt 0.668093 0.185455
vt 0.657905 0.208837
vt 0.658683 0.186378
vt 0.642937 0.205752
vt 0.649413 0.184722
vt 0.629658 0.198217
vt 0.641184 0.180656
vt 0.619344 0.186970
vt 0.634793 0.174578
vt 0.631370 0.166924
vt 0.630288 0.158849
vt 0.615747 0.238930
vt 0.631993 0.248655
vt 0.624825 0.229032
vt 0.636918 0.242858
vt 0.636512 0.222399
vt 0.643269 0.238992
vt 0.649687 0.219684
vt 0.650431 0.237436
vt 0.663074 0.221163
vt 0.657706 0.238345
vt 0.675370 0.226712
vt 0.664385 0.241638
vt 0.685364 0.235806
vt 0.669812 0.246997
vt 0.692062 0.247568
vt 0.673452 0.253904
vt 0.694786 0.260846
vt 0.674941 0.261680
vt 0.673901 0.269513
vt 0.670906 0.276627
vt 0.666011 0.282375
vt 0.659701 0.286190
vt 0.652600 0.287698
vt 0.645407 0.286757
vt 0.638830 0.283464
vt 0.633508 0.278148
vt 0.629960 0.271333
vt 0.628525 0.263686
vt 0.629341 0.255952
vt 0.632324 0.248882
vt 0.637184 0.243162
vt 0.643451 0.239347
vt 0.650518 0.237811
vt 0.657697 0.238709
vt 0.664287 0.241958
vt 0.669643 0.247247
vt 0.673234 0.254062
vt 0.674703 0.261736
vt 0.632112 0.150873
vt 0.636668 0.143772
vt 0.643519 0.138242
vt 0.652001 0.134826
vt 0.661288 0.133866
vt 0.670468 0.135463
vt 0.678637 0.139465
vt 0.684987 0.145482
vt 0.688888 0.152921
vt 0.689956 0.161047
vt 0.688088 0.169056
vt 0.683473 0.176161
vt 0.676571 0.181665
vt 0.668066 0.185034
vt 0.658793 0.185943
vt 0.649657 0.184312
vt 0.641547 0.180305
vt 0.635248 0.174315
vt 0.827738 0.237536
vt 0.832513 0.274040
vt 0.917318 0.075153
vt 0.835715 0.280632
vt 0.833291 0.153646
vt 0.917836 0.100834
vt 0.841634 0.100529
vt 0.842174 0.074784
vt 0.917424 0.127220
vt 0.841754 0.126987
vt 0.801712 0.282285
vt 0.924387 0.100860
vt 0.923929 0.127240
vt 0.923779 0.075185
vt 0.835625 0.100505
vt 0.804184 0.263689
vt 0.804844 0.244238
vt 0.836249 0.074755
vt 0.835788 0.126969
vt 0.804906 0.220698
vt 0.804340 0.196651
vt 0.803245 0.175838
vt 0.715358 0.069706
vt 0.801822 0.161039
vt 0.800295 0.153495
vt 0.713624 0.096510
vt 0.809313 0.096245
vt 0.807948 0.069387
vt 0.711122 0.117805
vt 0.811142 0.117582
vt 0.836501 0.149001
vt 0.705395 0.096534
vt 0.702522 0.117825
vt 0.707394 0.069733
vt 0.816856 0.096224
vt 0.830314 0.166324
vt 0.828106 0.186555
vt 0.815246 0.069361
vt 0.819027 0.117565
vt 0.827168 0.211742
vt 0.067030 0.738374
vt 0.074195 0.738331
vt 0.076430 0.743845
vt 0.066382 0.743895
vt 0.548149 0.405478
vt 0.537386 0.405246
vt 0.537698 0.368972
vt 0.548461 0.369056
vt 0.603873 0.421251
vt 0.603872 0.429576
vt 0.588963 0.428398
vt 0.588964 0.421251
vt 0.377379 0.551479
vt 0.388407 0.536880
vt 0.429226 0.536257
vt 0.429154 0.548325
vt 0.196338 0.483329
vt 0.157591 0.480935
vt 0.157720 0.473164
vt 0.196321 0.473409
vt 0.181361 0.587935
vt 0.156342 0.587512
vt 0.156243 0.582545
vt 0.181479 0.583370
vt 0.362600 0.600142
vt 0.429082 0.596876
vt 0.428879 0.624863
vt 0.366411 0.627497
vt 0.083821 0.793303
vt 0.092135 0.793169
vt 0.093546 0.798392
vt 0.085304 0.798467
vt 0.457271 0.744252
vt 0.460802 0.745071
vt 0.454103 0.750664
vt 0.454062 0.747509
vt 0.462549 0.797532
vt 0.457086 0.797420
vt 0.458144 0.792071
vt 0.463710 0.792290
vt 0.172399 0.396986
vt 0.172704 0.366130
vt 0.177778 0.366169
vt 0.177473 0.397118
vt 0.607589 0.823590
vt 0.607590 0.819960
vt 0.626237 0.819960
vt 0.626237 0.823590
vt 0.332705 0.744693
vt 0.290092 0.744633
vt 0.290079 0.737332
vt 0.332693 0.737405
vt 0.341964 0.797909
vt 0.279489 0.797821
vt 0.280928 0.792092
vt 0.341683 0.792093
vt 0.274080 0.366920
vt 0.331071 0.367363
vt 0.330761 0.400679
vt 0.273771 0.399432
vt 0.607585 0.699844
vt 0.607575 0.637635
vt 0.626238 0.637635
vt 0.626238 0.699851
vt 0.254193 0.744331
vt 0.186589 0.744588
vt 0.186530 0.737685
vt 0.254134 0.737371
vt 0.160888 0.797775
vt 0.160072 0.792079
vt 0.452638 0.403420
vt 0.607449 0.513826
vt 0.607449 0.514323
vt 0.607472 0.513826
vt 0.626237 0.513826
vt 0.156367 0.565262
vt 0.182387 0.564630
vt 0.083243 0.783547
vt 0.091891 0.783549
vt 0.162535 0.783568
vt 0.275221 0.783590
vt 0.342906 0.783590
vt 0.359896 0.581989
vt 0.429112 0.576762
vt 0.073837 0.732773
vt 0.074016 0.735552
vt 0.066849 0.735487
vt 0.066682 0.732817
vt 0.235289 0.462835
vt 0.204211 0.462615
vt 0.204385 0.456583
vt 0.235747 0.456819
vt 0.387195 0.473147
vt 0.387275 0.460559
vt 0.429549 0.460559
vt 0.429565 0.473147
vt 0.464304 0.731972
vt 0.463814 0.737547
vt 0.460926 0.737593
vt 0.461342 0.732020
vt 0.289806 0.731950
vt 0.332415 0.732023
vt 0.186218 0.732281
vt 0.253851 0.731966
vt 0.603873 0.416626
vt 0.588964 0.416626
vt 0.062119 0.732817
vt 0.064283 0.735196
vt 0.204358 0.446813
vt 0.235621 0.447070
vt 0.066930 0.728077
vt 0.062367 0.728077
vt 0.073988 0.728034
vt 0.185982 0.729118
vt 0.253639 0.728802
vt 0.289583 0.729194
vt 0.332187 0.729267
vt 0.493715 0.726514
vt 0.495197 0.731339
vt 0.491496 0.731411
vt 0.489369 0.726636
vt 0.387344 0.449867
vt 0.429537 0.449867
vt 0.389421 0.477120
vt 0.429323 0.477120
vt 0.349520 0.477120
vt 0.347912 0.464731
vt 0.345001 0.460559
vt 0.344825 0.473147
vt 0.347937 0.454659
vt 0.345151 0.449867
vt 0.607575 0.861766
vt 0.607582 0.854957
vt 0.626238 0.854957
vt 0.626238 0.861766
vt 0.425759 0.732571
vt 0.426389 0.738146
vt 0.423634 0.738182
vt 0.423142 0.732606
vt 0.425654 0.727816
vt 0.423130 0.727849
vt 0.203612 0.366371
vt 0.209461 0.366416
vt 0.209153 0.397943
vt 0.203306 0.397791
vt 0.423350 0.797714
vt 0.413509 0.797809
vt 0.415213 0.792091
vt 0.423019 0.792086
vt 0.408995 0.783590
vt 0.425637 0.783589
vt 0.200164 0.397709
vt 0.200471 0.366346
vt 0.427234 0.792085
vt 0.427398 0.797679
vt 0.429535 0.783585
vt 0.495304 0.736939
vt 0.491711 0.737008
vt 0.492457 0.768688
vt 0.492299 0.761975
vt 0.495448 0.761436
vt 0.495448 0.768688
vt 0.452781 0.768731
vt 0.452998 0.763774
vt 0.459966 0.762238
vt 0.459859 0.768731
vt 0.416517 0.768731
vt 0.416517 0.761891
vt 0.424746 0.761827
vt 0.424397 0.768731
vt 0.422702 0.732729
vt 0.423192 0.738287
vt 0.416517 0.738374
vt 0.416194 0.732816
vt 0.422690 0.727986
vt 0.415918 0.728075
vt 0.607588 0.830201
vt 0.626237 0.832647
vt 0.464306 0.727210
vt 0.460725 0.727267
vt 0.463252 0.737655
vt 0.460249 0.745156
vt 0.463740 0.732096
vt 0.460373 0.737700
vt 0.460787 0.732144
vt 0.425665 0.743664
vt 0.426114 0.743574
vt 0.425311 0.732694
vt 0.425939 0.738252
vt 0.425206 0.727953
vt 0.453570 0.750732
vt 0.445882 0.752717
vt 0.446391 0.752654
vt 0.438689 0.752097
vt 0.439177 0.752032
vt 0.432985 0.750112
vt 0.433456 0.750042
vt 0.427652 0.747508
vt 0.428107 0.747430
vt 0.428603 0.742216
vt 0.429061 0.742122
vt 0.432691 0.747371
vt 0.433161 0.747292
vt 0.438200 0.749503
vt 0.438687 0.749431
vt 0.443710 0.750690
vt 0.444214 0.750621
vt 0.448687 0.749624
vt 0.449205 0.749552
vt 0.453529 0.747587
vt 0.456728 0.744340
vt 0.463743 0.727348
vt 0.460173 0.727405
vt 0.470167 0.535632
vt 0.482488 0.551511
vt 0.496952 0.595183
vt 0.490381 0.624651
vt 0.136501 0.886555
vt 0.139956 0.890052
vt 0.139864 0.893411
vt 0.132630 0.887392
vt 0.147831 0.954442
vt 0.141127 0.954276
vt 0.136546 0.939089
vt 0.143833 0.939095
vt 0.172735 0.335245
vt 0.177814 0.335192
vt 0.644884 0.819960
vt 0.644885 0.823590
vt 0.323265 0.886539
vt 0.259451 0.886636
vt 0.259471 0.880709
vt 0.323253 0.880519
vt 0.321755 0.955285
vt 0.262018 0.955681
vt 0.262283 0.939259
vt 0.322389 0.939314
vt 0.274214 0.334377
vt 0.331266 0.334017
vt 0.644901 0.637635
vt 0.644890 0.699844
vt 0.446511 0.888609
vt 0.446440 0.882911
vt 0.438265 0.955147
vt 0.438087 0.939726
vt 0.453286 0.333172
vt 0.644882 0.513826
vt 0.322634 0.930656
vt 0.437987 0.931025
vt 0.262350 0.930516
vt 0.136173 0.930258
vt 0.143458 0.930240
vt 0.498880 0.578414
vt 0.471823 0.460559
vt 0.471934 0.473147
vt 0.129006 0.873414
vt 0.132242 0.873500
vt 0.132610 0.879430
vt 0.129454 0.879350
vt 0.259819 0.874922
vt 0.323556 0.874785
vt 0.446722 0.877289
vt 0.323815 0.869899
vt 0.446963 0.872499
vt 0.260118 0.869983
vt 0.120111 0.873407
vt 0.119219 0.868331
vt 0.129489 0.868610
vt 0.129418 0.873655
vt 0.471729 0.449867
vt 0.470167 0.477120
vt 0.094629 0.878676
vt 0.087316 0.878090
vt 0.087869 0.872152
vt 0.095177 0.872743
vt 0.088339 0.867093
vt 0.095643 0.867689
vt 0.644893 0.854957
vt 0.644901 0.861766
vt 0.170869 0.874506
vt 0.173692 0.874574
vt 0.173096 0.880461
vt 0.170122 0.880393
vt 0.171038 0.869486
vt 0.173760 0.869552
vt 0.203674 0.334922
vt 0.209528 0.334861
vt 0.188476 0.955487
vt 0.181136 0.955299
vt 0.180021 0.939167
vt 0.188006 0.939183
vt 0.179841 0.930323
vt 0.187843 0.930342
vt 0.200529 0.334955
vt 0.177159 0.955196
vt 0.175699 0.939158
vt 0.175496 0.930313
vt 0.120782 0.879340
vt 0.129865 0.879571
vt 0.133095 0.912747
vt 0.125319 0.912708
vt 0.124377 0.905782
vt 0.133077 0.905807
vt 0.171701 0.912940
vt 0.167093 0.912917
vt 0.167462 0.906704
vt 0.171405 0.905602
vt 0.180491 0.886672
vt 0.170626 0.886338
vt 0.173359 0.880677
vt 0.180551 0.880840
vt 0.173952 0.874810
vt 0.180959 0.874978
vt 0.174020 0.869804
vt 0.181307 0.869983
vt 0.644887 0.832893
vt 0.129078 0.868352
vt 0.132988 0.868459
vt 0.133030 0.887586
vt 0.133009 0.879651
vt 0.132642 0.873740
vt 0.170354 0.886141
vt 0.171139 0.874742
vt 0.170394 0.880610
vt 0.171307 0.869738
vt 0.140239 0.893585
vt 0.148242 0.895595
vt 0.148589 0.895762
vt 0.156096 0.894994
vt 0.156416 0.895163
vt 0.162330 0.892929
vt 0.162629 0.893105
vt 0.168154 0.890207
vt 0.168433 0.890391
vt 0.167186 0.884574
vt 0.167469 0.884777
vt 0.162684 0.890014
vt 0.162981 0.890199
vt 0.156662 0.892235
vt 0.156981 0.892413
vt 0.150640 0.893451
vt 0.150979 0.893625
vt 0.145221 0.892270
vt 0.145578 0.892448
vt 0.140330 0.890237
vt 0.136888 0.886752
vt 0.133386 0.868716
vt 0.389421 0.494448
vt 0.429323 0.494448
vt 0.470167 0.494768
vt 0.349520 0.547283
vt 0.368700 0.547283
vt 0.349558 0.553856
vt 0.354183 0.530679
vt 0.372096 0.533681
vt 0.364837 0.543824
vt 0.354346 0.542621
vt 0.501581 0.542600
vt 0.496438 0.532072
vt 0.509766 0.531260
vt 0.510575 0.542561
vt 0.511011 0.547283
vt 0.510952 0.555066
vt 0.491972 0.547283
vt 0.501492 0.547283
vt 0.380460 0.535594
vt 0.387587 0.535463
vt 0.376095 0.550538
vt 0.386948 0.518969
vt 0.391970 0.521916
vt 0.429323 0.518969
vt 0.429434 0.521937
vt 0.429048 0.649900
vt 0.356711 0.650468
vt 0.367302 0.645864
vt 0.429073 0.645428
vt 0.364808 0.631971
vt 0.354707 0.635716
vt 0.349825 0.599770
vt 0.358768 0.598324
vt 0.355422 0.560528
vt 0.349714 0.580850
vt 0.357381 0.582648
vt 0.470481 0.518969
vt 0.466075 0.521959
vt 0.478185 0.533973
vt 0.471280 0.534186
vt 0.484160 0.550570
vt 0.510615 0.600129
vt 0.504485 0.635820
vt 0.493473 0.631974
vt 0.499839 0.598335
vt 0.501970 0.650468
vt 0.490844 0.645864
vt 0.503192 0.561367
vt 0.522935 0.624028
vt 0.528084 0.623298
vt 0.526983 0.630617
vt 0.521635 0.630022
vt 0.392591 0.523616
vt 0.429301 0.523637
vt 0.367997 0.638884
vt 0.428795 0.636305
vt 0.357445 0.561077
vt 0.465205 0.523659
vt 0.487691 0.636713
vt 0.500780 0.561886
vt 0.501534 0.579649
vt 0.167045 0.916246
vt 0.171677 0.916267
vt 0.180219 0.912982
vt 0.180177 0.916305
vt 0.323331 0.916946
vt 0.259352 0.916659
vt 0.259363 0.913377
vt 0.323317 0.913696
vt 0.446892 0.917500
vt 0.446832 0.914313
vt 0.196490 0.542065
vt 0.156609 0.539632
vt 0.156726 0.532912
vt 0.196423 0.531780
vt 0.063466 0.768731
vt 0.073883 0.768731
vt 0.073510 0.771865
vt 0.063048 0.771865
vt 0.280971 0.771862
vt 0.158969 0.771862
vt 0.158980 0.768731
vt 0.280971 0.768731
vt 0.342295 0.768731
vt 0.342301 0.771862
vt 0.424391 0.771863
vt 0.416530 0.771862
vt 0.428652 0.768731
vt 0.428667 0.771863
vt 0.132872 0.916094
vt 0.125128 0.916140
vt 0.464271 0.768741
vt 0.464271 0.771833
vt 0.460024 0.771864
vt 0.644873 0.774998
vt 0.626236 0.774998
vt 0.607600 0.774998
vt 0.406562 0.732839
vt 0.350823 0.732479
vt 0.350585 0.729017
vt 0.406319 0.729380
vt 0.406856 0.738263
vt 0.351108 0.737900
vt 0.406866 0.744821
vt 0.351117 0.744525
vt 0.510786 0.577329
vt 0.132821 0.927030
vt 0.125054 0.927048
vt 0.166939 0.927125
vt 0.171564 0.927138
vt 0.180080 0.927162
vt 0.259312 0.927384
vt 0.323336 0.927564
vt 0.446981 0.927912
vt 0.156438 0.555073
vt 0.182602 0.554536
vt 0.073725 0.782068
vt 0.063287 0.782068
vt 0.280971 0.782067
vt 0.158992 0.782067
vt 0.342288 0.782067
vt 0.416502 0.782067
vt 0.424372 0.782067
vt 0.428617 0.782066
vt 0.464271 0.781931
vt 0.459708 0.782058
vt 0.357077 0.579220
vt 0.349690 0.576717
vt 0.359303 0.578003
vt 0.095654 0.814720
vt 0.081854 0.818862
vt 0.072352 0.818740
vt 0.087510 0.814624
vt 0.081508 0.793721
vt 0.083029 0.799018
vt 0.065768 0.799164
vt 0.063531 0.792513
vt 0.164641 0.396275
vt 0.161575 0.396291
vt 0.157038 0.396281
vt 0.160317 0.396324
vt 0.455552 0.814134
vt 0.460794 0.813931
vt 0.460963 0.817973
vt 0.454629 0.818238
vt 0.342177 0.820339
vt 0.280951 0.819857
vt 0.275413 0.815642
vt 0.343355 0.815993
vt 0.159477 0.819857
vt 0.162185 0.815509
vt 0.089709 0.783690
vt 0.080931 0.783690
vt 0.275387 0.783691
vt 0.161423 0.783690
vt 0.343473 0.783691
vt 0.422960 0.819562
vt 0.415923 0.819857
vt 0.409876 0.815603
vt 0.425581 0.815248
vt 0.426912 0.783690
vt 0.410392 0.783691
vt 0.429178 0.815114
vt 0.426760 0.819403
vt 0.430811 0.783688
vt 0.097703 0.813779
vt 0.096089 0.814590
vt 0.087987 0.814494
vt 0.089674 0.813684
vt 0.083571 0.799013
vt 0.082073 0.793759
vt 0.459129 0.812974
vt 0.460789 0.813803
vt 0.455581 0.814005
vt 0.453968 0.813176
vt 0.343392 0.815856
vt 0.275239 0.815510
vt 0.275249 0.814695
vt 0.342793 0.815040
vt 0.162270 0.815372
vt 0.163292 0.814555
vt 0.081485 0.783741
vt 0.090212 0.783741
vt 0.161500 0.783741
vt 0.275211 0.783742
vt 0.343511 0.783742
vt 0.425664 0.815112
vt 0.409685 0.815469
vt 0.408491 0.814653
vt 0.424324 0.814290
vt 0.410199 0.783742
vt 0.426992 0.783741
vt 0.427881 0.814156
vt 0.429254 0.814979
vt 0.430880 0.783739
vt 0.482477 0.768737
vt 0.482342 0.772021
vt 0.473398 0.772129
vt 0.473507 0.768737
vt 0.482238 0.782294
vt 0.472921 0.782353
vt 0.481358 0.792568
vt 0.472154 0.792422
vt 0.472739 0.785128
vt 0.481915 0.784947
vt 0.480514 0.797571
vt 0.471731 0.797668
vt 0.481495 0.812974
vt 0.480351 0.813020
vt 0.478630 0.812214
vt 0.479772 0.812169
vt 0.483212 0.814404
vt 0.480486 0.813140
vt 0.152707 0.365974
vt 0.153801 0.365983
vt 0.153499 0.396263
vt 0.152405 0.396222
vt 0.152719 0.335455
vt 0.153814 0.335443
vt 0.095370 0.938203
vt 0.101705 0.956810
vt 0.100095 0.956768
vt 0.093628 0.938201
vt 0.093801 0.927123
vt 0.095537 0.927119
vt 0.095700 0.916314
vt 0.093970 0.916324
vt 0.095767 0.912561
vt 0.094029 0.912552
vt 0.464350 0.762148
vt 0.468051 0.732027
vt 0.464643 0.737582
vt 0.467839 0.727283
vt 0.121903 0.887588
vt 0.113072 0.887419
vt 0.112899 0.879140
vt 0.113569 0.873233
vt 0.113372 0.868172
vt 0.626237 0.848057
vt 0.644891 0.848133
vt 0.644893 0.853743
vt 0.626238 0.853743
vt 0.607582 0.853743
vt 0.607584 0.847300
vt 0.463705 0.797727
vt 0.464271 0.792430
vt 0.480441 0.812549
vt 0.481518 0.812501
vt 0.337071 0.464339
vt 0.338156 0.454659
vt 0.336969 0.476355
vt 0.349520 0.494448
vt 0.336969 0.493856
vt 0.336968 0.530956
vt 0.349520 0.530638
vt 0.336968 0.547199
vt 0.337004 0.553879
vt 0.336405 0.576857
vt 0.467042 0.771856
vt 0.467523 0.782123
vt 0.458100 0.783561
vt 0.459348 0.783723
vt 0.464271 0.783633
vt 0.464188 0.783567
vt 0.464271 0.783581
vt 0.459359 0.783672
vt 0.467031 0.768660
vt 0.467031 0.762018
vt 0.467031 0.731712
vt 0.467031 0.737310
vt 0.467031 0.726932
vt 0.493386 0.726876
vt 0.486310 0.726989
vt 0.467557 0.783757
vt 0.467528 0.792661
vt 0.467438 0.798015
vt 0.482891 0.813007
vt 0.483930 0.812960
vt 0.353008 0.598020
vt 0.354172 0.608578
vt 0.338623 0.609493
vt 0.337246 0.598977
vt 0.495463 0.771708
vt 0.492492 0.771726
vt 0.496242 0.782055
vt 0.492430 0.782118
vt 0.482094 0.731731
vt 0.482195 0.737285
vt 0.473889 0.737585
vt 0.473958 0.732030
vt 0.475353 0.726843
vt 0.475573 0.731664
vt 0.474489 0.727177
vt 0.483718 0.727031
vt 0.486295 0.726682
vt 0.607586 0.836356
vt 0.626237 0.838194
vt 0.644889 0.838379
vt 0.473588 0.762136
vt 0.482417 0.762072
vt 0.481925 0.783665
vt 0.472744 0.783646
vt 0.492339 0.783109
vt 0.496266 0.783078
vt 0.496281 0.783760
vt 0.492278 0.783769
vt 0.160500 0.396373
vt 0.163172 0.396310
vt 0.336389 0.579186
vt 0.349674 0.579023
vt 0.336379 0.580739
vt 0.337129 0.599284
vt 0.351297 0.598961
vt 0.495101 0.792546
vt 0.491941 0.792801
vt 0.336987 0.599659
vt 0.475015 0.768688
vt 0.474916 0.771832
vt 0.474511 0.782177
vt 0.474354 0.783750
vt 0.473709 0.792658
vt 0.473273 0.798010
vt 0.483695 0.806929
vt 0.487607 0.806922
vt 0.486861 0.737008
vt 0.486760 0.731411
vt 0.487083 0.761975
vt 0.487142 0.768688
vt 0.474358 0.783702
vt 0.157051 0.639980
vt 0.156862 0.623732
vt 0.231475 0.623835
vt 0.229611 0.640181
vt 0.438350 0.962518
vt 0.321477 0.962286
vt 0.261904 0.962872
vt 0.188684 0.962632
vt 0.181620 0.962374
vt 0.177788 0.962233
vt 0.149541 0.961198
vt 0.143084 0.960969
vt 0.104410 0.964756
vt 0.102857 0.964697
vt 0.156212 0.396301
vt 0.158385 0.396346
vt 0.158653 0.396418
vt 0.341008 0.627713
vt 0.356189 0.626874
vt 0.357512 0.638884
vt 0.343312 0.638884
vt 0.462032 0.813369
vt 0.462703 0.807090
vt 0.467280 0.807472
vt 0.467175 0.813808
vt 0.460500 0.806783
vt 0.455218 0.806859
vt 0.423933 0.807644
vt 0.427687 0.807550
vt 0.410503 0.807900
vt 0.342461 0.808172
vt 0.276949 0.807930
vt 0.162328 0.807828
vt 0.087922 0.807582
vt 0.096037 0.807609
vt 0.086216 0.808287
vt 0.069713 0.810894
vt 0.085713 0.808366
vt 0.487018 0.771722
vt 0.486994 0.782117
vt 0.486080 0.792805
vt 0.486693 0.784591
vt 0.490374 0.797907
vt 0.485218 0.797912
vt 0.475404 0.737310
vt 0.475097 0.762039
vt 0.486804 0.782996
vt 0.472503 0.807465
vt 0.470983 0.806935
vt 0.479023 0.806403
vt 0.644891 0.845994
vt 0.626237 0.845894
vt 0.607584 0.844900
vt 0.113456 0.916209
vt 0.113599 0.912650
vt 0.113347 0.927076
vt 0.115740 0.938353
vt 0.116044 0.929172
vt 0.126953 0.929276
vt 0.127266 0.938366
vt 0.129949 0.954221
vt 0.119607 0.953993
vt 0.120349 0.965361
vt 0.118220 0.957237
vt 0.129079 0.957519
vt 0.130831 0.965758
vt 0.165136 0.366071
vt 0.165160 0.335325
vt 0.164832 0.396697
vt 0.468628 0.813616
vt 0.470447 0.817567
vt 0.466884 0.812672
vt 0.468571 0.813492
vt 0.469358 0.813043
vt 0.472195 0.813490
vt 0.104065 0.912602
vt 0.103414 0.916268
vt 0.098590 0.916297
vt 0.099512 0.912580
vt 0.103314 0.927101
vt 0.097414 0.927115
vt 0.098001 0.938206
vt 0.103152 0.938212
vt 0.108651 0.956990
vt 0.105127 0.956898
vt 0.108178 0.964899
vt 0.112581 0.965066
vt 0.156455 0.366003
vt 0.156477 0.335415
vt 0.159604 0.335383
vt 0.159711 0.366029
vt 0.156388 0.396374
vt 0.159548 0.396495
vt 0.476373 0.813305
vt 0.481127 0.817110
vt 0.477118 0.817281
vt 0.351114 0.766728
vt 0.351117 0.761984
vt 0.406869 0.762065
vt 0.406868 0.766728
vt 0.290094 0.765544
vt 0.290095 0.761966
vt 0.332705 0.761983
vt 0.332702 0.765544
vt 0.186582 0.766233
vt 0.186580 0.761987
vt 0.254184 0.761917
vt 0.254186 0.766233
vt 0.064269 0.761891
vt 0.074599 0.761877
vt 0.323303 0.906204
vt 0.446744 0.907222
vt 0.259387 0.906000
vt 0.180294 0.905724
vt 0.416517 0.743895
vt 0.099594 0.905605
vt 0.104296 0.905611
vt 0.101764 0.878857
vt 0.102359 0.872935
vt 0.105363 0.873015
vt 0.105179 0.878944
vt 0.102951 0.867888
vt 0.105239 0.867950
vt 0.096583 0.878725
vt 0.096787 0.872786
vt 0.096959 0.867725
vt 0.104904 0.887258
vt 0.108933 0.938952
vt 0.108421 0.929192
vt 0.112297 0.953812
vt 0.476349 0.813180
vt 0.113454 0.905691
vt 0.099807 0.887294
vt 0.349520 0.518969
vt 0.336969 0.518620
vt 0.467031 0.744546
vt 0.464557 0.744779
vt 0.475314 0.744546
vt 0.473801 0.744769
vt 0.482260 0.744538
vt 0.486926 0.744313
vt 0.491883 0.744313
vt 0.495448 0.744529
vt 0.094476 0.887332
vt 0.096292 0.887319
vt 0.096285 0.899256
vt 0.094272 0.898858
vt 0.496236 0.726503
vt 0.494578 0.726857
vt 0.497951 0.731266
vt 0.498807 0.736873
vt 0.498807 0.744732
vt 0.498808 0.761393
vt 0.498810 0.768688
vt 0.498807 0.771688
vt 0.498910 0.782010
vt 0.498913 0.783057
vt 0.498915 0.783755
vt 0.498789 0.792249
vt 0.159043 0.396304
vt 0.154467 0.396247
vt 0.357160 0.649891
vt 0.358047 0.639793
vt 0.357368 0.643690
vt 0.484805 0.816952
vt 0.099660 0.899923
vt 0.437163 0.768731
vt 0.437219 0.771863
vt 0.431518 0.771863
vt 0.431489 0.768731
vt 0.437102 0.782064
vt 0.431446 0.782065
vt 0.433409 0.783687
vt 0.438604 0.783684
vt 0.433471 0.783738
vt 0.438652 0.783735
vt 0.432133 0.783583
vt 0.437330 0.783579
vt 0.430044 0.792084
vt 0.435664 0.792081
vt 0.435495 0.797608
vt 0.430097 0.797655
vt 0.430252 0.814067
vt 0.430190 0.807487
vt 0.435196 0.807361
vt 0.434996 0.813889
vt 0.436434 0.814713
vt 0.431647 0.814891
vt 0.436371 0.814847
vt 0.431575 0.815025
vt 0.434361 0.819085
vt 0.429294 0.819297
vt 0.193916 0.397546
vt 0.194222 0.366298
vt 0.198383 0.366330
vt 0.198076 0.397655
vt 0.194274 0.335020
vt 0.198439 0.334977
vt 0.174504 0.955126
vt 0.175231 0.962138
vt 0.170111 0.961951
vt 0.169188 0.954990
vt 0.172815 0.939151
vt 0.167039 0.939140
vt 0.166788 0.930292
vt 0.172596 0.930306
vt 0.157670 0.927099
vt 0.157761 0.916205
vt 0.163953 0.916233
vt 0.163852 0.927116
vt 0.157856 0.912871
vt 0.164016 0.912902
vt 0.428377 0.762886
vt 0.431901 0.763603
vt 0.163634 0.907443
vt 0.157459 0.907989
vt 0.443972 0.768731
vt 0.444061 0.771863
vt 0.443887 0.782062
vt 0.444835 0.783680
vt 0.444865 0.783731
vt 0.443563 0.783573
vt 0.442408 0.792078
vt 0.441972 0.797552
vt 0.441202 0.807211
vt 0.440687 0.813675
vt 0.442178 0.814501
vt 0.442125 0.814633
vt 0.440441 0.818831
vt 0.188950 0.397417
vt 0.189256 0.366259
vt 0.189303 0.335072
vt 0.163955 0.961726
vt 0.162796 0.954826
vt 0.160094 0.939126
vt 0.159805 0.930275
vt 0.150235 0.927078
vt 0.150314 0.916172
vt 0.150447 0.912834
vt 0.149935 0.908128
vt 0.452913 0.771864
vt 0.452662 0.782060
vt 0.452891 0.783676
vt 0.452898 0.783727
vt 0.451625 0.783567
vt 0.451134 0.792075
vt 0.450353 0.797479
vt 0.448974 0.807016
vt 0.448052 0.813398
vt 0.449610 0.814226
vt 0.449570 0.814356
vt 0.448308 0.818502
vt 0.182567 0.397251
vt 0.182872 0.366209
vt 0.182913 0.335139
vt 0.155971 0.961435
vt 0.154507 0.954615
vt 0.151086 0.939108
vt 0.150748 0.930254
vt 0.140590 0.927051
vt 0.140654 0.916129
vt 0.140837 0.912786
vt 0.140672 0.907492
vt 0.437583 0.764150
vt 0.444498 0.764320
vt 0.104485 0.899916
vt 0.113335 0.900022
vt 0.123610 0.900138
vt 0.133062 0.900154
vt 0.140538 0.903179
vt 0.149517 0.904293
vt 0.157135 0.904011
vt 0.163322 0.902996
vt 0.167763 0.901642
vt 0.171163 0.899626
vt 0.180355 0.899813
vt 0.259407 0.899992
vt 0.323291 0.900102
vt 0.446672 0.901447
vt 0.196373 0.504569
vt 0.157164 0.506608
vt 0.130807 0.756153
vt 0.130593 0.743577
vt 0.158980 0.743436
vt 0.158980 0.756084
vt 0.254193 0.754645
vt 0.186589 0.754773
vt 0.332702 0.754307
vt 0.290091 0.754277
vt 0.406865 0.755265
vt 0.351114 0.755117
vt 0.425031 0.756198
vt 0.416517 0.756313
vt 0.428152 0.758120
vt 0.432237 0.759422
vt 0.437926 0.760414
vt 0.444927 0.760724
vt 0.453176 0.759732
vt 0.460054 0.756944
vt 0.464414 0.756769
vt 0.467031 0.756603
vt 0.475164 0.756617
vt 0.473654 0.756753
vt 0.482368 0.756638
vt 0.487034 0.756501
vt 0.492170 0.756501
vt 0.495448 0.756181
vt 0.498807 0.755854
vt 0.096282 0.905116
vt 0.094166 0.904804
vt 0.064924 0.756313
vt 0.075182 0.756288
vt 0.355558 0.522294
vt 0.378303 0.520708
vt 0.490043 0.521155
vt 0.508361 0.521527
vt 0.492806 0.543108
vt 0.483361 0.533068
vt 0.476354 0.521490
vt 0.090063 0.926849
vt 0.089884 0.938142
vt 0.087647 0.937629
vt 0.087816 0.927087
vt 0.510615 0.610114
vt 0.499839 0.608300
vt 0.500967 0.607973
vt 0.511321 0.609692
vt 0.502599 0.580266
vt 0.500967 0.597898
vt 0.509203 0.587071
vt 0.513214 0.586297
vt 0.514899 0.587394
vt 0.510767 0.588191
vt 0.082208 0.930571
vt 0.082245 0.933534
vt 0.076809 0.933593
vt 0.076771 0.930630
vt 0.512827 0.592762
vt 0.508226 0.592401
vt 0.509760 0.593679
vt 0.514500 0.594052
vt 0.515697 0.587902
vt 0.511479 0.588551
vt 0.076094 0.933547
vt 0.075163 0.930723
vt 0.510119 0.593639
vt 0.514852 0.594104
vt 0.518261 0.595228
vt 0.513851 0.595896
vt 0.068317 0.935995
vt 0.067384 0.933171
vt 0.512419 0.601177
vt 0.517365 0.601668
vt 0.514477 0.597836
vt 0.513027 0.603168
vt 0.518029 0.603666
vt 0.066372 0.936607
vt 0.065439 0.933783
vt 0.518938 0.597164
vt 0.527047 0.620334
vt 0.521976 0.621058
vt 0.046054 0.943002
vt 0.045116 0.940178
vt 0.520861 0.626979
vt 0.525968 0.627563
vt 0.519492 0.666621
vt 0.513617 0.666025
vt 0.514260 0.669532
vt 0.520379 0.670140
vt 0.043795 0.943713
vt 0.042857 0.940888
vt 0.501611 0.624431
vt 0.502094 0.627425
vt 0.495395 0.666888
vt 0.495023 0.663430
vt 0.051461 0.958859
vt 0.049206 0.959570
vt 0.050916 0.956661
vt 0.046735 0.945145
vt 0.048809 0.944727
vt 0.052952 0.956150
vt 0.504241 0.581219
vt 0.512563 0.579236
vt 0.514444 0.581254
vt 0.507105 0.582879
vt 0.087780 0.927087
vt 0.087611 0.937630
vt 0.084254 0.936861
vt 0.084406 0.927445
vt 0.511485 0.578079
vt 0.511321 0.599597
vt 0.091434 0.937698
vt 0.093542 0.943058
vt 0.091347 0.942555
vt 0.091399 0.938166
vt 0.091576 0.926960
vt 0.089179 0.937657
vt 0.091597 0.927358
vt 0.089346 0.927197
vt 0.100373 0.926971
vt 0.100204 0.938173
vt 0.098758 0.938149
vt 0.098930 0.926860
vt 0.088143 0.936944
vt 0.085837 0.936895
vt 0.089167 0.937658
vt 0.088289 0.927709
vt 0.085987 0.927552
vt 0.089333 0.927197
vt 0.366287 0.544080
vt 0.373365 0.534189
vt 0.356059 0.542906
vt 0.355900 0.531263
vt 0.379417 0.521541
vt 0.357241 0.523088
vt 0.094425 0.910485
vt 0.094626 0.905193
vt 0.499612 0.542886
vt 0.508382 0.542848
vt 0.094892 0.900672
vt 0.481848 0.533592
vt 0.491057 0.543381
vt 0.475016 0.522303
vt 0.506223 0.522340
vt 0.511011 0.518969
vt 0.367946 0.544371
vt 0.374816 0.534771
vt 0.598384 0.848397
vt 0.593856 0.848489
vt 0.593856 0.843039
vt 0.598384 0.842949
vt 0.493913 0.766804
vt 0.493940 0.761595
vt 0.488418 0.761595
vt 0.488392 0.766804
vt 0.594146 0.850062
vt 0.603999 0.850185
vt 0.603999 0.844691
vt 0.594146 0.844570
vt 0.380691 0.522494
vt 0.493717 0.757954
vt 0.488201 0.757954
vt 0.358018 0.543233
vt 0.498509 0.761595
vt 0.498482 0.766804
vt 0.359165 0.523995
vt 0.498282 0.757955
vt 0.100756 0.905231
vt 0.100562 0.910517
vt 0.089338 0.910458
vt 0.089545 0.905162
vt 0.505872 0.543176
vt 0.497360 0.543213
vt 0.486440 0.522917
vt 0.503777 0.523269
vt 0.101012 0.900713
vt 0.089819 0.900637
vt 0.489056 0.543693
vt 0.480117 0.534192
vt 0.473486 0.523234
vt 0.280971 0.742519
vt 0.280971 0.736692
vt 0.290166 0.737102
vt 0.290179 0.744450
vt 0.342303 0.737498
vt 0.342302 0.743178
vt 0.333063 0.744510
vt 0.333051 0.737176
vt 0.280666 0.731132
vt 0.289892 0.731686
vt 0.341991 0.731943
vt 0.332772 0.731760
vt 0.280406 0.726391
vt 0.289667 0.728912
vt 0.341723 0.727198
vt 0.332542 0.728986
vt 0.280971 0.761512
vt 0.290183 0.761893
vt 0.290182 0.765493
vt 0.342297 0.761694
vt 0.333061 0.765493
vt 0.333063 0.761910
vt 0.280971 0.755625
vt 0.290179 0.754155
vt 0.342299 0.755955
vt 0.333060 0.754186
vt 0.350877 0.728842
vt 0.351116 0.732318
vt 0.406831 0.729206
vt 0.407075 0.732680
vt 0.351402 0.737761
vt 0.407369 0.738124
vt 0.351411 0.744411
vt 0.407379 0.744708
vt 0.351411 0.761939
vt 0.351408 0.766701
vt 0.407382 0.766701
vt 0.407383 0.762021
vt 0.351408 0.755044
vt 0.414606 0.751382
vt 0.414606 0.753174
vt 0.413397 0.753012
vt 0.413397 0.751499
vt 0.407379 0.755193
vt 0.158980 0.737814
vt 0.185917 0.737440
vt 0.185976 0.744390
vt 0.254042 0.744132
vt 0.253983 0.737124
vt 0.158623 0.732257
vt 0.185603 0.731999
vt 0.253697 0.731683
vt 0.158319 0.727517
vt 0.185365 0.728815
vt 0.253484 0.728497
vt 0.158980 0.761765
vt 0.185967 0.761909
vt 0.185969 0.766184
vt 0.254035 0.766184
vt 0.254032 0.761838
vt 0.185977 0.754645
vt 0.254042 0.754516
vt 0.414917 0.753944
vt 0.414917 0.746212
vt 0.409136 0.753247
vt 0.409136 0.746719
vt 0.414395 0.753205
vt 0.414395 0.751415
vt 0.413188 0.753043
vt 0.413188 0.751533
vt 0.134204 0.939852
vt 0.136662 0.953489
vt 0.442791 0.930141
vt 0.323994 0.929850
vt 0.262553 0.929699
vt 0.133778 0.930979
vt 0.141309 0.929402
vt 0.133870 0.929420
vt 0.186586 0.929513
vt 0.178425 0.929493
vt 0.173993 0.929482
vt 0.446602 0.966717
vt 0.323090 0.967137
vt 0.323738 0.964905
vt 0.442344 0.962953
vt 0.258964 0.967866
vt 0.262223 0.965545
vt 0.179995 0.967624
vt 0.186537 0.965324
vt 0.172360 0.967334
vt 0.179224 0.965067
vt 0.168231 0.967178
vt 0.175268 0.964928
vt 0.137789 0.966022
vt 0.139453 0.963669
vt 0.146114 0.963903
vt 0.137766 0.956381
vt 0.165475 0.967073
vt 0.159956 0.966864
vt 0.167343 0.964649
vt 0.172629 0.964835
vt 0.171035 0.929475
vt 0.165112 0.929460
vt 0.153321 0.966612
vt 0.160988 0.964426
vt 0.157989 0.929443
vt 0.144717 0.966285
vt 0.152749 0.964136
vt 0.148751 0.929420
vt 0.133817 0.939321
vt 0.112591 0.927006
vt 0.124360 0.926979
vt 0.123964 0.928920
vt 0.112792 0.928812
vt 0.128427 0.957854
vt 0.117486 0.957582
vt 0.116439 0.954478
vt 0.127055 0.954700
vt 0.102395 0.938326
vt 0.102536 0.927037
vt 0.105016 0.928839
vt 0.105562 0.938950
vt 0.107890 0.957325
vt 0.108977 0.954284
vt 0.133101 0.939474
vt 0.137135 0.956726
vt 0.133904 0.953965
vt 0.131320 0.939904
vt 0.133184 0.929377
vt 0.130913 0.930678
vt 0.124660 0.928979
vt 0.113547 0.928872
vt 0.117179 0.954149
vt 0.127714 0.954381
vt 0.105781 0.928893
vt 0.106302 0.938832
vt 0.109732 0.953965
vt 0.134553 0.953636
vt 0.132045 0.939749
vt 0.131613 0.930713
vt 0.175829 0.335081
vt 0.168291 0.335156
vt 0.168246 0.343571
vt 0.175782 0.343530
vt 0.163025 0.335205
vt 0.162980 0.343596
vt 0.181158 0.335112
vt 0.181111 0.343570
vt 0.548732 0.405587
vt 0.549067 0.369060
vt 0.065804 0.799271
vt 0.157904 0.470136
vt 0.234721 0.470640
vt 0.205681 0.470450
vt 0.234942 0.481753
vt 0.205749 0.481584
vt 0.548878 0.391737
vt 0.235939 0.584682
vt 0.234301 0.599051
vt 0.204922 0.599059
vt 0.205877 0.584722
vt 0.236088 0.561948
vt 0.206034 0.561941
vt 0.235967 0.533233
vt 0.236233 0.539904
vt 0.206187 0.539852
vt 0.206064 0.533167
vt 0.235680 0.518806
vt 0.205976 0.518711
vt 0.235448 0.507184
vt 0.205905 0.507065
vt 0.206212 0.467809
vt 0.157101 0.467478
vt 0.206285 0.479241
vt 0.203264 0.623950
vt 0.156862 0.623732
vt 0.156012 0.625401
vt 0.203738 0.625620
vt 0.205450 0.600033
vt 0.206436 0.585287
vt 0.206596 0.561845
vt 0.206751 0.539120
vt 0.206623 0.532245
vt 0.206528 0.517384
vt 0.206452 0.505415
vt 0.196549 0.471257
vt 0.157041 0.471001
vt 0.196567 0.481400
vt 0.155864 0.613104
vt 0.194688 0.613197
vt 0.195694 0.597088
vt 0.196269 0.587891
vt 0.196569 0.561886
vt 0.196729 0.541504
vt 0.196659 0.530974
vt 0.196631 0.517771
vt 0.196605 0.503125
vt 0.195480 0.596336
vt 0.196040 0.587355
vt 0.196334 0.561965
vt 0.196397 0.518882
vt 0.194498 0.612072
vt 0.156588 0.611978
vt 0.156503 0.603098
vt 0.186096 0.602785
vt 0.186370 0.592064
vt 0.186525 0.585982
vt 0.187623 0.561082
vt 0.187855 0.547764
vt 0.156542 0.548455
vt 0.156205 0.604588
vt 0.186222 0.604269
vt 0.186514 0.593192
vt 0.186680 0.586907
vt 0.187729 0.561238
vt 0.187880 0.547667
vt 0.156243 0.548365
vt 0.156266 0.597669
vt 0.181238 0.597436
vt 0.181465 0.589063
vt 0.181594 0.584308
vt 0.182449 0.564848
vt 0.182581 0.554532
vt 0.156184 0.555074
vt 0.156514 0.596205
vt 0.181152 0.595976
vt 0.156968 0.518344
vt 0.185426 0.518575
vt 0.185204 0.529835
vt 0.192158 0.529145
vt 0.192342 0.518838
vt 0.185641 0.508968
vt 0.192526 0.507712
vt 0.185410 0.517162
vt 0.185183 0.528572
vt 0.070441 0.762453
vt 0.069915 0.767151
vt 0.067062 0.766815
vt 0.067588 0.762117
vt 0.192234 0.527874
vt 0.185630 0.507428
vt 0.192611 0.506157
vt 0.071014 0.757331
vt 0.068159 0.756996
vt 0.187033 0.520331
vt 0.186922 0.525392
vt 0.192423 0.517428
vt 0.190697 0.520451
vt 0.190601 0.525084
vt 0.187293 0.514832
vt 0.190798 0.514977
vt 0.187401 0.509489
vt 0.190898 0.508788
vt 0.187036 0.520690
vt 0.186929 0.523881
vt 0.190752 0.520770
vt 0.067859 0.763480
vt 0.067320 0.765590
vt 0.064732 0.765211
vt 0.065084 0.763895
vt 0.190655 0.523692
vt 0.187307 0.512309
vt 0.190851 0.512389
vt 0.187408 0.509636
vt 0.190946 0.509291
vt 0.068289 0.758218
vt 0.067974 0.761026
vt 0.065711 0.760136
vt 0.065900 0.758740
vt 0.187034 0.521131
vt 0.186929 0.523266
vt 0.190764 0.521211
vt 0.064005 0.765009
vt 0.064356 0.764159
vt 0.190669 0.523076
vt 0.187030 0.520461
vt 0.186922 0.522937
vt 0.190799 0.520542
vt 0.063096 0.764951
vt 0.062292 0.764071
vt 0.190679 0.522747
vt 0.187027 0.516601
vt 0.186922 0.518622
vt 0.190802 0.516683
vt 0.060535 0.763343
vt 0.061843 0.762450
vt 0.190726 0.518431
vt 0.187311 0.511776
vt 0.190871 0.511857
vt 0.187412 0.509092
vt 0.190966 0.508746
vt 0.064822 0.760006
vt 0.065011 0.758610
vt 0.187314 0.512531
vt 0.190906 0.512612
vt 0.187415 0.509820
vt 0.191003 0.509471
vt 0.063032 0.760547
vt 0.063221 0.759151
vt 0.187033 0.513316
vt 0.186937 0.512499
vt 0.190788 0.513314
vt 0.061441 0.760714
vt 0.062779 0.760885
vt 0.190717 0.512555
vt 0.187230 0.512766
vt 0.190871 0.512822
vt 0.187273 0.510618
vt 0.190918 0.510390
vt 0.062956 0.760648
vt 0.062687 0.759620
vt 0.512694 0.584470
vt 0.508302 0.585440
vt 0.514309 0.597343
vt 0.512613 0.594096
vt 0.505738 0.596050
vt 0.507483 0.593326
vt 0.083066 0.929800
vt 0.082995 0.934218
vt 0.082655 0.935686
vt 0.082774 0.928295
vt 0.502706 0.597224
vt 0.512410 0.598775
vt 0.517044 0.631789
vt 0.510926 0.660301
vt 0.504409 0.630448
vt 0.498614 0.658922
vt 0.517462 0.633582
vt 0.511282 0.662292
vt 0.504717 0.632225
vt 0.498865 0.660896
vt 0.130124 0.732430
vt 0.130162 0.727690
vt 0.129417 0.737994
vt 0.074829 0.727734
vt 0.074849 0.732503
vt 0.072560 0.732517
vt 0.072712 0.727747
vt 0.075293 0.735297
vt 0.072740 0.735313
vt 0.075169 0.743658
vt 0.072920 0.738109
vt 0.075737 0.738092
vt 0.078683 0.743641
vt 0.112535 0.743473
vt 0.107887 0.748032
vt 0.107429 0.745881
vt 0.109648 0.743487
vt 0.112655 0.737867
vt 0.115740 0.737848
vt 0.112880 0.742867
vt 0.116911 0.732246
vt 0.114195 0.732263
vt 0.117096 0.727475
vt 0.114828 0.727489
vt 0.081592 0.746429
vt 0.080041 0.748479
vt 0.085895 0.748937
vt 0.085547 0.751317
vt 0.091135 0.749610
vt 0.090839 0.752563
vt 0.097409 0.749286
vt 0.096509 0.752171
vt 0.103777 0.748525
vt 0.103375 0.750633
vt 0.130611 0.761803
vt 0.130370 0.768731
vt 0.130237 0.771863
vt 0.130325 0.782067
vt 0.137313 0.783690
vt 0.137533 0.783741
vt 0.138784 0.783561
vt 0.137228 0.792446
vt 0.138245 0.797983
vt 0.141241 0.814294
vt 0.140040 0.807754
vt 0.140020 0.815109
vt 0.139817 0.815244
vt 0.133380 0.819522
vt 0.492963 0.368624
vt 0.492651 0.404282
vt 0.480647 0.404023
vt 0.527768 0.368895
vt 0.527457 0.405032
vt 0.518904 0.404848
vt 0.519215 0.368828
vt 0.109797 0.814888
vt 0.098354 0.819073
vt 0.090690 0.818975
vt 0.103228 0.814810
vt 0.110157 0.814756
vt 0.103622 0.814679
vt 0.111645 0.813944
vt 0.105169 0.813867
vt 0.103582 0.807634
vt 0.110127 0.807656
vt 0.107859 0.798261
vt 0.101211 0.798322
vt 0.099867 0.793045
vt 0.106574 0.792938
vt 0.099932 0.783551
vt 0.106907 0.783553
vt 0.098327 0.783741
vt 0.105366 0.783741
vt 0.097873 0.783690
vt 0.104954 0.783690
vt 0.083431 0.782068
vt 0.091850 0.782068
vt 0.083238 0.771865
vt 0.091676 0.771864
vt 0.083570 0.768731
vt 0.091972 0.768731
vt 0.084204 0.761864
vt 0.092536 0.761853
vt 0.084721 0.756265
vt 0.092995 0.756245
vt 0.514951 0.404762
vt 0.515262 0.368798
vt 0.112847 0.814924
vt 0.101914 0.819119
vt 0.113191 0.814792
vt 0.114653 0.813980
vt 0.113167 0.807665
vt 0.110947 0.798233
vt 0.109689 0.792888
vt 0.110147 0.783554
vt 0.108634 0.783741
vt 0.108242 0.783690
vt 0.095760 0.782068
vt 0.095594 0.771864
vt 0.095874 0.768731
vt 0.096405 0.761848
vt 0.096837 0.756235
vt 0.507993 0.404613
vt 0.508305 0.368743
vt 0.118239 0.814988
vt 0.108205 0.819199
vt 0.118555 0.814856
vt 0.119968 0.814042
vt 0.118539 0.807683
vt 0.116404 0.798183
vt 0.115194 0.792799
vt 0.115872 0.783556
vt 0.114412 0.783741
vt 0.114054 0.783690
vt 0.102670 0.782068
vt 0.102520 0.771864
vt 0.102771 0.768731
vt 0.103243 0.761839
vt 0.103629 0.756219
vt 0.501252 0.404467
vt 0.501564 0.368691
vt 0.123491 0.815050
vt 0.114332 0.819278
vt 0.123779 0.814917
vt 0.125146 0.814104
vt 0.123772 0.807701
vt 0.121719 0.798134
vt 0.120556 0.792713
vt 0.121448 0.783557
vt 0.120039 0.783741
vt 0.119715 0.783690
vt 0.109401 0.782068
vt 0.109266 0.771864
vt 0.109488 0.768731
vt 0.109904 0.761830
vt 0.110243 0.756203
vt 0.497175 0.404379
vt 0.497486 0.368659
vt 0.126681 0.815088
vt 0.118053 0.819326
vt 0.126952 0.814955
vt 0.128290 0.814141
vt 0.126950 0.807711
vt 0.124948 0.798104
vt 0.123813 0.792661
vt 0.124835 0.783558
vt 0.123457 0.783741
vt 0.123153 0.783690
vt 0.113489 0.782068
vt 0.113363 0.771864
vt 0.113568 0.768731
vt 0.113950 0.761825
vt 0.114261 0.756193
vt 0.079277 0.761871
vt 0.079828 0.756277
vt 0.078601 0.768731
vt 0.078247 0.771865
vt 0.078452 0.782068
vt 0.093685 0.783690
vt 0.094164 0.783741
vt 0.095807 0.783550
vt 0.095901 0.793109
vt 0.097279 0.798358
vt 0.101339 0.813822
vt 0.099711 0.807621
vt 0.099757 0.814633
vt 0.099343 0.814764
vt 0.086157 0.818917
vt 0.532853 0.368934
vt 0.532541 0.405141
vt 0.108943 0.748191
vt 0.113562 0.743661
vt 0.113921 0.743659
vt 0.113905 0.743059
vt 0.104459 0.750776
vt 0.097636 0.752304
vt 0.092002 0.752694
vt 0.086743 0.751455
vt 0.081271 0.748636
vt 0.076092 0.728021
vt 0.076112 0.732759
vt 0.076553 0.735536
vt 0.076995 0.738314
vt 0.079923 0.743828
vt 0.108488 0.746054
vt 0.110693 0.743675
vt 0.113681 0.738090
vt 0.116746 0.738071
vt 0.117911 0.732505
vt 0.115212 0.732521
vt 0.118095 0.727763
vt 0.115841 0.727777
vt 0.082813 0.746599
vt 0.087088 0.749091
vt 0.092296 0.749759
vt 0.098531 0.749437
vt 0.104858 0.748681
vt 0.130231 0.815130
vt 0.122196 0.819379
vt 0.130484 0.814996
vt 0.131790 0.814182
vt 0.130488 0.807723
vt 0.128542 0.798072
vt 0.127439 0.792603
vt 0.128605 0.783559
vt 0.127261 0.783741
vt 0.126980 0.783690
vt 0.118039 0.782068
vt 0.117924 0.771864
vt 0.118109 0.768731
vt 0.118453 0.761819
vt 0.118733 0.756182
vt 0.118427 0.743637
vt 0.120566 0.729270
vt 0.123826 0.729248
vt 0.588955 0.473069
vt 0.608960 0.473677
vt 0.608880 0.482900
vt 0.588952 0.485294
vt 0.233100 0.453062
vt 0.203590 0.453394
vt 0.159324 0.453891
vt 0.232671 0.454072
vt 0.536196 0.884370
vt 0.536932 0.889891
vt 0.527246 0.889754
vt 0.529295 0.884258
vt 0.548916 0.332600
vt 0.538140 0.332664
vt 0.626236 0.421251
vt 0.648620 0.421251
vt 0.647779 0.429641
vt 0.626237 0.431344
vt 0.118563 0.482888
vt 0.118912 0.472918
vt 0.131419 0.588013
vt 0.131233 0.583433
vt 0.517234 0.940210
vt 0.516130 0.945010
vt 0.508766 0.944939
vt 0.509815 0.940079
vt 0.130267 0.564628
vt 0.517507 0.931181
vt 0.509807 0.931166
vt 0.529530 0.878709
vt 0.536419 0.878827
vt 0.106016 0.461917
vt 0.104115 0.455829
vt 0.157341 0.456229
vt 0.157593 0.462283
vt 0.080264 0.469627
vt 0.626236 0.416626
vt 0.650150 0.416626
vt 0.540803 0.878875
vt 0.538773 0.881226
vt 0.106770 0.446014
vt 0.157462 0.446429
vt 0.536085 0.874098
vt 0.540468 0.874149
vt 0.529292 0.873976
vt 0.116494 0.541937
vt 0.116850 0.531596
vt 0.540245 0.914779
vt 0.540723 0.917923
vt 0.530626 0.917877
vt 0.530193 0.914729
vt 0.130205 0.554497
vt 0.540684 0.928177
vt 0.530601 0.928149
vt 0.509562 0.961267
vt 0.517505 0.961149
vt 0.532257 0.965294
vt 0.523031 0.965447
vt 0.521788 0.945276
vt 0.538541 0.945362
vt 0.534772 0.957318
vt 0.519224 0.954777
vt 0.523649 0.929765
vt 0.515123 0.929744
vt 0.540643 0.938694
vt 0.523239 0.939901
vt 0.505673 0.960203
vt 0.512875 0.960186
vt 0.517050 0.961612
vt 0.509147 0.961633
vt 0.521261 0.945271
vt 0.522690 0.939939
vt 0.523112 0.929815
vt 0.514635 0.929794
vt 0.083748 0.640939
vt 0.081466 0.624444
vt 0.514173 0.953515
vt 0.506907 0.953549
vt 0.518734 0.954697
vt 0.539332 0.907916
vt 0.529367 0.907841
vt 0.117814 0.504239
vt 0.486336 0.901826
vt 0.446672 0.901447
vt 0.446511 0.888609
vt 0.486434 0.889175
vt 0.538587 0.902325
vt 0.528694 0.902230
vt 0.549502 0.332497
vt 0.538522 0.945422
vt 0.109809 0.469821
vt 0.109367 0.481026
vt 0.079663 0.480854
vt 0.549356 0.346369
vt 0.075995 0.584897
vt 0.106600 0.584856
vt 0.107899 0.599286
vt 0.077995 0.599356
vt 0.076189 0.561911
vt 0.106785 0.561918
vt 0.076882 0.532880
vt 0.107320 0.532947
vt 0.106964 0.539677
vt 0.076376 0.539623
vt 0.077661 0.518297
vt 0.107894 0.518395
vt 0.108356 0.506672
vt 0.078289 0.506551
vt 0.107655 0.467144
vt 0.107189 0.478651
vt 0.110153 0.624328
vt 0.107963 0.626020
vt 0.104262 0.585429
vt 0.105615 0.600273
vt 0.104461 0.561821
vt 0.105028 0.532013
vt 0.104653 0.538935
vt 0.105634 0.517050
vt 0.106122 0.505000
vt 0.117317 0.470742
vt 0.116952 0.480939
vt 0.116823 0.613455
vt 0.114765 0.588019
vt 0.115513 0.597264
vt 0.114614 0.561867
vt 0.115159 0.530781
vt 0.114788 0.541370
vt 0.115641 0.517506
vt 0.116169 0.502780
vt 0.116477 0.587476
vt 0.117202 0.596504
vt 0.116330 0.561947
vt 0.117310 0.518628
vt 0.118471 0.612318
vt 0.126744 0.602939
vt 0.126198 0.586068
vt 0.126396 0.592175
vt 0.125145 0.561064
vt 0.125122 0.547688
vt 0.126017 0.604431
vt 0.125438 0.586999
vt 0.125648 0.593310
vt 0.124433 0.561221
vt 0.124497 0.547590
vt 0.131160 0.597547
vt 0.130610 0.584375
vt 0.130809 0.589146
vt 0.129691 0.564847
vt 0.129716 0.554493
vt 0.131746 0.596080
vt 0.128240 0.529696
vt 0.128394 0.518391
vt 0.121409 0.518610
vt 0.121248 0.528969
vt 0.128499 0.508746
vt 0.121596 0.507430
vt 0.127421 0.528425
vt 0.127579 0.516970
vt 0.120495 0.517191
vt 0.120329 0.527688
vt 0.127687 0.507197
vt 0.120687 0.505863
vt 0.125724 0.525223
vt 0.125886 0.520142
vt 0.122184 0.520239
vt 0.122028 0.524894
vt 0.122218 0.514739
vt 0.125759 0.514617
vt 0.125832 0.509252
vt 0.122327 0.508520
vt 0.124943 0.523704
vt 0.125017 0.520499
vt 0.121263 0.520556
vt 0.121193 0.523492
vt 0.121514 0.512136
vt 0.125093 0.512081
vt 0.125094 0.509396
vt 0.121537 0.509023
vt 0.124724 0.523085
vt 0.124782 0.520941
vt 0.121014 0.520998
vt 0.120960 0.522873
vt 0.124447 0.522755
vt 0.124138 0.520266
vt 0.120330 0.520324
vt 0.120665 0.522541
vt 0.123692 0.518418
vt 0.124065 0.516389
vt 0.120251 0.516446
vt 0.119864 0.518202
vt 0.121226 0.511600
vt 0.124820 0.511545
vt 0.124822 0.508849
vt 0.121249 0.508474
vt 0.120609 0.512356
vt 0.124237 0.512301
vt 0.124240 0.509578
vt 0.120634 0.509200
vt 0.124062 0.512270
vt 0.124428 0.513092
vt 0.120629 0.513062
vt 0.120276 0.512298
vt 0.120615 0.512568
vt 0.124294 0.512538
vt 0.124187 0.510380
vt 0.120527 0.510123
vt 0.482757 0.877907
vt 0.482550 0.873137
vt 0.486505 0.873208
vt 0.486761 0.877976
vt 0.483833 0.883519
vt 0.487988 0.883587
vt 0.446440 0.882911
vt 0.529085 0.873467
vt 0.531125 0.873504
vt 0.531366 0.878268
vt 0.529159 0.878229
vt 0.531130 0.883853
vt 0.528412 0.883809
vt 0.529069 0.889385
vt 0.525674 0.889336
vt 0.492783 0.888868
vt 0.495602 0.888908
vt 0.497807 0.891337
vt 0.497396 0.893499
vt 0.492436 0.888255
vt 0.489560 0.883174
vt 0.492574 0.883224
vt 0.488324 0.877526
vt 0.490977 0.877572
vt 0.488066 0.872727
vt 0.490281 0.872767
vt 0.522915 0.892106
vt 0.524455 0.894175
vt 0.518797 0.894586
vt 0.519178 0.896978
vt 0.513728 0.895220
vt 0.514068 0.898191
vt 0.507625 0.894845
vt 0.508553 0.897754
vt 0.501413 0.894028
vt 0.501841 0.896153
vt 0.486701 0.907522
vt 0.446744 0.907222
vt 0.487149 0.914514
vt 0.446832 0.914313
vt 0.487391 0.917682
vt 0.446892 0.917500
vt 0.487424 0.928026
vt 0.446981 0.927912
vt 0.478662 0.929651
vt 0.477645 0.929700
vt 0.473113 0.929926
vt 0.473247 0.939025
vt 0.473328 0.944552
vt 0.473577 0.961448
vt 0.473473 0.954339
vt 0.475365 0.961721
vt 0.475613 0.961772
vt 0.446602 0.966717
vt 0.483547 0.966103
vt 0.452950 0.368312
vt 0.453286 0.333172
vt 0.493349 0.332932
vt 0.519634 0.332775
vt 0.528198 0.332724
vt 0.495722 0.961473
vt 0.502159 0.961377
vt 0.514426 0.965590
vt 0.506943 0.965715
vt 0.495374 0.961669
vt 0.501779 0.961652
vt 0.492973 0.960223
vt 0.498961 0.960219
vt 0.494095 0.953603
vt 0.500135 0.953581
vt 0.501902 0.944873
vt 0.495781 0.944816
vt 0.496733 0.939855
vt 0.502900 0.939957
vt 0.496235 0.931147
vt 0.502630 0.931151
vt 0.499860 0.929756
vt 0.506732 0.929774
vt 0.500262 0.929706
vt 0.507174 0.929723
vt 0.513014 0.928099
vt 0.521195 0.928122
vt 0.513015 0.917798
vt 0.521208 0.917835
vt 0.512660 0.914641
vt 0.520817 0.914682
vt 0.511987 0.907711
vt 0.520072 0.907772
vt 0.511439 0.902065
vt 0.519466 0.902142
vt 0.515676 0.332798
vt 0.492728 0.961518
vt 0.503461 0.965773
vt 0.492395 0.961676
vt 0.490262 0.960230
vt 0.491359 0.953616
vt 0.493008 0.944789
vt 0.493939 0.939806
vt 0.493335 0.931142
vt 0.496663 0.929748
vt 0.497046 0.929698
vt 0.509207 0.928088
vt 0.509203 0.917781
vt 0.508865 0.914622
vt 0.508225 0.907683
vt 0.507704 0.902030
vt 0.508710 0.332840
vt 0.487430 0.961596
vt 0.497298 0.965875
vt 0.487123 0.961690
vt 0.485315 0.960232
vt 0.486369 0.953634
vt 0.487951 0.944742
vt 0.488845 0.939723
vt 0.488053 0.931140
vt 0.491006 0.929734
vt 0.491356 0.929683
vt 0.502467 0.928069
vt 0.502454 0.917750
vt 0.502146 0.914589
vt 0.501565 0.907633
vt 0.501092 0.901967
vt 0.501960 0.332880
vt 0.482261 0.961673
vt 0.491283 0.965975
vt 0.481979 0.961704
vt 0.482135 0.960200
vt 0.482033 0.953634
vt 0.482188 0.944697
vt 0.482110 0.939644
vt 0.481978 0.931146
vt 0.485485 0.929720
vt 0.485803 0.929669
vt 0.495888 0.928050
vt 0.495866 0.917720
vt 0.495587 0.914556
vt 0.495065 0.907584
vt 0.494639 0.901905
vt 0.497878 0.332905
vt 0.479117 0.961720
vt 0.487625 0.966036
vt 0.478851 0.961712
vt 0.476321 0.961462
vt 0.476214 0.954336
vt 0.475783 0.944586
vt 0.475701 0.939086
vt 0.476536 0.929934
vt 0.481136 0.929709
vt 0.482425 0.929660
vt 0.491886 0.928039
vt 0.491858 0.917702
vt 0.491597 0.914536
vt 0.491110 0.907555
vt 0.490713 0.901868
vt 0.524844 0.907808
vt 0.524203 0.902187
vt 0.525630 0.914706
vt 0.526043 0.917856
vt 0.526024 0.928136
vt 0.511254 0.929734
vt 0.510789 0.929784
vt 0.506314 0.931159
vt 0.506449 0.940020
vt 0.505425 0.944907
vt 0.502406 0.960211
vt 0.503611 0.953565
vt 0.505561 0.961642
vt 0.505959 0.961321
vt 0.518843 0.965517
vt 0.533289 0.332693
vt 0.490839 0.889238
vt 0.491190 0.889243
vt 0.495773 0.893842
vt 0.490845 0.888634
vt 0.500189 0.896480
vt 0.506858 0.898070
vt 0.512339 0.898503
vt 0.517416 0.897298
vt 0.522660 0.894513
vt 0.527264 0.873940
vt 0.527338 0.878672
vt 0.526594 0.884214
vt 0.523872 0.889706
vt 0.496182 0.891695
vt 0.493991 0.889282
vt 0.490982 0.883635
vt 0.489397 0.878021
vt 0.488705 0.873248
vt 0.521131 0.892458
vt 0.517038 0.894922
vt 0.512000 0.895552
vt 0.505937 0.895180
vt 0.499764 0.894369
vt 0.128849 0.731620
vt 0.131871 0.731577
vt 0.128484 0.730454
vt 0.124395 0.730479
vt 0.642643 0.479199
vt 0.663520 0.477144
vt 0.663527 0.513826
vt 0.115832 0.452742
vt 0.116632 0.453341
vt 0.081466 0.624444
vt 0.626237 0.474202
vt 0.643142 0.473688
vt 0.663519 0.473069
vt 0.647656 0.430875
vt 0.643503 0.470257
vt 0.626237 0.469800
vt 0.608989 0.470256
vt 0.588955 0.470786
vt 0.588963 0.430529
vt 0.588911 0.861766
vt 0.588926 0.854957
vt 0.588927 0.853743
vt 0.588930 0.846544
vt 0.588932 0.843906
vt 0.588936 0.834518
vt 0.588940 0.827755
vt 0.588942 0.823590
vt 0.588944 0.819960
vt 0.588964 0.774998
vt 0.588937 0.699837
vt 0.588912 0.637635
vt 0.663527 0.513826
vt 0.663564 0.637635
vt 0.663538 0.699837
vt 0.663509 0.774998
vt 0.663531 0.819960
vt 0.663533 0.823590
vt 0.663538 0.833139
vt 0.663540 0.838563
vt 0.663544 0.846094
vt 0.663545 0.848209
vt 0.663548 0.853743
vt 0.663549 0.854957
vt 0.663565 0.861766
vt 0.513922 0.449867
vt 0.514097 0.460559
vt 0.514304 0.473147
vt 0.511011 0.477120
vt 0.511011 0.495087
vt 0.231475 0.623835
vt 0.446722 0.877289
vt 0.446963 0.872499
vt 0.626237 0.480815
vt 0.079056 0.461726
vt 0.078078 0.455633
vt 0.078452 0.445781
vt 0.663508 0.416626
vt 0.663508 0.421251
vt 0.663510 0.428398
vt 0.084074 0.451903
vt 0.085030 0.452934
vt 0.663518 0.470786
vt 0.663510 0.430529
vt 0.133725 0.732868
vt 0.135727 0.732856
vt 0.588947 0.513826
vt 0.079380 0.740445
vt 0.076794 0.737455
vt 0.907766 0.237665
vt 0.906669 0.259621
vt 0.835249 0.259366
vt 0.833533 0.237545
vt 0.905046 0.274394
vt 0.837769 0.274065
vt 0.903211 0.281002
vt 0.840608 0.280658
vt 0.715358 0.069706
vt 0.713624 0.096510
vt 0.809313 0.096245
vt 0.807948 0.069387
vt 0.711122 0.117805
vt 0.811142 0.117582
vt 0.737123 0.282903
vt 0.734866 0.277330
vt 0.798081 0.276700
vt 0.796985 0.282330
vt 0.732735 0.264464
vt 0.798953 0.263746
vt 0.731057 0.245136
vt 0.799440 0.244304
vt 0.730136 0.221729
vt 0.799430 0.220773
vt 0.730148 0.197796
vt 0.798906 0.196735
vt 0.731070 0.177055
vt 0.797960 0.175927
vt 0.732700 0.162274
vt 0.796761 0.161129
vt 0.734742 0.154700
vt 0.795497 0.153583
vt 0.917318 0.075153
vt 0.917836 0.100834
vt 0.841634 0.100529
vt 0.842174 0.074784
vt 0.917424 0.127220
vt 0.841754 0.126987
vt 0.902658 0.148581
vt 0.904506 0.153224
vt 0.838452 0.153615
vt 0.841297 0.148970
vt 0.906228 0.165960
vt 0.835813 0.166298
vt 0.907514 0.186319
vt 0.833856 0.186537
vt 0.908074 0.211685
vt 0.833025 0.211738
vt 0.632372 0.166622
vt 0.631322 0.158779
vt 0.633094 0.151032
vt 0.637519 0.144136
vt 0.644174 0.138765
vt 0.652412 0.135448
vt 0.661431 0.134516
vt 0.670347 0.136068
vt 0.678280 0.139955
vt 0.684445 0.145798
vt 0.688234 0.153022
vt 0.689271 0.160913
vt 0.687457 0.168691
vt 0.682976 0.175591
vt 0.676274 0.180937
vt 0.668014 0.184209
vt 0.659008 0.185094
vt 0.650134 0.183510
vt 0.642257 0.179619
vt 0.636139 0.173801
vt 0.673372 0.269397
vt 0.670470 0.276288
vt 0.665729 0.281855
vt 0.659617 0.285550
vt 0.652739 0.287012
vt 0.645772 0.286101
vt 0.639400 0.282912
vt 0.634245 0.277763
vt 0.630806 0.271161
vt 0.629416 0.263753
vt 0.630206 0.256261
vt 0.633095 0.249411
vt 0.637804 0.243870
vt 0.643876 0.240174
vt 0.650722 0.238687
vt 0.657676 0.239558
vt 0.664061 0.242706
vt 0.669248 0.247830
vt 0.672725 0.254431
vt 0.674148 0.261864
vt 0.693254 0.274327
vt 0.687610 0.286671
vt 0.671093 0.276772
vt 0.674129 0.269563
vt 0.678412 0.296652
vt 0.666132 0.282598
vt 0.666580 0.303280
vt 0.659737 0.286464
vt 0.653291 0.305907
vt 0.652540 0.287993
vt 0.639863 0.304289
vt 0.645251 0.287039
vt 0.627615 0.298604
vt 0.638585 0.283701
vt 0.617741 0.289428
vt 0.633192 0.278314
vt 0.611188 0.277670
vt 0.629597 0.271407
vt 0.608578 0.264481
vt 0.628143 0.263658
vt 0.610151 0.251139
vt 0.628970 0.255820
vt 0.615747 0.238930
vt 0.631993 0.248655
vt 0.624825 0.229032
vt 0.636918 0.242858
vt 0.636512 0.222399
vt 0.643269 0.238992
vt 0.649687 0.219684
vt 0.650431 0.237436
vt 0.663074 0.221163
vt 0.657706 0.238345
vt 0.675370 0.226712
vt 0.664385 0.241638
vt 0.685364 0.235806
vt 0.669812 0.246997
vt 0.692062 0.247568
vt 0.673452 0.253904
vt 0.694786 0.260846
vt 0.674941 0.261680
vt 0.673901 0.269513
vt 0.670906 0.276627
vt 0.666011 0.282375
vt 0.659701 0.286190
vt 0.652600 0.287698
vt 0.645407 0.286757
vt 0.638830 0.283464
vt 0.633508 0.278148
vt 0.629960 0.271333
vt 0.628525 0.263686
vt 0.629341 0.255952
vt 0.632324 0.248882
vt 0.637184 0.243162
vt 0.643451 0.239347
vt 0.650518 0.237811
vt 0.657697 0.238709
vt 0.664287 0.241958
vt 0.669643 0.247247
vt 0.673234 0.254062
vt 0.674703 0.261736
vt 0.612986 0.173100
vt 0.611199 0.157941
vt 0.629760 0.158885
vt 0.630858 0.167078
vt 0.614164 0.142956
vt 0.631610 0.150792
vt 0.621609 0.129598
vt 0.636233 0.143587
vt 0.632829 0.119172
vt 0.643184 0.137974
vt 0.646744 0.112713
vt 0.651791 0.134508
vt 0.662000 0.110875
vt 0.661214 0.133533
vt 0.677099 0.113859
vt 0.670530 0.135153
vt 0.690542 0.121390
vt 0.678820 0.139215
vt 0.700991 0.132729
vt 0.685263 0.145321
vt 0.707404 0.146755
vt 0.689222 0.152870
vt 0.709145 0.162071
vt 0.690306 0.161115
vt 0.706049 0.177156
vt 0.688410 0.169243
vt 0.698440 0.190520
vt 0.683727 0.176452
vt 0.687085 0.200852
vt 0.676723 0.182037
vt 0.673115 0.207156
vt 0.668093 0.185455
vt 0.657905 0.208837
vt 0.658683 0.186378
vt 0.642937 0.205752
vt 0.649413 0.184722
vt 0.629658 0.198217
vt 0.641184 0.180656
vt 0.619344 0.186970
vt 0.634793 0.174578
vt 0.631370 0.166924
vt 0.630288 0.158849
vt 0.632112 0.150873
vt 0.636668 0.143772
vt 0.643519 0.138242
vt 0.652001 0.134826
vt 0.661288 0.133866
vt 0.670468 0.135463
vt 0.678637 0.139465
vt 0.684987 0.145482
vt 0.688888 0.152921
vt 0.689956 0.161047
vt 0.688088 0.169056
vt 0.683473 0.176161
vt 0.676571 0.181665
vt 0.668066 0.185034
vt 0.658793 0.185943
vt 0.649657 0.184312
vt 0.641547 0.180305
vt 0.635248 0.174315
vt 0.914593 0.211680
vt 0.914213 0.237675
vt 0.913911 0.186300
vt 0.912341 0.165931
vt 0.910238 0.153190
vt 0.907980 0.148547
vt 0.924387 0.100860
vt 0.923929 0.127240
vt 0.923779 0.075185
vt 0.727203 0.162372
vt 0.729527 0.154796
vt 0.725331 0.177152
vt 0.724249 0.197887
vt 0.724192 0.221810
vt 0.725190 0.245208
vt 0.727053 0.264526
vt 0.729441 0.277384
vt 0.731985 0.282953
vt 0.705395 0.096534
vt 0.702522 0.117825
vt 0.707394 0.069733
vt 0.910886 0.274423
vt 0.908642 0.281032
vt 0.912871 0.259643
vt 0.829672 0.259346
vt 0.827738 0.237536
vt 0.832513 0.274040
vt 0.835715 0.280632
vt 0.816856 0.096224
vt 0.815246 0.069361
vt 0.819027 0.117565
vt 0.803075 0.276651
vt 0.801712 0.282285
vt 0.804184 0.263689
vt 0.804844 0.244238
vt 0.804906 0.220698
vt 0.804340 0.196651
vt 0.803245 0.175838
vt 0.801822 0.161039
vt 0.800295 0.153495
vt 0.835625 0.100505
vt 0.836249 0.074755
vt 0.835788 0.126969
vt 0.833291 0.153646
vt 0.836501 0.149001
vt 0.830314 0.166324
vt 0.828106 0.186555
vt 0.827168 0.211742
vt 0.907766 0.237665
vt 0.906669 0.259621
vt 0.835249 0.259366
vt 0.833533 0.237545
vt 0.905046 0.274394
vt 0.837769 0.274065
vt 0.903211 0.281002
vt 0.840608 0.280658
vt 0.715358 0.069706
vt 0.713624 0.096510
vt 0.809313 0.096245
vt 0.807948 0.069387
vt 0.711122 0.117805
vt 0.811142 0.117582
vt 0.737123 0.282903
vt 0.734866 0.277330
vt 0.798081 0.276700
vt 0.796985 0.282330
vt 0.732735 0.264464
vt 0.798953 0.263746
vt 0.731057 0.245136
vt 0.799440 0.244304
vt 0.730136 0.221729
vt 0.799430 0.220773
vt 0.730148 0.197796
vt 0.798906 0.196735
vt 0.731070 0.177055
vt 0.797960 0.175927
vt 0.732700 0.162274
vt 0.796761 0.161129
vt 0.734742 0.154700
vt 0.795497 0.153583
vt 0.917318 0.075153
vt 0.917836 0.100834
vt 0.841634 0.100529
vt 0.842174 0.074784
vt 0.917424 0.127220
vt 0.841754 0.126987
vt 0.902658 0.148581
vt 0.904506 0.153224
vt 0.838452 0.153615
vt 0.841297 0.148970
vt 0.906228 0.165960
vt 0.835813 0.166298
vt 0.907514 0.186319
vt 0.833856 0.186537
vt 0.908074 0.211685
vt 0.833025 0.211738
vt 0.632372 0.166622
vt 0.631322 0.158779
vt 0.633094 0.151032
vt 0.637519 0.144136
vt 0.644174 0.138765
vt 0.652412 0.135448
vt 0.661431 0.134516
vt 0.670347 0.136068
vt 0.678280 0.139955
vt 0.684445 0.145798
vt 0.688234 0.153022
vt 0.689271 0.160913
vt 0.687457 0.168691
vt 0.682976 0.175591
vt 0.676274 0.180937
vt 0.668014 0.184209
vt 0.659008 0.185094
vt 0.650134 0.183510
vt 0.642257 0.179619
vt 0.636139 0.173801
vt 0.673372 0.269397
vt 0.670470 0.276288
vt 0.665729 0.281855
vt 0.659617 0.285550
vt 0.652739 0.287012
vt 0.645772 0.286101
vt 0.639400 0.282912
vt 0.634245 0.277763
vt 0.630806 0.271161
vt 0.629416 0.263753
vt 0.630206 0.256261
vt 0.633095 0.249411
vt 0.637804 0.243870
vt 0.643876 0.240174
vt 0.650722 0.238687
vt 0.657676 0.239558
vt 0.664061 0.242706
vt 0.669248 0.247830
vt 0.672725 0.254431
vt 0.674148 0.261864
vt 0.693254 0.274327
vt 0.687610 0.286671
vt 0.671093 0.276772
vt 0.674129 0.269563
vt 0.678412 0.296652
vt 0.666132 0.282598
vt 0.666580 0.303280
vt 0.659737 0.286464
vt 0.653291 0.305907
vt 0.652540 0.287993
vt 0.639863 0.304289
vt 0.645251 0.287039
vt 0.627615 0.298604
vt 0.638585 0.283701
vt 0.617741 0.289428
vt 0.633192 0.278314
vt 0.611188 0.277670
vt 0.629597 0.271407
vt 0.608578 0.264481
vt 0.628143 0.263658
vt 0.610151 0.251139
vt 0.628970 0.255820
vt 0.615747 0.238930
vt 0.631993 0.248655
vt 0.624825 0.229032
vt 0.636918 0.242858
vt 0.636512 0.222399
vt 0.643269 0.238992
vt 0.649687 0.219684
vt 0.650431 0.237436
vt 0.663074 0.221163
vt 0.657706 0.238345
vt 0.675370 0.226712
vt 0.664385 0.241638
vt 0.685364 0.235806
vt 0.669812 0.246997
vt 0.692062 0.247568
vt 0.673452 0.253904
vt 0.694786 0.260846
vt 0.674941 0.261680
vt 0.673901 0.269513
vt 0.670906 0.276627
vt 0.666011 0.282375
vt 0.659701 0.286190
vt 0.652600 0.287698
vt 0.645407 0.286757
vt 0.638830 0.283464
vt 0.633508 0.278148
vt 0.629960 0.271333
vt 0.628525 0.263686
vt 0.629341 0.255952
vt 0.632324 0.248882
vt 0.637184 0.243162
vt 0.643451 0.239347
vt 0.650518 0.237811
vt 0.657697 0.238709
vt 0.664287 0.241958
vt 0.669643 0.247247
vt 0.673234 0.254062
vt 0.674703 0.261736
vt 0.612986 0.173100
vt 0.611199 0.157941
vt 0.629760 0.158885
vt 0.630858 0.167078
vt 0.614164 0.142956
vt 0.631610 0.150792
vt 0.621609 0.129598
vt 0.636233 0.143587
vt 0.632829 0.119172
vt 0.643184 0.137974
vt 0.646744 0.112713
vt 0.651791 0.134508
vt 0.662000 0.110875
vt 0.661214 0.133533
vt 0.677099 0.113859
vt 0.670530 0.135153
vt 0.690542 0.121390
vt 0.678820 0.139215
vt 0.700991 0.132729
vt 0.685263 0.145321
vt 0.707404 0.146755
vt 0.689222 0.152870
vt 0.709145 0.162071
vt 0.690306 0.161115
vt 0.706049 0.177156
vt 0.688410 0.169243
vt 0.698440 0.190520
vt 0.683727 0.176452
vt 0.687085 0.200852
vt 0.676723 0.182037
vt 0.673115 0.207156
vt 0.668093 0.185455
vt 0.657905 0.208837
vt 0.658683 0.186378
vt 0.642937 0.205752
vt 0.649413 0.184722
vt 0.629658 0.198217
vt 0.641184 0.180656
vt 0.619344 0.186970
vt 0.634793 0.174578
vt 0.631370 0.166924
vt 0.630288 0.158849
vt 0.632112 0.150873
vt 0.636668 0.143772
vt 0.643519 0.138242
vt 0.652001 0.134826
vt 0.661288 0.133866
vt 0.670468 0.135463
vt 0.678637 0.139465
vt 0.684987 0.145482
vt 0.688888 0.152921
vt 0.689956 0.161047
vt 0.688088 0.169056
vt 0.683473 0.176161
vt 0.676571 0.181665
vt 0.668066 0.185034
vt 0.658793 0.185943
vt 0.649657 0.184312
vt 0.641547 0.180305
vt 0.635248 0.174315
vt 0.914593 0.211680
vt 0.914213 0.237675
vt 0.913911 0.186300
vt 0.912341 0.165931
vt 0.910238 0.153190
vt 0.907980 0.148547
vt 0.924387 0.100860
vt 0.923929 0.127240
vt 0.923779 0.075185
vt 0.727203 0.162372
vt 0.729527 0.154796
vt 0.725331 0.177152
vt 0.724249 0.197887
vt 0.724192 0.221810
vt 0.725190 0.245208
vt 0.727053 0.264526
vt 0.729441 0.277384
vt 0.731985 0.282953
vt 0.705395 0.096534
vt 0.702522 0.117825
vt 0.707394 0.069733
vt 0.910886 0.274423
vt 0.908642 0.281032
vt 0.912871 0.259643
vt 0.829672 0.259346
vt 0.827738 0.237536
vt 0.832513 0.274040
vt 0.835715 0.280632
vt 0.816856 0.096224
vt 0.815246 0.069361
vt 0.819027 0.117565
vt 0.803075 0.276651
vt 0.801712 0.282285
vt 0.804184 0.263689
vt 0.804844 0.244238
vt 0.804906 0.220698
vt 0.804340 0.196651
vt 0.803245 0.175838
vt 0.801822 0.161039
vt 0.800295 0.153495
vt 0.835625 0.100505
vt 0.836249 0.074755
vt 0.835788 0.126969
vt 0.833291 0.153646
vt 0.836501 0.149001
vt 0.830314 0.166324
vt 0.828106 0.186555
vt 0.827168 0.211742
vt 0.907766 0.237665
vt 0.906669 0.259621
vt 0.835249 0.259366
vt 0.833533 0.237545
vt 0.905046 0.274394
vt 0.837769 0.274065
vt 0.903211 0.281002
vt 0.840608 0.280658
vt 0.715358 0.069706
vt 0.713624 0.096510
vt 0.809313 0.096245
vt 0.807948 0.069387
vt 0.711122 0.117805
vt 0.811142 0.117582
vt 0.737123 0.282903
vt 0.734866 0.277330
vt 0.798081 0.276700
vt 0.796985 0.282330
vt 0.732735 0.264464
vt 0.798953 0.263746
vt 0.731057 0.245136
vt 0.799440 0.244304
vt 0.730136 0.221729
vt 0.799430 0.220773
vt 0.730148 0.197796
vt 0.798906 0.196735
vt 0.731070 0.177055
vt 0.797960 0.175927
vt 0.732700 0.162274
vt 0.796761 0.161129
vt 0.734742 0.154700
vt 0.795497 0.153583
vt 0.917318 0.075153
vt 0.917836 0.100834
vt 0.841634 0.100529
vt 0.842174 0.074784
vt 0.917424 0.127220
vt 0.841754 0.126987
vt 0.902658 0.148581
vt 0.904506 0.153224
vt 0.838452 0.153615
vt 0.841297 0.148970
vt 0.906228 0.165960
vt 0.835813 0.166298
vt 0.907514 0.186319
vt 0.833856 0.186537
vt 0.908074 0.211685
vt 0.833025 0.211738
vt 0.632372 0.166622
vt 0.631322 0.158779
vt 0.633094 0.151032
vt 0.637519 0.144136
vt 0.644174 0.138765
vt 0.652412 0.135448
vt 0.661431 0.134516
vt 0.670347 0.136068
vt 0.678280 0.139955
vt 0.684445 0.145798
vt 0.688234 0.153022
vt 0.689271 0.160913
vt 0.687457 0.168691
vt 0.682976 0.175591
vt 0.676274 0.180937
vt 0.668014 0.184209
vt 0.659008 0.185094
vt 0.650134 0.183510
vt 0.642257 0.179619
vt 0.636139 0.173801
vt 0.673372 0.269397
vt 0.670470 0.276288
vt 0.665729 0.281855
vt 0.659617 0.285550
vt 0.652739 0.287012
vt 0.645772 0.286101
vt 0.639400 0.282912
vt 0.634245 0.277763
vt 0.630806 0.271161
vt 0.629416 0.263753
vt 0.630206 0.256261
vt 0.633095 0.249411
vt 0.637804 0.243870
vt 0.643876 0.240174
vt 0.650722 0.238687
vt 0.657676 0.239558
vt 0.664061 0.242706
vt 0.669248 0.247830
vt 0.672725 0.254431
vt 0.674148 0.261864
vt 0.693254 0.274327
vt 0.687610 0.286671
vt 0.671093 0.276772
vt 0.674129 0.269563
vt 0.678412 0.296652
vt 0.666132 0.282598
vt 0.666580 0.303280
vt 0.659737 0.286464
vt 0.653291 0.305907
vt 0.652540 0.287993
vt 0.639863 0.304289
vt 0.645251 0.287039
vt 0.627615 0.298604
vt 0.638585 0.283701
vt 0.617741 0.289428
vt 0.633192 0.278314
vt 0.611188 0.277670
vt 0.629597 0.271407
vt 0.608578 0.264481
vt 0.628143 0.263658
vt 0.610151 0.251139
vt 0.628970 0.255820
vt 0.615747 0.238930
vt 0.631993 0.248655
vt 0.624825 0.229032
vt 0.636918 0.242858
vt 0.636512 0.222399
vt 0.643269 0.238992
vt 0.649687 0.219684
vt 0.650431 0.237436
vt 0.663074 0.221163
vt 0.657706 0.238345
vt 0.675370 0.226712
vt 0.664385 0.241638
vt 0.685364 0.235806
vt 0.669812 0.246997
vt 0.692062 0.247568
vt 0.673452 0.253904
vt 0.694786 0.260846
vt 0.674941 0.261680
vt 0.673901 0.269513
vt 0.670906 0.276627
vt 0.666011 0.282375
vt 0.659701 0.286190
vt 0.652600 0.287698
vt 0.645407 0.286757
vt 0.638830 0.283464
vt 0.633508 0.278148
vt 0.629960 0.271333
vt 0.628525 0.263686
vt 0.629341 0.255952
vt 0.632324 0.248882
vt 0.637184 0.243162
vt 0.643451 0.239347
vt 0.650518 0.237811
vt 0.657697 0.238709
vt 0.664287 0.241958
vt 0.669643 0.247247
vt 0.673234 0.254062
vt 0.674703 0.261736
vt 0.612986 0.173100
vt 0.611199 0.157941
vt 0.629760 0.158885
vt 0.630858 0.167078
vt 0.614164 0.142956
vt 0.631610 0.150792
vt 0.621609 0.129598
vt 0.636233 0.143587
vt 0.632829 0.119172
vt 0.643184 0.137974
vt 0.646744 0.112713
vt 0.651791 0.134508
vt 0.662000 0.110875
vt 0.661214 0.133533
vt 0.677099 0.113859
vt 0.670530 0.135153
vt 0.690542 0.121390
vt 0.678820 0.139215
vt 0.700991 0.132729
vt 0.685263 0.145321
vt 0.707404 0.146755
vt 0.689222 0.152870
vt 0.709145 0.162071
vt 0.690306 0.161115
vt 0.706049 0.177156
vt 0.688410 0.169243
vt 0.698440 0.190520
vt 0.683727 0.176452
vt 0.687085 0.200852
vt 0.676723 0.182037
vt 0.673115 0.207156
vt 0.668093 0.185455
vt 0.657905 0.208837
vt 0.658683 0.186378
vt 0.642937 0.205752
vt 0.649413 0.184722
vt 0.629658 0.198217
vt 0.641184 0.180656
vt 0.619344 0.186970
vt 0.634793 0.174578
vt 0.631370 0.166924
vt 0.630288 0.158849
vt 0.632112 0.150873
vt 0.636668 0.143772
vt 0.643519 0.138242
vt 0.652001 0.134826
vt 0.661288 0.133866
vt 0.670468 0.135463
vt 0.678637 0.139465
vt 0.684987 0.145482
vt 0.688888 0.152921
vt 0.689956 0.161047
vt 0.688088 0.169056
vt 0.683473 0.176161
vt 0.676571 0.181665
vt 0.668066 0.185034
vt 0.658793 0.185943
vt 0.649657 0.184312
vt 0.641547 0.180305
vt 0.635248 0.174315
vt 0.914593 0.211680
vt 0.914213 0.237675
vt 0.913911 0.186300
vt 0.912341 0.165931
vt 0.910238 0.153190
vt 0.907980 0.148547
vt 0.924387 0.100860
vt 0.923929 0.127240
vt 0.923779 0.075185
vt 0.727203 0.162372
vt 0.729527 0.154796
vt 0.725331 0.177152
vt 0.724249 0.197887
vt 0.724192 0.221810
vt 0.725190 0.245208
vt 0.727053 0.264526
vt 0.729441 0.277384
vt 0.731985 0.282953
vt 0.705395 0.096534
vt 0.702522 0.117825
vt 0.707394 0.069733
vt 0.910886 0.274423
vt 0.908642 0.281032
vt 0.912871 0.259643
vt 0.829672 0.259346
vt 0.827738 0.237536
vt 0.832513 0.274040
vt 0.835715 0.280632
vt 0.816856 0.096224
vt 0.815246 0.069361
vt 0.819027 0.117565
vt 0.803075 0.276651
vt 0.801712 0.282285
vt 0.804184 0.263689
vt 0.804844 0.244238
vt 0.804906 0.220698
vt 0.804340 0.196651
vt 0.803245 0.175838
vt 0.801822 0.161039
vt 0.800295 0.153495
vt 0.835625 0.100505
vt 0.836249 0.074755
vt 0.835788 0.126969
vt 0.833291 0.153646
vt 0.836501 0.149001
vt 0.830314 0.166324
vt 0.828106 0.186555
vt 0.827168 0.211742
vn 0.962843 0.268658 0.027495
vn 0.832602 0.553150 0.028273
vn 0.832602 0.553150 0.028272
vn 0.962843 0.268657 0.027501
vn 0.620880 0.783464 0.026285
vn 0.620880 0.783465 0.026275
vn 0.348377 0.937103 0.021719
vn 0.348377 0.937103 0.021712
vn 0.041764 0.999015 0.015027
vn 0.041763 0.999015 0.015026
vn -0.268930 0.963135 0.006864
vn -0.268932 0.963135 0.006865
vn -0.553310 0.832973 -0.001972
vn -0.553311 0.832973 -0.001969
vn -0.783524 0.621270 -0.010610
vn -0.783525 0.621270 -0.010610
vn -0.937031 0.348772 -0.018210
vn -0.937031 0.348771 -0.018212
vn -0.998823 0.042131 -0.024032
vn -0.998823 0.042131 -0.024031
vn -0.962841 -0.268664 -0.027497
vn -0.962841 -0.268665 -0.027499
vn -0.832611 -0.553137 -0.028268
vn -0.832610 -0.553138 -0.028274
vn -0.620887 -0.783460 -0.026279
vn -0.620885 -0.783461 -0.026279
vn -0.348372 -0.937105 -0.021716
vn -0.348373 -0.937105 -0.021713
vn -0.041764 -0.999015 -0.015025
vn -0.041763 -0.999015 -0.015025
vn 0.268932 -0.963135 -0.006864
vn 0.268931 -0.963135 -0.006867
vn 0.553306 -0.832976 0.001971
vn 0.553305 -0.832976 0.001964
vn 0.783512 -0.621286 0.010611
vn 0.783512 -0.621286 0.010603
vn 0.937031 -0.348770 0.018211
vn 0.937032 -0.348769 0.018207
vn 0.998823 -0.042127 0.024030
vn 0.998823 -0.042127 0.024031
vn 0.024631 0.014003 -0.999599
vn 0.024642 0.014004 -0.999598
vn 0.024639 0.014003 -0.999598
vn 0.024638 0.014004 -0.999598
vn 0.024636 0.014004 -0.999598
vn 0.024638 0.014004 -0.999598
vn 0.024639 0.014004 -0.999598
vn 0.024639 0.014004 -0.999598
vn 0.024640 0.014003 -0.999598
vn 0.024640 0.014003 -0.999598
vn 0.024639 0.014003 -0.999598
vn 0.024640 0.014004 -0.999598
vn 0.024639 0.014004 -0.999598
vn 0.024638 0.014004 -0.999598
vn 0.024639 0.014004 -0.999598
vn 0.024639 0.014004 -0.999598
vn 0.024637 0.014004 -0.999598
vn 0.024643 0.014004 -0.999598
vn 0.024643 0.014005 -0.999598
vn 0.024627 0.014005 -0.999599
vn -0.024626 -0.013997 0.999599
vn -0.024633 -0.013999 0.999599
vn -0.024639 -0.014006 0.999598
vn -0.024640 -0.014005 0.999598
vn -0.024639 -0.014003 0.999598
vn -0.024639 -0.014003 0.999598
vn -0.024640 -0.014005 0.999598
vn -0.024639 -0.014000 0.999598
vn -0.024638 -0.014002 0.999598
vn -0.024640 -0.014008 0.999598
vn -0.024640 -0.014005 0.999598
vn -0.024640 -0.014002 0.999598
vn -0.024639 -0.014007 0.999598
vn -0.024639 -0.014004 0.999598
vn -0.024639 -0.014003 0.999598
vn -0.024639 -0.014002 0.999598
vn -0.024639 -0.014003 0.999598
vn -0.024641 -0.013996 0.999598
vn -0.024641 -0.013999 0.999598
vn -0.024638 -0.014003 0.999598
vn -0.024639 -0.014005 0.999598
vn -0.024640 -0.014004 0.999598
vn -0.024640 -0.014004 0.999598
vn -0.024639 -0.014005 0.999598
vn -0.024639 -0.014003 0.999598
vn -0.024639 -0.014003 0.999598
vn -0.024638 -0.014003 0.999598
vn -0.024638 -0.014003 0.999598
vn -0.024640 -0.014003 0.999598
vn -0.024640 -0.014003 0.999598
vn -0.024639 -0.014003 0.999598
vn -0.024639 -0.014003 0.999598
vn -0.024639 -0.014004 0.999598
vn -0.024639 -0.014004 0.999598
vn -0.024639 -0.014004 0.999598
vn -0.024639 -0.014004 0.999598
vn -0.024639 -0.014004 0.999598
vn -0.024639 -0.014004 0.999598
vn -0.024639 -0.014005 0.999598
vn -0.024639 -0.014005 0.999598
vn -0.024638 -0.014004 0.999598
vn -0.024638 -0.014004 0.999598
vn -0.024639 -0.014002 0.999598
vn -0.024640 -0.014002 0.999598
vn -0.024639 -0.014002 0.999598
vn -0.024639 -0.014002 0.999598
vn -0.024639 -0.014003 0.999598
vn -0.024639 -0.014003 0.999598
vn -0.024640 -0.014002 0.999598
vn -0.024640 -0.014002 0.999598
vn -0.024638 -0.014002 0.999598
vn -0.024638 -0.014002 0.999598
vn -0.024639 -0.014004 0.999598
vn -0.024639 -0.014004 0.999598
vn -0.024640 -0.014005 0.999598
vn -0.024640 -0.014005 0.999598
vn -0.024640 -0.014004 0.999598
vn -0.024640 -0.014004 0.999598
vn -0.024639 -0.014003 0.999598
vn -0.024639 -0.014003 0.999598
vn -0.968494 -0.247532 -0.027332
vn -0.852081 -0.522643 -0.028314
vn -0.852083 -0.522639 -0.028326
vn -0.968492 -0.247535 -0.027370
vn -0.649514 -0.759883 -0.026656
vn -0.649510 -0.759886 -0.026643
vn -0.370227 -0.928678 -0.022138
vn -0.370219 -0.928681 -0.022128
vn -0.041843 -0.999011 -0.015034
vn -0.041844 -0.999011 -0.015034
vn 0.291300 -0.956611 -0.006227
vn 0.291302 -0.956611 -0.006229
vn 0.583756 -0.811923 0.003018
vn 0.583757 -0.811923 0.003018
vn 0.805479 -0.592511 0.011575
vn 0.805480 -0.592509 0.011585
vn 0.944481 -0.328034 0.018716
vn 0.944479 -0.328038 0.018730
vn 0.998827 -0.042039 0.024038
vn 0.998827 -0.042046 0.024038
vn 0.968502 0.247504 0.027323
vn 0.968503 0.247499 0.027305
vn 0.852071 0.522661 0.028309
vn 0.852074 0.522656 0.028287
vn 0.649502 0.759892 0.026650
vn 0.649506 0.759890 0.026641
vn 0.370235 0.928674 0.022139
vn 0.370227 0.928678 0.022139
vn 0.041852 0.999011 0.015028
vn 0.041852 0.999011 0.015027
vn -0.291294 0.956613 0.006212
vn -0.291292 0.956614 0.006208
vn -0.583761 0.811920 -0.003029
vn -0.583773 0.811911 -0.003047
vn -0.805480 0.592511 -0.011534
vn -0.805487 0.592501 -0.011553
vn -0.944474 0.328057 -0.018658
vn -0.944469 0.328070 -0.018665
vn -0.998828 0.042021 -0.024033
vn -0.998827 0.042023 -0.024057
vn 0.024639 0.014004 -0.999598
vn 0.024640 0.014003 -0.999598
vn 0.024640 0.014003 -0.999598
vn 0.024639 0.014004 -0.999598
vn 0.024639 0.014003 -0.999598
vn 0.024639 0.014003 -0.999598
vn 0.024639 0.014003 -0.999598
vn 0.024639 0.014003 -0.999598
vn 0.024640 0.014003 -0.999598
vn 0.024640 0.014003 -0.999598
vn 0.024639 0.014003 -0.999598
vn 0.024639 0.014003 -0.999598
vn 0.024639 0.014003 -0.999598
vn 0.024639 0.014003 -0.999598
vn 0.024640 0.014003 -0.999598
vn 0.024640 0.014003 -0.999598
vn 0.024640 0.014003 -0.999598
vn 0.024640 0.014003 -0.999598
vn 0.024640 0.014004 -0.999598
vn 0.024640 0.014004 -0.999598
vn 0.024640 0.014004 -0.999598
vn 0.024640 0.014004 -0.999598
vn 0.024640 0.014004 -0.999598
vn 0.024640 0.014004 -0.999598
vn 0.024640 0.014005 -0.999598
vn 0.024640 0.014005 -0.999598
vn 0.024639 0.014003 -0.999598
vn 0.024639 0.014003 -0.999598
vn 0.024638 0.014003 -0.999598
vn 0.024638 0.014003 -0.999598
vn 0.024640 0.014003 -0.999598
vn 0.024640 0.014003 -0.999598
vn 0.024640 0.014004 -0.999598
vn 0.024640 0.014004 -0.999598
vn 0.024638 0.014004 -0.999598
vn 0.024639 0.014004 -0.999598
vn 0.024639 0.014004 -0.999598
vn 0.024639 0.014004 -0.999598
vn 0.024639 0.014004 -0.999598
vn 0.024639 0.014004 -0.999598
vn -0.952109 -0.304497 -0.027745
vn -0.998551 0.048199 -0.023934
vn -0.998551 0.048194 -0.023949
vn -0.952106 -0.304505 -0.027756
vn -0.919702 0.392242 -0.017158
vn -0.919699 0.392248 -0.017181
vn -0.740084 0.672456 -0.008805
vn -0.740090 0.672449 -0.008824
vn -0.501512 0.865151 -0.000235
vn -0.501498 0.865159 -0.000245
vn -0.236729 0.971545 0.007777
vn -0.236736 0.971543 0.007777
vn 0.036453 0.999224 0.014898
vn 0.036450 0.999224 0.014900
vn 0.308505 0.950992 0.020928
vn 0.308511 0.950991 0.020928
vn 0.568600 0.822218 0.025537
vn 0.568594 0.822222 0.025533
vn 0.795331 0.605524 0.028089
vn 0.795332 0.605523 0.028087
vn 0.952114 0.304484 0.027735
vn 0.952114 0.304482 0.027736
vn 0.998550 -0.048212 0.023938
vn 0.998550 -0.048214 0.023947
vn 0.919707 -0.392230 0.017179
vn 0.919708 -0.392225 0.017202
vn 0.740094 -0.672446 0.008833
vn 0.740099 -0.672440 0.008852
vn 0.501507 -0.865153 0.000253
vn 0.501504 -0.865155 0.000258
vn 0.236741 -0.971542 -0.007771
vn 0.236734 -0.971543 -0.007769
vn -0.036448 -0.999225 -0.014897
vn -0.036455 -0.999224 -0.014897
vn -0.308511 -0.950991 -0.020923
vn -0.308504 -0.950993 -0.020924
vn -0.568592 -0.822223 -0.025525
vn -0.568601 -0.822217 -0.025522
vn -0.795333 -0.605521 -0.028090
vn -0.795333 -0.605522 -0.028096
vn 0.998822 -0.042132 0.024064
vn 0.962840 0.268671 0.027464
vn -0.952112 -0.304489 -0.027723
vn -0.998551 0.048208 -0.023903
vn 0.937030 -0.348772 0.018276
vn -0.919699 0.392252 -0.017110
vn 0.783521 -0.621274 0.010655
vn -0.740086 0.672455 -0.008767
vn 0.553298 -0.832981 0.001978
vn -0.501500 0.865158 -0.000212
vn 0.268932 -0.963135 -0.006869
vn -0.236738 0.971543 0.007777
vn -0.041763 -0.999015 -0.015027
vn 0.036451 0.999225 0.014894
vn -0.348366 -0.937106 -0.021739
vn 0.308507 0.950992 0.020929
vn -0.620876 -0.783467 -0.026309
vn 0.568590 0.822224 0.025544
vn -0.832615 -0.553131 -0.028265
vn 0.795331 0.605524 0.028095
vn -0.962845 -0.268654 -0.027482
vn 0.952113 0.304486 0.027734
vn -0.998824 0.042126 -0.024013
vn 0.998551 -0.048212 0.023919
vn -0.937034 0.348765 -0.018178
vn 0.919708 -0.392229 0.017130
vn -0.783521 0.621275 -0.010602
vn 0.740096 -0.672444 0.008796
vn -0.553304 0.832977 -0.001986
vn 0.501505 -0.865155 0.000242
vn -0.268934 0.963134 0.006861
vn 0.236739 -0.971542 -0.007774
vn 0.041756 0.999015 0.015036
vn -0.036447 -0.999225 -0.014896
vn 0.348388 0.937098 0.021758
vn -0.308495 -0.950996 -0.020921
vn 0.620889 0.783456 0.026346
vn -0.568595 -0.822221 -0.025531
vn 0.832609 0.553139 0.028269
vn -0.795321 -0.605538 -0.028079
vn 0.832608 0.553142 0.028263
vn 0.962842 0.268657 0.027554
vn -0.968501 -0.247514 -0.027239
vn -0.852074 -0.522657 -0.028283
vn 0.620895 0.783456 0.026204
vn -0.649509 -0.759886 -0.026688
vn 0.348386 0.937101 0.021670
vn -0.370220 -0.928680 -0.022164
vn 0.041767 0.999014 0.015026
vn -0.041850 -0.999011 -0.015033
vn -0.268925 0.963137 0.006884
vn 0.291296 -0.956613 -0.006220
vn -0.553312 0.832972 -0.001946
vn 0.583752 -0.811927 0.003016
vn -0.783522 0.621274 -0.010591
vn 0.805475 -0.592517 0.011550
vn -0.937030 0.348774 -0.018192
vn 0.944483 -0.328028 0.018681
vn -0.998824 0.042128 -0.024002
vn 0.998828 -0.042015 0.024036
vn -0.962841 -0.268663 -0.027512
vn 0.968500 0.247506 0.027366
vn -0.832612 -0.553132 -0.028340
vn 0.852073 0.522655 0.028361
vn -0.620885 -0.783460 -0.026313
vn 0.649510 0.759885 0.026672
vn -0.348360 -0.937109 -0.021703
vn 0.370234 0.928675 0.022139
vn -0.041758 -0.999015 -0.015026
vn 0.041852 0.999011 0.015029
vn 0.268946 -0.963131 -0.006902
vn -0.291299 0.956612 0.006221
vn 0.553319 -0.832967 0.001886
vn -0.583763 0.811919 -0.002985
vn 0.783521 -0.621276 0.010549
vn -0.805472 0.592522 -0.011486
vn 0.937031 -0.348769 0.018233
vn -0.944481 0.328037 -0.018641
vn 0.998822 -0.042119 0.024088
vn -0.998829 0.042019 -0.023974
vn 0.000000 0.000000 1.000000
vn 0.000000 0.000000 1.000000
vn 0.000000 0.000000 1.000000
vn 0.000000 0.000000 1.000000
vn -0.012818 0.999888 -0.007798
vn -0.012818 0.999888 -0.007798
vn -0.012818 0.999918 0.000000
vn -0.012818 0.999918 0.000000
vn -0.003985 -0.999992 -0.000001
vn -0.006114 -0.999981 -0.000001
vn -0.006114 -0.999981 -0.000001
vn -0.003833 -0.999993 -0.000001
vn 0.994211 0.107434 -0.001440
vn 0.995044 0.099434 0.000005
vn 0.995043 0.099442 0.000000
vn 0.995129 0.098579 0.000169
vn -0.993181 -0.116584 -0.000000
vn -0.993181 -0.116584 0.000000
vn -0.993181 -0.116582 0.000000
vn -0.993181 -0.116582 -0.000000
vn -0.946625 0.320457 0.034764
vn -0.947195 0.320657 0.000000
vn -0.990172 0.139854 -0.000000
vn -0.988292 0.143493 0.051855
vn 0.968683 0.247031 -0.025078
vn 0.961675 0.273666 -0.017001
vn 0.926008 0.376084 -0.032719
vn 0.935599 0.348140 -0.058765
vn -0.000805 0.043631 0.999047
vn -0.000804 0.046605 0.998913
vn -0.000840 0.085108 0.996371
vn -0.000828 0.085133 0.996369
vn -0.000000 0.000000 1.000000
vn -0.000000 0.000000 1.000000
vn 0.000000 0.000000 1.000000
vn -0.000000 0.000000 1.000000
vn 0.002642 0.089895 0.995948
vn 0.001771 0.089378 0.995996
vn 0.003979 0.029099 0.999569
vn 0.002308 0.089835 0.995954
vn 0.041764 0.999097 -0.007799
vn 0.041777 0.999127 0.000000
vn 0.041790 0.999126 -0.000000
vn 0.041789 0.999096 -0.007792
vn -0.015921 -0.999873 0.000000
vn -0.015923 -0.999873 0.000000
vn -0.015923 -0.999873 0.000000
vn -0.015920 -0.999873 -0.000000
vn 0.000000 0.000000 1.000000
vn 0.000000 0.000000 1.000000
vn 0.000000 0.000000 1.000000
vn 0.000000 0.000000 1.000000
vn -0.000004 0.083273 0.996527
vn -0.000075 0.083716 0.996490
vn -0.000011 0.041555 0.999136
vn -0.000001 0.040339 0.999186
vn -0.000000 1.000000 0.000000
vn -0.003169 0.999994 0.001555
vn -0.003958 0.999962 -0.007799
vn 0.000000 0.999970 -0.007800
vn 0.012428 -0.999914 0.004077
vn -0.001205 -0.999998 0.001639
vn -0.001710 -0.999999 -0.000000
vn 0.012428 -0.999923 -0.000000
vn 0.000000 0.000000 1.000000
vn 0.000000 0.000000 1.000000
vn 0.000000 0.000000 1.000000
vn 0.000000 0.000000 1.000000
vn -0.000143 0.084032 0.996463
vn -0.000180 0.042139 0.999112
vn -0.001990 0.999995 0.002333
vn -0.002267 0.999967 -0.007799
vn -0.009015 -0.999959 -0.000000
vn -0.009219 -0.999958 -0.000004
vn -0.008771 -0.999962 -0.000000
vn -0.008367 -0.999965 0.000000
vn -0.997724 0.067428 0.000000
vn -0.997358 0.065710 0.030985
vn -0.000823 0.025368 0.999678
vn -0.000826 0.025034 0.999686
vn -0.000111 0.011194 0.999937
vn 0.000003 0.010906 0.999941
vn -0.000001 0.010901 0.999941
vn 0.995553 0.094103 0.004411
vn 0.995272 0.097126 -0.000662
vn -0.000000 0.000000 1.000000
vn -0.000000 0.000000 1.000000
vn -0.000000 0.000000 1.000000
vn -0.000000 0.000000 1.000000
vn -0.739839 0.672784 0.000000
vn -0.739840 0.672783 0.000000
vn -0.965643 0.259872 0.000000
vn -0.965643 0.259873 0.000000
vn 0.997409 -0.071935 0.000000
vn 0.997410 -0.071931 0.000000
vn 0.997410 -0.071931 0.000000
vn 0.997409 -0.071935 0.000000
vn -0.000000 0.000000 1.000000
vn -0.000000 0.000000 1.000000
vn -0.000000 0.000000 1.000000
vn -0.000000 0.000000 1.000000
vn 0.000000 0.000000 1.000000
vn 0.000000 0.000000 1.000000
vn 0.000000 0.000000 1.000000
vn 0.000000 0.000000 1.000000
vn 0.000000 -1.000000 0.000000
vn 0.000000 -1.000000 0.000000
vn 0.000000 0.000000 1.000000
vn 0.000000 0.000000 1.000000
vn -0.998634 -0.052243 0.000000
vn -0.998634 -0.052243 0.000000
vn 0.000000 0.000000 1.000000
vn 0.000000 0.000000 1.000000
vn 0.000000 0.000000 1.000000
vn 0.000000 0.000000 1.000000
vn 0.000000 0.000000 1.000000
vn 0.000000 0.000000 1.000000
vn 0.000000 0.000000 1.000000
vn -0.008633 -0.001854 0.999961
vn -0.011872 0.002537 0.999926
vn -0.000005 0.000004 1.000000
vn 0.000000 0.000000 1.000000
vn 0.997410 -0.071925 0.000000
vn 0.997410 -0.071925 0.000000
vn 0.071922 0.997410 0.000000
vn 0.071922 0.997410 0.000000
vn 0.071922 0.997410 0.000000
vn 0.071922 0.997410 0.000000
vn -0.072703 0.065075 0.995228
vn -0.043875 0.042709 0.998124
vn -0.043751 0.042612 0.998133
vn -0.072703 0.065075 0.995228
vn -0.010079 0.016472 0.999814
vn -0.010079 0.016472 0.999814
vn -0.071936 -0.997409 0.000000
vn -0.063421 -0.997987 0.000000
vn -0.063421 -0.997987 0.000000
vn -0.071936 -0.997409 0.000000
vn 0.000000 0.000000 1.000000
vn -0.000000 0.000000 1.000000
vn -0.000000 0.000000 1.000000
vn 0.000000 0.000000 1.000000
vn 0.000000 0.000000 1.000000
vn 0.000000 0.000000 1.000000
vn 0.041788 0.999127 0.000000
vn 0.009619 0.999954 0.000000
vn 0.009618 0.999923 -0.007799
vn 0.041787 0.999096 -0.007793
vn 0.000784 0.084671 0.996409
vn 0.000233 0.083464 0.996511
vn 0.000038 0.043537 0.999052
vn 0.000962 0.035232 0.999379
vn -0.000006 0.010904 0.999941
vn 0.002275 0.010505 0.999942
vn 0.041786 0.999096 -0.007792
vn 0.041787 0.999127 0.000000
vn 0.004361 0.038533 0.999248
vn 0.000997 0.085268 0.996358
vn 0.006988 0.006806 0.999952
vn -0.004417 0.002882 0.999986
vn -0.000003 -0.000004 1.000000
vn 0.000840 -0.000609 0.999999
vn 0.000109 -0.000015 1.000000
vn 0.000000 0.000000 1.000000
vn 0.000330 0.000992 0.999999
vn -0.000021 -0.007321 0.999973
vn 0.000000 0.000000 1.000000
vn 0.088201 0.008969 0.996062
vn 0.095051 -0.000316 0.995472
vn -0.000009 -0.012096 0.999927
vn -0.000000 0.000000 1.000000
vn -0.000000 0.000000 1.000000
vn -0.000017 -0.005745 0.999984
vn -0.000000 0.000000 1.000000
vn -0.000000 0.000000 1.000000
vn -0.000000 0.000000 1.000000
vn 0.000000 0.000000 1.000000
vn 0.000000 0.000000 1.000000
vn 0.000000 0.000000 1.000000
vn -0.015910 -0.999873 0.000000
vn -0.015905 -0.999874 -0.000000
vn 0.000000 0.000000 1.000000
vn 0.000000 0.000000 1.000000
vn 0.966079 0.258246 0.000000
vn 0.803724 0.595002 0.000000
vn 0.803724 0.595002 0.000000
vn 0.966079 0.258246 0.000000
vn 0.998866 0.047617 0.000000
vn 0.998866 0.047617 0.000000
vn -0.948831 -0.315784 0.000000
vn -0.999811 0.019440 0.000000
vn -0.999811 0.019440 0.000000
vn -0.948831 -0.315784 0.000000
vn -0.900223 0.435429 0.000000
vn -0.965175 0.261603 0.000000
vn -0.965175 0.261603 0.000000
vn -0.900223 0.435429 0.000000
vn 0.997477 -0.070991 0.000000
vn 0.945102 -0.326776 0.000000
vn 0.945102 -0.326776 0.000000
vn 0.997477 -0.070991 0.000000
vn -0.998812 0.048732 0.000000
vn -0.998812 0.048732 0.000000
vn 0.999758 -0.021981 0.000000
vn 0.999758 -0.021981 0.000000
vn -0.999997 0.002524 0.000000
vn -0.999997 0.002524 0.000000
vn -0.013126 -0.999914 0.000000
vn -0.013126 -0.999914 0.000000
vn -0.013126 -0.999914 0.000000
vn -0.013126 -0.999914 0.000000
vn 0.465691 0.884947 0.000000
vn 0.465691 0.884947 0.000000
vn 0.091288 0.995825 0.000000
vn 0.091288 0.995825 0.000000
vn -0.197925 0.980217 0.000000
vn -0.197925 0.980217 0.000000
vn -0.383884 0.923381 0.000000
vn -0.383884 0.923381 0.000000
vn -0.438835 0.898568 0.000000
vn -0.438835 0.898568 0.000000
vn -0.888387 0.459096 0.000000
vn -0.888387 0.459096 0.000000
vn 0.803680 -0.595062 0.000000
vn 0.803680 -0.595062 0.000000
vn 0.783490 -0.621405 0.000000
vn 0.783490 -0.621405 0.000000
vn 0.361017 -0.932559 0.000000
vn 0.288426 -0.957502 0.000000
vn 0.288426 -0.957502 0.000000
vn 0.361017 -0.932559 0.000000
vn 0.011455 -0.999934 0.000000
vn 0.011455 -0.999934 0.000000
vn -0.301353 -0.953513 0.000000
vn -0.301353 -0.953513 0.000000
vn -0.549158 -0.835718 0.000000
vn -0.549158 -0.835718 0.000000
vn -0.822223 -0.569166 0.000000
vn -0.822223 -0.569166 0.000000
vn 1.000000 0.000576 0.000000
vn 1.000000 0.000576 0.000000
vn -0.991699 0.128584 0.000000
vn -0.991699 0.128584 0.000000
vn -0.015923 -0.999873 0.000000
vn -0.015921 -0.999873 0.000000
vn -0.015923 -0.999873 0.000000
vn -0.015923 -0.999873 0.000000
vn 0.000000 0.000000 1.000000
vn -0.000000 0.000000 1.000000
vn -0.000000 0.000000 1.000000
vn -0.000000 0.000000 1.000000
vn 0.000000 0.000000 1.000000
vn 0.000000 0.000000 1.000000
vn -0.000000 0.000000 1.000000
vn -0.000000 0.000000 1.000000
vn 0.000000 0.000000 1.000000
vn 0.000000 0.000000 1.000000
vn 0.995044 0.099436 -0.000004
vn 0.994237 0.107191 0.001486
vn 0.958617 0.284558 -0.008985
vn 0.915760 0.401653 -0.007650
vn -0.000001 0.000000 -1.000000
vn -0.000001 0.000000 -1.000000
vn -0.000000 0.000000 -1.000000
vn -0.000001 0.000000 -1.000000
vn 0.001557 0.320695 -0.947181
vn 0.000952 0.321384 -0.946948
vn -0.000018 0.285952 -0.958244
vn 0.000364 0.289209 -0.957266
vn 0.041789 0.999096 0.007792
vn 0.041789 0.999096 0.007792
vn -0.015923 -0.999873 0.000000
vn -0.015918 -0.999873 -0.000000
vn 0.000000 0.000000 -1.000000
vn -0.000000 0.000000 -1.000000
vn 0.000000 0.000000 -1.000000
vn -0.000000 0.000000 -1.000000
vn 0.011168 0.215853 -0.976362
vn 0.000000 0.313816 -0.949484
vn -0.000001 0.286915 -0.957956
vn -0.002567 0.196373 -0.980526
vn 0.000000 0.999970 0.007800
vn -0.002642 0.999966 0.007799
vn -0.002557 -0.999996 -0.001363
vn 0.012428 -0.999914 -0.004077
vn 0.000000 0.000000 -1.000000
vn -0.000000 0.000000 -1.000000
vn 0.017121 0.163169 -0.986450
vn -0.003742 0.148405 -0.988920
vn 0.000000 0.999970 0.007799
vn -0.009226 -0.999957 0.000000
vn -0.015700 0.157062 -0.987464
vn -0.023631 0.117587 -0.992781
vn -0.000000 0.234098 -0.972213
vn -0.000400 0.232915 -0.972497
vn -0.000226 0.233540 -0.972347
vn 0.994501 0.104654 -0.004038
vn 0.997410 -0.071931 0.000000
vn 0.997409 -0.071935 0.000000
vn 0.000000 0.000000 -1.000000
vn 0.000000 0.000000 -1.000000
vn -0.000000 0.000000 -1.000000
vn -0.000000 0.000000 -1.000000
vn 0.000000 0.000000 -1.000000
vn -0.000000 0.000000 -1.000000
vn -0.000000 0.000000 -1.000000
vn -0.000000 0.000000 -1.000000
vn -0.000000 0.000000 -1.000000
vn -0.000000 0.000000 -1.000000
vn -0.000000 0.000000 -1.000000
vn 0.000000 0.000000 -1.000000
vn 0.000000 0.000000 -1.000000
vn -0.000000 0.000000 -1.000000
vn 0.997410 -0.071925 0.000000
vn 0.071922 0.997410 0.000000
vn 0.071922 0.997410 0.000000
vn 0.000000 0.000000 -1.000000
vn 0.000001 0.000000 -1.000000
vn 0.000000 0.000000 -1.000000
vn 0.000000 0.000000 -1.000000
vn 0.000000 0.000000 -1.000000
vn 0.000000 0.000000 -1.000000
vn -0.063421 -0.997987 0.000000
vn -0.071936 -0.997409 0.000000
vn 0.000000 0.000000 -1.000000
vn 0.000000 0.000000 -1.000000
vn -0.000000 0.000000 -1.000000
vn -0.000000 0.000000 -1.000000
vn 0.000000 0.000000 -1.000000
vn 0.000000 0.000000 -1.000000
vn 0.041787 0.999096 0.007793
vn 0.009618 0.999923 0.007799
vn 0.000420 0.313934 -0.949445
vn 0.001769 0.315419 -0.948951
vn 0.000776 0.286857 -0.957973
vn 0.000190 0.286889 -0.957964
vn -0.000052 0.234128 -0.972206
vn -0.000010 0.234099 -0.972213
vn 0.041786 0.999096 0.007792
vn 0.001788 0.316136 -0.948712
vn 0.000781 0.287163 -0.957882
vn -0.000059 0.234133 -0.972205
vn 0.000000 0.000000 -1.000000
vn -0.000000 0.000000 -1.000000
vn 0.000205 -0.005997 -0.999982
vn 0.000431 -0.004070 -0.999992
vn 0.000000 0.000000 -1.000000
vn 0.000000 0.000000 -1.000000
vn -0.000017 -0.005745 -0.999984
vn -0.000019 -0.006289 -0.999980
vn 0.000000 0.000000 -1.000000
vn 0.000000 0.000000 -1.000000
vn -0.000000 0.000000 -1.000000
vn 0.000000 0.000000 -1.000000
vn 0.000000 0.000000 -1.000000
vn 0.000000 0.000000 -1.000000
vn 0.000000 0.000000 -1.000000
vn 0.000000 0.000000 -1.000000
vn 0.000000 0.000000 -1.000000
vn -0.000000 0.000000 -1.000000
vn -0.015902 -0.999874 -0.000001
vn 0.000000 0.000000 -1.000000
vn 0.000000 0.000000 -1.000000
vn 0.966079 0.258246 0.000000
vn 0.966079 0.258246 0.000000
vn 0.803724 0.595002 0.000000
vn 0.803724 0.595002 0.000000
vn 0.998866 0.047617 0.000000
vn 0.998866 0.047617 0.000000
vn -0.948831 -0.315784 0.000000
vn -0.948831 -0.315784 0.000000
vn -0.999811 0.019440 0.000000
vn -0.999811 0.019440 0.000000
vn -0.900223 0.435429 0.000000
vn -0.900223 0.435429 0.000000
vn -0.965175 0.261603 0.000000
vn -0.965175 0.261603 0.000000
vn 0.997477 -0.070991 0.000000
vn 0.997477 -0.070991 0.000000
vn 0.945102 -0.326776 0.000000
vn 0.945102 -0.326776 0.000000
vn -0.998812 0.048732 0.000000
vn -0.998812 0.048732 0.000000
vn 0.999758 -0.021981 0.000000
vn 0.999758 -0.021981 0.000000
vn -0.999997 0.002524 0.000000
vn -0.999997 0.002524 0.000000
vn -0.013126 -0.999914 0.000000
vn -0.013126 -0.999914 0.000000
vn -0.013126 -0.999914 0.000000
vn -0.013126 -0.999914 0.000000
vn 0.465691 0.884947 0.000000
vn 0.465691 0.884947 0.000000
vn 0.091288 0.995825 0.000000
vn 0.091288 0.995825 0.000000
vn -0.197925 0.980217 0.000000
vn -0.197925 0.980217 0.000000
vn -0.383884 0.923381 0.000000
vn -0.383884 0.923381 0.000000
vn -0.438835 0.898568 0.000000
vn -0.438835 0.898568 0.000000
vn -0.888387 0.459096 0.000000
vn -0.888387 0.459096 0.000000
vn 0.803680 -0.595062 0.000000
vn 0.803680 -0.595062 0.000000
vn 0.783490 -0.621405 0.000000
vn 0.783490 -0.621405 0.000000
vn 0.361017 -0.932559 0.000000
vn 0.361017 -0.932559 0.000000
vn 0.288426 -0.957502 0.000000
vn 0.288426 -0.957502 0.000000
vn 0.011455 -0.999934 0.000000
vn 0.011455 -0.999934 0.000000
vn -0.301353 -0.953513 0.000000
vn -0.301353 -0.953513 0.000000
vn -0.549158 -0.835718 0.000000
vn -0.549158 -0.835718 0.000000
vn -0.822223 -0.569166 0.000000
vn -0.822223 -0.569166 0.000000
vn 1.000000 0.000576 0.000000
vn 1.000000 0.000576 0.000000
vn -0.991699 0.128584 0.000000
vn -0.991699 0.128584 0.000000
vn -0.015923 -0.999873 0.000000
vn -0.015923 -0.999873 0.000000
vn -0.015923 -0.999873 0.000000
vn -0.015918 -0.999873 -0.000000
vn 0.000001 0.000000 -1.000000
vn 0.000000 0.000000 -1.000000
vn 0.000000 0.000000 -1.000000
vn 0.000000 0.000000 -1.000000
vn -0.000000 0.000000 -1.000000
vn -0.000000 0.000000 -1.000000
vn 0.000000 0.000000 -1.000000
vn 0.000000 0.000000 -1.000000
vn -0.000000 0.000000 -1.000000
vn -0.000000 0.000000 -1.000000
vn 1.000000 0.000000 0.000000
vn 1.000000 0.000000 0.000000
vn 1.000000 0.000000 0.000000
vn 1.000000 0.000000 0.000000
vn 1.000000 0.000000 0.000000
vn 1.000000 -0.000001 0.000000
vn 0.975515 -0.000520 -0.219933
vn 1.000000 -0.000011 -0.000004
vn 0.979101 0.002106 -0.203364
vn 1.000000 0.000009 -0.000010
vn 1.000000 0.000010 -0.000010
vn 1.000000 -0.000002 -0.000013
vn 1.000000 -0.000002 -0.000013
vn 1.000000 -0.000005 0.000011
vn 1.000000 0.000005 0.000007
vn 1.000000 0.000005 0.000008
vn 1.000000 0.000000 0.000012
vn 1.000000 0.000000 0.000001
vn 0.999970 0.003311 0.006964
vn 1.000000 -0.000013 0.000001
vn 1.000000 -0.000003 0.000001
vn 1.000000 -0.000002 -0.000006
vn 1.000000 0.000007 0.000002
vn 1.000000 -0.000018 -0.000004
vn 1.000000 0.000002 0.000000
vn 1.000000 0.000016 0.000002
vn 1.000000 0.000001 0.000000
vn 1.000000 0.000007 0.000000
vn 0.948045 0.318135 -0.000000
vn 0.951312 0.308142 -0.007356
vn 0.949564 0.313537 -0.004715
vn 0.948045 0.318136 0.000000
vn 0.953364 0.296021 -0.058888
vn 0.953608 0.297113 -0.048543
vn 0.971139 0.225667 -0.077224
vn 0.973230 0.216413 -0.077387
vn 0.999899 0.004741 -0.013389
vn 0.997193 0.006735 -0.074573
vn 0.997034 0.006645 -0.076681
vn 1.000000 0.000001 -0.000000
vn 1.000000 0.000014 -0.000003
vn 1.000000 -0.000006 0.000005
vn 1.000000 0.000006 -0.000003
vn 1.000000 -0.000018 0.000002
vn 0.952825 0.294747 0.072454
vn 0.953463 0.297547 0.048732
vn 0.953300 0.296582 0.057074
vn 0.952825 0.294747 0.072454
vn 0.951337 0.308043 0.008216
vn 0.949517 0.313677 0.005037
vn 0.999930 0.005086 0.010694
vn 0.948866 0.303775 0.085875
vn 0.948866 0.303775 0.085875
vn 0.949807 0.301274 0.084269
vn 0.949052 0.298338 0.101461
vn 0.062373 0.793550 -0.605300
vn 0.048020 0.489598 -0.870625
vn 0.049612 0.513390 -0.856720
vn 0.062736 0.807010 -0.587196
vn 0.035664 0.309961 -0.950080
vn 0.035664 0.309961 -0.950080
vn 0.127211 0.991876 0.000573
vn 0.127189 0.991878 0.000579
vn 0.127189 0.991878 0.000579
vn 0.127211 0.991876 0.000573
vn 0.281802 -0.959456 -0.005706
vn 0.299945 -0.953946 -0.004423
vn 0.299945 -0.953946 -0.004423
vn 0.281191 -0.959635 -0.005749
vn 0.023736 -0.102604 -0.994439
vn 0.027447 -0.101499 -0.994457
vn 0.045929 -0.102464 -0.993676
vn 0.044097 -0.099784 -0.994032
vn 0.064487 0.899921 -0.431257
vn 0.064487 0.899921 -0.431257
vn 0.043630 -0.108495 -0.993139
vn 0.044588 -0.108434 -0.993103
vn 0.127168 0.991881 0.000586
vn 0.127168 0.991881 0.000586
vn 0.045755 0.394080 0.917937
vn 0.053353 0.538257 0.841091
vn 0.054195 0.555115 0.830006
vn 0.045755 0.394080 0.917937
vn 0.061048 0.766259 0.639625
vn 0.061273 0.778720 0.624372
vn 0.022346 -0.110196 0.993659
vn 0.029928 -0.119243 0.992414
vn 0.030540 -0.119023 0.992422
vn 0.023138 -0.111866 0.993454
vn 0.266662 -0.963766 -0.006769
vn 0.266662 -0.963766 -0.006769
vn 0.062216 0.869801 0.489464
vn 0.062216 0.869801 0.489464
vn 0.008667 -0.088603 0.996029
vn 0.008481 -0.088615 0.996030
vn -0.000079 0.004438 -0.999990
vn -0.000076 0.004449 -0.999990
vn -0.000004 -0.005498 -0.999985
vn -0.000018 0.004499 -0.999990
vn 0.000005 0.004487 -0.999990
vn -0.000000 0.004503 -0.999990
vn 0.000000 -0.005447 -0.999985
vn 0.000001 -0.005445 -0.999985
vn 0.000000 0.004479 -0.999990
vn -0.000000 -0.005472 -0.999985
vn -0.998479 -0.054982 0.004110
vn -0.998785 -0.049287 -0.000000
vn -0.994283 -0.106781 0.000000
vn -0.994999 -0.099771 0.004837
vn 0.000006 -0.006566 0.999979
vn 0.000005 -0.005705 0.999984
vn 0.000022 0.004253 0.999991
vn 0.000023 0.004753 0.999989
vn 0.000005 0.004487 0.999990
vn 0.000004 0.004476 0.999990
vn 0.000002 -0.010211 0.999948
vn 0.000002 -0.012608 0.999921
vn 0.000000 -0.013297 0.999912
vn -0.000000 0.004503 0.999990
vn 0.002423 0.005493 0.999982
vn -0.000018 0.004499 0.999990
vn -0.000019 -0.006288 0.999980
vn 0.007034 0.009396 0.999931
vn 0.000795 0.004438 -0.999990
vn 0.001654 0.005093 -0.999986
vn 0.224444 0.008649 0.974449
vn -0.586518 0.010402 0.809869
vn 0.082374 0.039833 0.995805
vn 0.013838 -0.999896 -0.004077
vn 0.014848 -0.999890 0.000000
vn 0.013838 -0.999896 0.004077
vn -0.000000 0.000000 1.000000
vn -0.000000 0.000000 1.000000
vn 0.000000 0.000000 1.000000
vn 0.000000 0.000000 1.000000
vn 0.000000 0.000000 1.000000
vn 0.000000 0.000000 1.000000
vn 0.000000 0.000000 1.000000
vn 0.000000 0.000000 1.000000
vn 0.004369 -0.088889 0.996032
vn 0.004369 -0.088889 0.996032
vn 0.999771 0.009201 0.019341
vn 0.999771 0.009201 0.019341
vn 0.000887 0.010088 -0.999949
vn 0.001762 0.010483 -0.999944
vn -0.000082 0.009655 -0.999953
vn -0.000079 0.009764 -0.999952
vn -0.000020 0.010484 -0.999945
vn -0.000001 0.009242 -0.999957
vn 0.000005 0.009452 -0.999955
vn 0.000000 0.010653 -0.999943
vn -0.999756 0.022081 0.000000
vn -0.999751 0.022081 0.003271
vn 0.000023 0.011447 0.999934
vn 0.002169 0.015746 0.999874
vn 0.000005 0.011323 0.999936
vn 0.000005 0.011337 0.999936
vn 0.000000 0.011303 0.999936
vn -0.000020 0.011308 0.999936
vn 0.002828 0.012050 0.999923
vn 0.011192 0.013737 0.999843
vn -0.751239 0.012553 0.659911
vn 0.071108 0.064182 0.995402
vn 0.999406 0.008421 -0.033411
vn 0.977003 0.005133 -0.213163
vn 0.006696 -0.091919 -0.995744
vn 0.006553 -0.091624 -0.995772
vn 0.004492 -0.087393 -0.996164
vn 0.004492 -0.087393 -0.996164
vn -0.001058 0.083633 0.996496
vn -0.001058 0.083667 0.996493
vn 0.000141 0.086050 0.996291
vn -0.000257 0.085245 0.996360
vn 0.003184 0.047128 0.998884
vn 0.001882 0.085677 0.996321
vn 0.002065 0.085661 0.996322
vn 0.003303 0.038383 0.999258
vn -0.015764 0.061318 0.997994
vn -0.016351 0.063328 0.997859
vn -0.012248 0.064357 0.997852
vn -0.012920 0.062034 0.997990
vn 0.003664 0.089631 0.995968
vn 0.011657 0.085314 0.996286
vn 0.011834 0.085196 0.996294
vn 0.003633 0.089586 0.995973
vn -0.000087 0.083115 0.996540
vn -0.000385 0.083529 0.996505
vn -0.000080 0.083780 0.996484
vn 0.000083 0.083020 0.996548
vn -0.000325 0.083646 0.996495
vn -0.000102 0.083784 0.996484
vn 0.000016 0.011326 0.999936
vn 0.003079 0.017732 0.999838
vn 0.000001 0.011325 0.999936
vn 0.000001 0.011321 0.999936
vn -0.000003 0.011294 0.999936
vn 0.002189 0.083909 0.996471
vn 0.001108 0.083056 0.996544
vn 0.000583 0.082815 0.996565
vn 0.002511 0.084769 0.996397
vn 0.012826 -0.002457 0.999915
vn -0.000009 0.011283 0.999936
vn 0.003431 0.087026 0.996200
vn 0.003435 0.086937 0.996208
vn 0.022998 -0.000251 0.999736
vn 0.011774 -0.996361 0.084417
vn 0.011774 -0.996361 0.084417
vn 0.011774 -0.996360 0.084424
vn 0.011774 -0.996360 0.084424
vn 0.968666 -0.247810 0.016613
vn 0.968666 -0.247814 0.016572
vn 0.992703 -0.120383 0.006977
vn 0.992656 -0.120769 0.007001
vn -0.038111 -0.995219 0.089927
vn -0.038113 -0.995219 0.089922
vn -0.037809 -0.995341 0.088693
vn -0.037810 -0.995341 0.088694
vn -0.000310 -0.996518 0.083374
vn 0.002683 -0.996494 0.083619
vn 0.002683 -0.996494 0.083619
vn -0.000310 -0.996518 0.083374
vn 0.002976 -0.996472 0.083873
vn 0.002977 -0.996472 0.083873
vn -0.000136 0.999818 -0.019099
vn -0.000133 0.999819 -0.019000
vn -0.000133 0.999820 -0.019000
vn -0.000136 0.999818 -0.019099
vn 0.998741 -0.050102 0.002678
vn 0.998741 -0.050102 0.002678
vn -0.000105 0.999905 -0.013783
vn -0.000063 0.999921 -0.012568
vn -0.000063 0.999921 -0.012568
vn -0.000105 0.999905 -0.013783
vn -0.000002 0.999936 -0.011312
vn -0.000002 0.999936 -0.011312
vn -0.025306 -0.996067 0.084914
vn -0.009104 -0.996450 0.083693
vn -0.009106 -0.996450 0.083694
vn -0.025312 -0.996067 0.084915
vn 0.000009 0.999936 -0.011328
vn 0.000059 0.999935 -0.011422
vn 0.000059 0.999935 -0.011423
vn 0.000009 0.999936 -0.011328
vn -0.037143 -0.995607 0.085949
vn -0.037143 -0.995607 0.085948
vn 0.000084 0.999930 -0.011826
vn 0.000084 0.999930 -0.011833
vn -0.000682 -0.003364 0.999994
vn 0.005135 -0.094230 0.995537
vn 0.005413 -0.097700 0.995201
vn -0.000698 -0.003485 0.999994
vn 0.009705 -0.107850 0.994120
vn 0.010482 -0.102721 0.994655
vn 0.008563 0.006452 0.999943
vn 0.007562 0.010586 0.999915
vn 0.016205 -0.025115 0.999553
vn 0.016205 -0.025115 0.999553
vn 0.005458 0.061135 0.998115
vn 0.006641 0.061255 0.998100
vn -0.037721 -0.994574 0.096956
vn -0.037721 -0.994574 0.096956
vn -0.037721 -0.994574 0.096956
vn -0.037721 -0.994574 0.096956
vn 0.019247 0.049315 0.998598
vn 0.015399 0.055051 0.998365
vn 0.016235 0.059549 0.998093
vn 0.019462 0.054438 0.998328
vn 0.041776 0.999127 0.000000
vn 0.041770 0.999127 -0.000117
vn 0.041747 0.999097 -0.007850
vn 0.041753 0.999097 -0.007854
vn 0.041796 0.999096 0.007793
vn 0.041791 0.999096 0.007793
vn 0.001106 0.063971 -0.997951
vn 0.001990 0.094142 -0.995557
vn 0.001698 0.094285 -0.995544
vn 0.000985 0.056416 -0.998407
vn 0.001187 0.007583 -0.999971
vn 0.001208 0.007704 -0.999970
vn 0.001638 0.007182 -0.999973
vn 0.001640 0.007423 -0.999971
vn 0.000353 0.001909 -0.999998
vn 0.000367 0.002137 -0.999998
vn 0.196318 0.020031 0.980336
vn -0.000000 0.000000 1.000000
vn 0.023370 0.013559 0.999635
vn 0.031551 0.018305 0.999335
vn -0.000000 0.000000 1.000000
vn -0.000000 0.000000 1.000000
vn -0.000000 0.000000 1.000000
vn 0.000000 0.000000 -1.000000
vn 0.000000 0.000000 -1.000000
vn -0.000000 0.000000 -1.000000
vn -0.000000 0.000000 -1.000000
vn -0.000000 0.000000 -1.000000
vn -0.015954 -0.999873 -0.000003
vn -0.015948 -0.999873 -0.000003
vn -0.015963 -0.999873 -0.000003
vn -0.015947 -0.999873 -0.000002
vn -0.015936 -0.999873 -0.000001
vn -0.015957 -0.999873 -0.000003
vn -0.987879 -0.085045 0.129859
vn -0.988744 -0.146559 -0.030109
vn -0.977935 -0.075570 -0.194764
vn -0.999112 -0.039150 0.015563
vn 0.039980 0.999201 -0.000235
vn 0.039932 0.999199 -0.002537
vn 0.041103 0.999152 -0.002273
vn 0.041182 0.999152 -0.000204
vn 0.963600 -0.253568 -0.084727
vn 0.970127 -0.158929 -0.183292
vn 0.970150 -0.159832 -0.182382
vn 0.963600 -0.253568 -0.084727
vn 0.994914 -0.011307 -0.100089
vn 0.954310 -0.035026 -0.296758
vn 0.996892 0.000000 -0.078776
vn 0.945761 0.000000 -0.324863
vn 0.945695 -0.000087 -0.325056
vn 0.974427 -0.000061 -0.224705
vn 0.945628 -0.000765 -0.325249
vn 0.947764 0.001928 -0.318968
vn 0.948635 0.003045 -0.316359
vn -0.988897 -0.010679 0.148221
vn -0.989321 -0.009561 0.145442
vn 0.003704 0.999928 -0.011380
vn 0.003567 0.999964 -0.007748
vn 0.008599 0.999961 0.002117
vn 0.008286 0.999945 -0.006369
vn 0.065188 0.083791 0.994349
vn 0.064954 0.083774 0.994366
vn 0.066065 0.083856 0.994285
vn 0.066065 0.083856 0.994286
vn -0.037371 -0.016530 0.999165
vn -0.037371 -0.016530 0.999165
vn -0.037371 -0.016530 0.999165
vn -0.037371 -0.016530 0.999165
vn -0.985891 -0.000905 0.167386
vn -0.985891 -0.000905 0.167386
vn -0.985891 -0.000905 0.167386
vn -0.985891 -0.000905 0.167386
vn -0.985167 0.003199 0.171570
vn -0.984636 0.003256 0.174591
vn -0.984618 0.003257 0.174693
vn -0.985167 0.003199 0.171570
vn -0.943602 -0.289409 -0.160803
vn -0.943602 -0.289409 -0.160803
vn -0.943602 -0.289409 -0.160803
vn -0.943602 -0.289409 -0.160803
vn -0.882710 0.019710 -0.469505
vn -0.882710 0.019710 -0.469505
vn -0.882710 0.019710 -0.469505
vn -0.882710 0.019710 -0.469505
vn -0.016537 -0.999863 -0.001062
vn -0.018225 -0.999834 -0.000851
vn -0.019218 -0.999815 0.000722
vn -0.018300 -0.999831 0.001662
vn -0.970942 -0.026125 -0.237884
vn -0.999912 -0.009698 -0.009029
vn -0.991248 0.000665 0.132009
vn -0.989108 -0.015539 0.146368
vn -0.970346 -0.040793 0.238254
vn 0.042115 0.999111 -0.002051
vn 0.042175 0.999110 -0.000178
vn 0.936735 0.246369 -0.248657
vn 0.936786 0.246403 -0.248432
vn 0.936781 0.246400 -0.248453
vn 0.936735 0.246369 -0.248657
vn 0.050529 -0.049806 0.997480
vn 0.029189 -0.077153 0.996592
vn 0.068873 -0.053853 0.996171
vn 0.037188 -0.081805 0.995954
vn 0.000017 0.000001 1.000000
vn 0.000007 -0.000000 1.000000
vn 0.000006 -0.000000 1.000000
vn 0.000017 0.000001 1.000000
vn 0.000000 0.000000 1.000000
vn 0.000000 0.000000 1.000000
vn -0.000004 -0.000007 1.000000
vn -0.000004 -0.000007 1.000000
vn -0.014426 -0.999896 0.000939
vn -0.015295 -0.999878 0.003249
vn -0.015305 -0.999877 0.003414
vn -0.014227 -0.999899 0.000470
vn -0.015901 -0.999874 0.000001
vn -0.015904 -0.999874 -0.000000
vn -0.015909 -0.999873 -0.000001
vn -0.000205 -0.000001 1.000000
vn -0.000205 -0.000001 1.000000
vn -0.991215 -0.004238 0.132193
vn -0.991217 -0.004172 0.132177
vn 0.035326 0.015158 0.999261
vn 0.035917 0.013676 0.999261
vn 0.053885 0.064579 0.996457
vn 0.110729 0.041853 0.992969
vn 0.143857 -0.002297 0.989596
vn 0.069204 -0.031291 0.997112
vn 0.470596 0.182265 0.863318
vn 0.470571 0.182287 0.863327
vn 0.470593 0.182268 0.863320
vn 0.470596 0.182265 0.863318
vn 0.951167 0.000073 -0.308677
vn 0.951168 0.000053 -0.308675
vn 0.951258 -0.002705 -0.308384
vn 0.951258 -0.002705 -0.308384
vn 0.033384 0.999395 -0.009753
vn 0.032823 0.999388 -0.012090
vn 0.029264 0.999210 -0.026908
vn 0.029264 0.999210 -0.026908
vn 0.145222 -0.010005 0.989349
vn 0.052868 -0.016459 0.998466
vn 0.995001 0.099826 0.002658
vn 0.950224 -0.004480 -0.311536
vn 0.950224 -0.004480 -0.311536
vn 0.950224 -0.004480 -0.311536
vn 0.950224 -0.004480 -0.311536
vn 0.008116 -0.105310 0.994406
vn 0.000712 -0.001978 0.999998
vn 0.000704 -0.001952 0.999998
vn 0.007988 -0.103250 0.994623
vn 0.011141 -0.127595 0.991764
vn 0.011041 -0.128513 0.991646
vn 0.016197 0.023371 0.999596
vn 0.017528 -0.002612 0.999843
vn 0.017331 0.007739 0.999820
vn 0.016257 0.022539 0.999614
vn 0.014107 0.051044 0.998597
vn 0.014105 0.051044 0.998597
vn 0.016594 0.076141 0.996959
vn 0.020257 0.071655 0.997224
vn 0.020028 0.071936 0.997208
vn 0.016594 0.076141 0.996959
vn -0.000006 -0.000006 1.000000
vn -0.000008 0.000008 1.000000
vn 0.000175 -0.000024 1.000000
vn 0.001148 -0.001345 0.999999
vn 0.018616 -0.058752 0.998099
vn -0.956497 0.291741 -0.000000
vn -0.956497 0.291741 -0.000000
vn -0.956495 0.291741 -0.001915
vn -0.956496 0.291741 -0.001915
vn 0.038881 0.158823 -0.986541
vn 0.025450 0.212369 -0.976858
vn 0.000002 0.313365 -0.949633
vn 0.000700 0.313474 -0.949597
vn 0.003079 0.314946 -0.949105
vn 0.003103 0.315684 -0.948859
vn 0.003256 0.320244 -0.947330
vn 0.003277 0.320863 -0.947120
vn 0.003336 0.094501 -0.995519
vn 0.003312 0.094810 -0.995490
vn 0.036074 -0.117033 0.992473
vn 0.036074 -0.117033 0.992473
vn 0.915966 0.401254 -0.000614
vn 0.925801 0.375123 -0.046634
vn 0.933416 0.345649 -0.096234
vn -0.014051 -0.113765 -0.993408
vn -0.014051 -0.113765 -0.993408
vn -0.001895 0.067642 0.997708
vn -0.001541 0.064894 0.997891
vn 0.470568 0.182289 0.863328
vn 0.470568 0.182289 0.863328
vn 0.932715 0.297448 -0.203879
vn 0.931197 0.308782 -0.193715
vn 0.914766 0.385016 -0.122333
vn 0.914766 0.385016 -0.122333
vn -0.957832 -0.081793 0.275442
vn -0.973074 -0.082860 0.215082
vn -0.945955 -0.036652 0.322219
vn -0.920244 -0.033006 0.389951
vn -0.981067 -0.136372 0.137513
vn -0.987420 -0.140854 0.071845
vn 0.003047 0.089522 0.995980
vn 0.002442 0.089467 0.995987
vn 0.003102 0.089978 0.995939
vn 0.003540 0.090056 0.995930
vn 0.001514 0.084658 0.996409
vn 0.001221 0.084663 0.996409
vn 0.001851 0.085224 0.996360
vn 0.002601 0.085183 0.996362
vn 0.000521 0.083480 0.996509
vn 0.000400 0.083489 0.996509
vn 0.000016 0.083277 0.996526
vn -0.000001 0.083275 0.996527
vn -0.000130 0.083760 0.996486
vn -0.000118 0.083728 0.996489
vn -0.000144 0.084030 0.996463
vn -0.000149 0.084032 0.996463
vn -0.000920 0.085157 0.996367
vn -0.000933 0.085129 0.996370
vn -0.001005 0.085141 0.996368
vn -0.001005 0.085178 0.996365
vn 0.968677 -0.247468 0.020629
vn 0.968674 -0.247624 0.018816
vn 0.968674 -0.247622 0.018834
vn 0.968677 -0.247468 0.020629
vn 0.001060 0.085945 0.996299
vn 0.000965 0.085931 0.996301
vn 0.011299 -0.085963 0.996234
vn 0.013867 -0.088014 0.996023
vn 0.016661 -0.001980 0.999859
vn 0.017474 -0.044616 0.998851
vn 0.015707 0.072418 0.997251
vn 0.015612 0.072398 0.997254
vn -0.000004 0.000005 1.000000
vn -0.000003 0.000006 1.000000
vn 0.000114 0.000022 1.000000
vn 0.000113 0.000022 1.000000
vn 0.020211 0.062343 0.997850
vn -0.824348 -0.008970 0.566013
vn -0.819155 -0.088470 0.566709
vn -0.819074 -0.089199 0.566711
vn -0.824344 -0.009191 0.566014
vn 0.997143 0.075412 -0.004299
vn 0.999816 0.019187 0.000553
vn 0.999816 0.019196 0.000553
vn 0.997152 0.075294 -0.004287
vn -0.817123 -0.101254 0.567501
vn -0.817005 -0.100921 0.567731
vn 0.995503 0.094467 -0.007090
vn 0.995547 0.094006 -0.006977
vn 0.997524 0.069818 -0.008440
vn 0.997788 0.065993 -0.007983
vn 0.997513 0.070132 -0.006977
vn 0.997528 0.069764 -0.008471
vn -0.814571 -0.094223 0.572360
vn -0.815421 -0.095768 0.570891
vn -0.815491 -0.094699 0.570970
vn -0.814592 -0.096644 0.571927
vn -0.052595 -0.995490 0.078958
vn -0.052595 -0.995490 0.078958
vn -0.052595 -0.995490 0.078958
vn -0.052595 -0.995489 0.078958
vn 0.997926 0.063357 -0.011352
vn 0.997926 0.063356 -0.011364
vn -0.816615 -0.076459 0.572097
vn -0.816624 -0.076461 0.572083
vn -0.824170 0.014990 0.566144
vn -0.824244 0.010627 0.566135
vn -0.824243 0.010664 0.566135
vn -0.824170 0.014990 0.566144
vn 0.999857 0.016243 -0.004719
vn 0.999713 0.021299 -0.010982
vn 0.999713 0.021299 -0.010982
vn 0.999857 0.016243 -0.004719
vn 0.028573 0.999580 -0.004775
vn 0.028573 0.999580 -0.004775
vn 0.028573 0.999580 -0.004775
vn 0.028573 0.999580 -0.004775
vn 0.999924 0.012314 0.000722
vn 0.999924 0.012314 0.000722
vn -0.824494 0.007324 0.565824
vn -0.824494 0.007324 0.565824
vn -0.812798 -0.060994 0.579344
vn -0.812740 -0.052317 0.580273
vn 0.995668 0.091063 -0.018764
vn 0.995887 0.088616 -0.018863
vn 0.000000 0.000000 1.000000
vn -0.015926 -0.999873 -0.000000
vn -0.015930 -0.999873 -0.000001
vn -0.015930 -0.999873 -0.000000
vn -0.013048 -0.999912 -0.002316
vn -0.013048 -0.999912 -0.002316
vn 0.001655 0.005871 -0.999981
vn 0.000442 -0.002056 -0.999998
vn 0.001778 0.009640 -0.999952
vn 0.003846 0.059914 -0.998196
vn 0.003869 0.012371 -0.999916
vn -0.001180 0.012567 -0.999920
vn -0.001067 0.060734 -0.998154
vn -0.001495 0.091261 -0.995826
vn 0.003009 0.090885 -0.995857
vn 0.003193 0.091908 -0.995762
vn 0.003192 0.092158 -0.995739
vn -0.005051 0.091548 -0.995788
vn -0.006531 0.089715 -0.995946
vn 0.041768 0.999127 0.000040
vn 0.041788 0.999096 0.007792
vn 0.041746 0.999098 -0.007812
vn 0.017158 0.078016 0.996804
vn 0.017085 0.074903 0.997045
vn -0.037795 -0.995172 0.090578
vn -0.037795 -0.995172 0.090578
vn 0.042270 0.999092 -0.005373
vn 0.039895 0.999195 -0.004265
vn 0.039857 0.999187 -0.006102
vn 0.043215 0.999024 -0.009145
vn 0.044257 0.999001 -0.006163
vn 0.048508 0.998726 -0.013942
vn 0.021580 0.066997 0.997520
vn 0.021655 0.066549 0.997548
vn 0.022996 0.058489 0.998023
vn 0.022996 0.058489 0.998023
vn 0.000455 -0.000195 -1.000000
vn 0.001649 0.006678 -0.999976
vn 0.001624 0.007087 -0.999974
vn 0.000406 0.001286 -0.999999
vn 0.001465 0.008600 -0.999962
vn 0.001186 0.008077 -0.999967
vn 0.001023 0.059531 -0.998226
vn 0.000906 0.060028 -0.998196
vn 0.002345 0.093275 -0.995638
vn 0.001833 0.093664 -0.995602
vn 0.003355 0.094047 -0.995562
vn 0.003223 0.093025 -0.995659
vn 0.041769 0.999127 -0.000086
vn 0.041790 0.999096 0.007793
vn 0.041788 0.999096 0.007792
vn 0.041769 0.999127 0.000059
vn 0.041747 0.999098 -0.007843
vn 0.041746 0.999098 -0.007829
vn 0.017008 0.066901 0.997615
vn 0.015337 0.060058 0.998077
vn 0.016856 0.066126 0.997669
vn 0.000000 0.000000 1.000000
vn 0.000000 0.000000 1.000000
vn 0.000000 0.000000 1.000000
vn 0.000000 0.000000 1.000000
vn 0.000000 0.000000 1.000000
vn 0.000000 0.000000 1.000000
vn 0.000000 0.000000 1.000000
vn 0.000000 0.000000 1.000000
vn 0.000000 0.000000 1.000000
vn 0.000000 0.000000 1.000000
vn 0.000000 0.000000 1.000000
vn 0.000000 0.000000 1.000000
vn 0.000000 0.000000 1.000000
vn 0.000000 0.000000 1.000000
vn 0.000000 0.000000 -1.000000
vn -0.000000 0.000000 -1.000000
vn 0.000000 0.000000 -1.000000
vn -0.000000 0.000000 -1.000000
vn 0.000000 0.000000 1.000000
vn -0.000000 0.000000 1.000000
vn -0.000000 0.000000 -1.000000
vn -0.000000 0.000000 -1.000000
vn 0.000000 0.000000 -1.000000
vn 0.000000 0.000000 -1.000000
vn 0.000000 0.000000 -1.000000
vn 0.000000 0.000000 -1.000000
vn -0.000000 0.000000 -1.000000
vn -0.000000 0.000000 -1.000000
vn -0.000000 0.000000 -1.000000
vn -0.000000 0.000000 -1.000000
vn 0.000000 0.000000 -1.000000
vn -0.000000 0.000000 -1.000000
vn 0.007495 0.061008 -0.998109
vn 0.008942 0.015649 -0.999838
vn 0.006522 0.091196 -0.995812
vn 0.041000 0.000915 0.999159
vn 0.041000 0.000915 0.999159
vn -0.991356 0.000000 0.131200
vn 0.027608 -0.005954 0.999601
vn 0.014258 -0.004735 0.999887
vn -0.000008 0.011473 0.999934
vn -0.000003 0.011481 0.999934
vn 0.000001 0.011470 0.999934
vn 0.000001 0.011458 0.999934
vn 0.000014 0.011445 0.999935
vn 0.002586 0.024298 0.999701
vn 0.002877 0.049572 0.998766
vn 0.001821 0.084301 0.996439
vn 0.000783 0.084565 0.996418
vn -0.000448 0.084374 0.996434
vn -0.001039 0.083625 0.996497
vn -0.000096 0.083771 0.996485
vn -0.000071 0.083755 0.996486
vn 0.000081 0.082964 0.996553
vn 0.000542 0.082773 0.996568
vn 0.001920 0.084617 0.996412
vn 0.003214 0.086908 0.996211
vn 0.013665 0.084752 0.996308
vn 0.003571 0.089567 0.995974
vn 0.020391 0.076671 0.996848
vn 0.019960 0.065362 0.997662
vn 0.000000 0.000000 -1.000000
vn -0.000000 0.000000 -1.000000
vn -0.000000 0.000000 -1.000000
vn 0.994963 -0.000009 -0.100246
vn 0.945752 -0.000030 -0.324889
vn -0.980771 0.003637 0.195130
vn -0.980802 0.003634 0.194975
vn -0.978901 0.003807 0.204299
vn -0.978901 0.003807 0.204299
vn 0.000031 0.000021 1.000000
vn 0.000031 0.000021 1.000000
vn 0.999924 0.012313 0.000305
vn 0.999924 0.012313 0.000305
vn -0.000059 -0.000001 1.000000
vn -0.000061 -0.000001 1.000000
vn -0.824347 0.007319 0.566038
vn -0.824347 0.007319 0.566038
vn 0.000031 -0.000013 1.000000
vn 0.000051 -0.000021 1.000000
vn -0.000000 0.000000 1.000000
vn 0.000000 0.000000 -1.000000
vn -0.000001 0.000000 -1.000000
vn -0.000001 0.000000 -1.000000
vn 0.000000 0.000000 -1.000000
vn -0.008143 -0.999965 -0.002108
vn -0.008143 -0.999965 -0.002108
vn -0.024762 0.007744 0.999663
vn -0.027894 -0.005992 0.999593
vn -0.008700 0.005676 0.999946
vn 0.000000 0.000000 1.000000
vn 0.000001 0.000000 1.000000
vn 0.000330 0.001313 0.999999
vn 0.043411 -0.032124 0.998541
vn 0.061720 -0.039206 0.997323
vn 0.110880 0.012580 0.993754
vn 0.150805 0.013561 0.988471
vn 0.153876 0.013614 0.987996
vn 0.038144 0.999221 0.010126
vn 0.038144 0.999221 0.010126
vn -0.016807 0.064889 0.997751
vn -0.011542 0.066454 0.997723
vn -0.002103 0.069255 0.997597
vn 0.015325 0.055161 0.998360
vn 0.014586 0.056297 0.998308
vn -0.000000 0.000000 -1.000000
vn -0.000022 -0.007471 0.999972
vn 0.007030 0.023053 0.999710
vn 0.007031 0.016320 0.999842
vn -0.000021 -0.006901 0.999976
vn 0.010932 0.036055 0.999290
vn 0.010705 0.025500 0.999618
vn 0.022909 0.024914 0.999427
vn 0.022917 0.052947 0.998334
vn 0.027608 0.019946 0.999420
vn 0.027582 0.049519 0.998392
vn 0.000076 0.999923 -0.012423
vn 0.000077 0.999923 -0.012414
vn 0.000060 0.999916 -0.012996
vn 0.000060 0.999915 -0.013016
vn 0.004256 0.035268 0.999369
vn 0.006985 -0.001273 0.999975
vn 0.006982 -0.009322 0.999932
vn 0.004323 0.030028 0.999540
vn 0.001011 0.086501 0.996251
vn 0.000999 0.085889 0.996304
vn 0.002622 0.085853 0.996304
vn 0.001863 0.085871 0.996305
vn 0.001880 0.086508 0.996249
vn 0.002643 0.086505 0.996248
vn -0.037143 -0.995531 0.086822
vn -0.037143 -0.995531 0.086822
vn -0.037141 -0.995569 0.086392
vn -0.037141 -0.995569 0.086393
vn 0.003245 0.087782 0.996135
vn 0.003466 0.087887 0.996124
vn 0.003448 0.087446 0.996163
vn 0.003228 0.087333 0.996174
vn 0.003466 0.087738 0.996138
vn 0.003450 0.087345 0.996172
vn 0.041789 0.999096 -0.007792
vn 0.041790 0.999126 0.000000
vn 0.041789 0.999126 0.000000
vn 0.041788 0.999096 -0.007792
vn 0.041789 0.999096 0.007792
vn 0.041788 0.999096 0.007792
vn 0.001822 0.316801 -0.948490
vn 0.003125 0.316368 -0.948631
vn 0.003147 0.317030 -0.948410
vn 0.001823 0.317463 -0.948269
vn 0.000789 0.287871 -0.957669
vn 0.000791 0.288008 -0.957628
vn -0.000053 0.234144 -0.972202
vn -0.000057 0.234138 -0.972203
vn -0.000079 0.009306 -0.999957
vn -0.000077 0.004392 -0.999990
vn -0.000078 0.004412 -0.999990
vn -0.000079 0.008982 -0.999960
vn -0.000022 -0.007471 -0.999972
vn -0.000021 -0.006901 -0.999976
vn -0.000000 0.000000 1.000000
vn -0.000000 0.000000 1.000000
vn -0.000000 0.000000 -1.000000
vn 0.000000 0.000000 -1.000000
vn -0.000023 -0.007724 0.999970
vn 0.007026 0.033143 0.999426
vn 0.010922 0.052571 0.998557
vn 0.022857 0.090277 0.995654
vn 0.027509 0.088386 0.995706
vn 0.000042 0.999903 -0.013901
vn 0.000041 0.999903 -0.013932
vn 0.006974 -0.021075 0.999754
vn 0.004332 0.023116 0.999723
vn 0.001025 0.087439 0.996169
vn 0.001905 0.087482 0.996164
vn 0.002675 0.087501 0.996161
vn -0.037142 -0.995475 0.087460
vn -0.037142 -0.995475 0.087460
vn 0.003269 0.088428 0.996077
vn 0.003491 0.088521 0.996068
vn 0.003491 0.088360 0.996083
vn 0.041788 0.999096 -0.007792
vn 0.041790 0.999126 0.000000
vn 0.041788 0.999096 0.007792
vn 0.003181 0.318050 -0.948069
vn 0.001847 0.318471 -0.947931
vn 0.000797 0.288557 -0.957463
vn -0.000052 0.234153 -0.972200
vn -0.000080 0.009285 -0.999957
vn -0.000078 0.004356 -0.999991
vn -0.000023 -0.007724 -0.999970
vn -0.000000 0.000000 -1.000000
vn 0.007030 0.042872 0.999056
vn 0.010999 0.069279 0.997537
vn 0.022793 0.122363 0.992224
vn 0.027416 0.121601 0.992200
vn 0.000022 0.999891 -0.014800
vn 0.000022 0.999890 -0.014843
vn 0.006967 -0.032120 0.999460
vn 0.004393 0.015374 0.999872
vn 0.001028 0.088358 0.996088
vn 0.001916 0.088434 0.996080
vn 0.002705 0.088475 0.996075
vn -0.037139 -0.995422 0.088072
vn -0.037139 -0.995422 0.088071
vn 0.003292 0.089034 0.996023
vn 0.003514 0.089121 0.996015
vn 0.003516 0.088991 0.996026
vn 0.041789 0.999096 -0.007792
vn 0.041790 0.999126 0.000000
vn 0.041789 0.999096 0.007792
vn 0.003215 0.319055 -0.947731
vn 0.001845 0.319466 -0.947596
vn 0.000795 0.288570 -0.957459
vn -0.000052 0.234162 -0.972198
vn -0.000080 0.009641 -0.999954
vn -0.000078 0.004347 -0.999991
vn -0.000021 -0.007321 -0.999973
vn -0.000000 0.000000 -1.000000
vn 0.022702 0.142889 0.989478
vn 0.027341 0.142876 0.989363
vn 0.006961 -0.039013 0.999215
vn 0.000000 0.000000 1.000000
vn -0.000000 0.000000 1.000000
vn 0.994016 0.109222 -0.001762
vn 0.994037 0.109028 0.001838
vn 0.995040 0.099471 0.000006
vn 0.995040 0.099472 0.000000
vn 0.995040 0.099472 -0.000006
vn 0.091314 0.022168 0.995575
vn 0.063900 0.013988 0.997858
vn -0.000000 0.000000 -1.000000
vn 0.000000 0.000000 -1.000000
vn -0.000000 0.000000 -1.000000
vn -0.000000 0.000000 -1.000000
vn 0.000000 0.000000 -1.000000
vn 0.000000 0.000000 -1.000000
vn -0.000000 0.000000 -1.000000
vn -0.000000 0.000000 -1.000000
vn 0.000000 0.000000 -1.000000
vn -0.000000 0.000000 -1.000000
vn -0.000000 0.000000 -1.000000
vn 0.000000 0.000000 -1.000000
vn 0.000001 0.000000 -1.000000
vn 0.000000 0.000000 -1.000000
vn 0.000000 0.000000 -1.000000
vn -0.000000 0.000000 -1.000000
vn -0.000000 0.000000 -1.000000
vn 0.000000 0.000000 -1.000000
vn 0.000000 0.000000 -1.000000
vn -0.993181 -0.116585 -0.000000
vn -0.993179 -0.116598 0.000000
vn -0.000000 0.000000 1.000000
vn -0.000000 0.000000 1.000000
vn -0.000000 0.000000 1.000000
vn -0.000000 0.000000 1.000000
vn 0.000000 0.000000 1.000000
vn 0.000000 0.000000 1.000000
vn 0.000000 0.000000 1.000000
vn 0.000000 0.000000 1.000000
vn 0.000000 0.000000 1.000000
vn 0.000000 0.000000 1.000000
vn -0.000000 0.000000 1.000000
vn -0.000000 0.000000 1.000000
vn -0.000000 0.000000 1.000000
vn -0.000000 0.000000 1.000000
vn 0.000000 0.000000 1.000000
vn -0.000000 0.000000 1.000000
vn 0.000000 0.000000 1.000000
vn 0.000000 0.000000 1.000000
vn 0.000000 0.000000 1.000000
vn 0.000000 0.000000 1.000000
vn 0.000000 0.000000 1.000000
vn 0.000000 0.000000 1.000000
vn 0.054276 0.008140 0.998493
vn 0.129676 0.019690 0.991361
vn -0.982477 0.003474 0.186350
vn -0.982504 0.003471 0.186211
vn 0.000063 0.000022 1.000000
vn 0.000063 0.000022 1.000000
vn 0.999924 0.012312 0.000473
vn 0.999924 0.012312 0.000473
vn -0.000119 -0.000001 1.000000
vn -0.000120 -0.000001 1.000000
vn -0.824407 0.007321 0.565951
vn -0.824406 0.007321 0.565951
vn 0.000063 -0.000014 1.000000
vn 0.000102 -0.000023 1.000000
vn 0.000000 0.000000 1.000000
vn 0.000000 0.000000 1.000000
vn 0.000000 0.000000 -1.000000
vn 0.000000 0.000000 -1.000000
vn 0.000000 0.000000 1.000000
vn 0.000000 0.000000 1.000000
vn 1.000000 0.000016 -0.000008
vn 1.000000 0.000016 -0.000008
vn 1.000000 0.000018 0.000006
vn 1.000000 0.000010 0.000004
vn 1.000000 -0.000013 0.000009
vn 1.000000 0.000014 0.000008
vn 1.000000 0.000023 0.000007
vn -0.000000 0.000000 1.000000
vn -0.000000 0.000000 1.000000
vn -0.000000 0.000000 1.000000
vn -0.000000 0.000000 1.000000
vn 0.060324 0.007489 -0.998151
vn 0.060324 0.007488 -0.998151
vn 0.060327 0.007540 -0.998150
vn 0.060327 0.007540 -0.998150
vn 0.209835 0.962840 0.170028
vn 0.209835 0.962840 0.170028
vn 0.209835 0.962840 0.170028
vn 0.209835 0.962839 0.170028
vn 0.052256 -0.049590 0.997402
vn 0.045944 -0.085542 0.995275
vn 0.045944 -0.085542 0.995275
vn 0.050373 -0.060366 0.996905
vn -0.005640 -0.980067 0.198589
vn -0.005640 -0.980067 0.198589
vn -0.005640 -0.980067 0.198589
vn -0.005640 -0.980067 0.198589
vn 0.081905 0.057533 -0.994978
vn 0.081905 0.057533 -0.994978
vn 0.081905 0.057533 -0.994978
vn 0.081905 0.057533 -0.994978
vn -0.016867 0.997375 0.070416
vn -0.016867 0.997375 0.070416
vn -0.016867 0.997375 0.070416
vn -0.016867 0.997375 0.070416
vn -0.079453 -0.175899 0.981197
vn -0.079453 -0.175899 0.981197
vn -0.079453 -0.175899 0.981197
vn -0.079453 -0.175899 0.981197
vn 0.043452 -0.981220 0.187937
vn 0.043452 -0.981220 0.187937
vn 0.247402 -0.948515 0.197765
vn 0.242515 -0.949806 0.197625
vn -0.001317 0.057751 -0.998330
vn -0.001317 0.057751 -0.998330
vn -0.001317 0.057751 -0.998330
vn -0.001317 0.057751 -0.998330
vn 0.092959 0.991690 0.088937
vn 0.092959 0.991690 0.088937
vn 0.092959 0.991690 0.088937
vn 0.092959 0.991690 0.088937
vn -0.004300 -0.179533 0.983743
vn -0.004300 -0.179533 0.983743
vn -0.004300 -0.179533 0.983743
vn -0.004300 -0.179533 0.983743
vn 0.281170 -0.938884 0.198596
vn 0.281170 -0.938884 0.198596
vn 0.061508 0.078970 -0.994978
vn 0.061508 0.078970 -0.994978
vn 0.061508 0.078971 -0.994978
vn 0.061508 0.078971 -0.994978
vn -0.307758 0.948853 0.070455
vn -0.307758 0.948853 0.070455
vn -0.307764 0.948851 0.070452
vn -0.307764 0.948851 0.070452
vn -0.024551 -0.191455 0.981194
vn -0.024551 -0.191455 0.981194
vn -0.024550 -0.191454 0.981195
vn -0.024550 -0.191454 0.981195
vn -0.032170 -0.154400 0.987484
vn -0.032166 -0.154423 0.987481
vn -0.307641 0.948633 0.073839
vn -0.307641 0.948633 0.073843
vn 0.061506 0.078970 -0.994978
vn 0.061506 0.078970 -0.994978
vn 0.281178 -0.938885 0.198578
vn 0.281178 -0.938885 0.198578
vn 0.281177 -0.938885 0.198579
vn 0.281177 -0.938885 0.198579
vn 0.059945 0.083795 -0.994678
vn 0.061506 0.078970 -0.994978
vn -0.307626 0.948611 0.074185
vn -0.307626 0.948611 0.074185
vn -0.035512 -0.148504 0.988274
vn -0.035459 -0.148551 0.988269
vn -0.058761 -0.127732 0.990067
vn -0.058761 -0.127732 0.990067
vn -0.308213 0.949108 0.064793
vn -0.310416 0.946803 0.084890
vn -0.310435 0.946780 0.085071
vn -0.308213 0.949108 0.064793
vn 0.057828 0.090332 -0.994231
vn 0.061508 0.078970 -0.994978
vn 0.281176 -0.938883 0.198593
vn 0.281176 -0.938883 0.198593
vn -0.949800 -0.300671 -0.086469
vn -0.949528 -0.299698 -0.092614
vn -0.949519 -0.299669 -0.092802
vn -0.949800 -0.300671 -0.086469
vn -0.074360 -0.120098 0.989973
vn -0.074360 -0.120098 0.989973
vn -0.074360 -0.120098 0.989973
vn -0.074360 -0.120098 0.989973
vn 0.949938 0.300923 0.084044
vn 0.949047 0.298147 0.102070
vn 0.057175 0.092345 -0.994084
vn 0.057175 0.092345 -0.994084
vn 0.311110 -0.945969 -0.091393
vn 0.311110 -0.945969 -0.091393
vn 0.311110 -0.945969 -0.091393
vn 0.311110 -0.945969 -0.091393
vn 0.948727 0.297317 0.107327
vn 0.948727 0.297317 0.107327
vn -0.311102 0.945972 0.091393
vn -0.311102 0.945972 0.091393
vn -0.948725 -0.297324 -0.107332
vn -0.948725 -0.297324 -0.107332
vn -0.948725 -0.297324 -0.107332
vn -0.948725 -0.297324 -0.107332
vn 0.085974 -0.967429 0.238095
vn 0.095108 -0.984557 0.146975
vn 0.086093 -0.968418 0.233997
vn 0.086093 -0.968418 0.233997
vn 0.060337 0.007714 -0.998148
vn 0.060337 0.007714 -0.998148
vn 0.060337 0.007714 -0.998148
vn 0.060337 0.007714 -0.998148
vn 0.085812 -0.966071 0.243607
vn 0.100133 -0.990496 0.094291
vn -0.997003 0.000000 -0.077369
vn -0.997002 0.000000 -0.077369
vn -0.997003 0.000000 -0.077369
vn -0.997002 0.000000 -0.077369
vn 0.060830 0.000000 0.998148
vn 0.060830 0.000000 0.998148
vn 0.996676 0.000000 0.081466
vn 0.996676 0.000000 0.081466
vn 0.996676 0.000000 0.081466
vn 0.996676 0.000000 0.081466
vn 0.058909 0.000000 -0.998263
vn 0.058909 0.000000 -0.998263
vn 0.058909 0.000000 -0.998263
vn 0.058909 0.000000 -0.998263
vn -0.998179 0.000453 -0.060325
vn -0.998179 0.000453 -0.060325
vn -0.998179 0.000453 -0.060325
vn -0.998179 0.000453 -0.060325
vn 0.223327 0.974521 0.020861
vn 0.223327 0.974520 0.020861
vn 0.223328 0.974520 0.020859
vn 0.088408 0.996001 0.012864
vn 0.108002 -0.994150 -0.000982
vn 0.108002 -0.994150 -0.000982
vn 0.042047 -0.999103 -0.005010
vn 0.107992 -0.994151 -0.000985
vn 0.021929 -0.999740 -0.006232
vn 0.107977 -0.994153 -0.000990
vn 0.998179 -0.000456 0.060327
vn 0.998179 -0.000456 0.060327
vn 0.998179 -0.000456 0.060327
vn 0.998179 -0.000456 0.060327
vn 0.223329 0.974520 0.020857
vn 0.046197 0.998879 0.010334
vn -0.998179 0.000452 -0.060322
vn -0.998179 0.000452 -0.060322
vn -0.998179 0.000452 -0.060322
vn -0.998179 0.000452 -0.060322
vn -0.060324 -0.007477 0.998151
vn -0.060324 -0.007477 0.998151
vn -0.060324 -0.007477 0.998151
vn -0.060324 -0.007477 0.998151
vn -0.000000 0.999972 0.007549
vn -0.000000 0.999972 0.007549
vn 0.060324 0.007478 -0.998151
vn 0.060324 0.007478 -0.998151
vn 0.000007 -0.999972 -0.007559
vn 0.000007 -0.999971 -0.007559
vn 0.223331 0.974516 0.021032
vn 0.223331 0.974516 0.021032
vn 0.223334 0.974515 0.021032
vn 0.223334 0.974515 0.021032
vn 0.998178 -0.000475 0.060333
vn 0.998178 -0.000475 0.060333
vn 0.998178 -0.000474 0.060333
vn 0.998178 -0.000474 0.060333
vn 0.107991 -0.994151 -0.001162
vn 0.107991 -0.994151 -0.001162
vn -0.998178 0.000462 -0.060335
vn -0.998178 0.000462 -0.060335
vn -0.998178 0.000462 -0.060335
vn -0.998178 0.000462 -0.060335
vn 0.223338 0.974514 0.021033
vn 0.223338 0.974514 0.021033
vn 0.998178 -0.000472 0.060335
vn 0.998178 -0.000472 0.060335
vn 0.107992 -0.994151 -0.001174
vn 0.107992 -0.994151 -0.001174
vn 1.000000 -0.000017 -0.000009
vn 1.000000 -0.000001 -0.000014
vn 1.000000 0.000003 -0.000004
vn 1.000000 0.000000 -0.000009
vn 1.000000 0.000023 -0.000003
vn 1.000000 0.000008 -0.000002
vn 1.000000 -0.000004 0.000007
vn 1.000000 -0.000000 0.000002
vn 1.000000 -0.000004 0.000006
vn 1.000000 -0.000017 0.000002
vn 1.000000 -0.000001 0.000000
vn 1.000000 0.000022 0.000003
vn 1.000000 0.000002 0.000023
vn 1.000000 -0.000020 0.000017
vn 1.000000 0.000031 0.000005
vn 0.000011 -0.503368 0.864072
vn 0.000011 -0.581942 0.813230
vn 0.000011 -0.581942 0.813230
vn 0.000011 -0.503368 0.864072
vn -0.000009 -0.993484 -0.113974
vn -0.000009 -0.993484 -0.113974
vn -0.000009 -0.993484 -0.113974
vn -0.000009 -0.993484 -0.113974
vn -0.000013 -0.013679 -0.999907
vn -0.000012 0.059525 -0.998227
vn -0.000012 0.059526 -0.998227
vn -0.000013 -0.013679 -0.999906
vn -0.000014 0.997578 -0.069558
vn -0.000014 0.997578 -0.069558
vn -0.000014 0.997578 -0.069558
vn -0.000014 0.997578 -0.069558
vn 0.000012 -0.431650 0.902041
vn 0.000012 -0.431650 0.902041
vn -0.000011 0.161880 -0.986811
vn -0.000011 0.161880 -0.986811
vn -0.000012 0.503370 -0.864071
vn -0.000010 0.581946 -0.813227
vn -0.000010 0.581946 -0.813227
vn -0.000012 0.503371 -0.864071
vn 0.000009 0.993485 0.113967
vn 0.000009 0.993485 0.113967
vn 0.000009 0.993485 0.113967
vn 0.000009 0.993485 0.113967
vn 0.000012 0.013680 0.999906
vn 0.000012 -0.059525 0.998227
vn 0.000012 -0.059524 0.998227
vn 0.000012 0.013680 0.999906
vn 0.000019 -0.997578 0.069558
vn 0.000019 -0.997578 0.069558
vn 0.000019 -0.997578 0.069558
vn 0.000019 -0.997578 0.069558
vn -0.000014 0.431650 -0.902041
vn -0.000014 0.431650 -0.902041
vn 0.000012 -0.161880 0.986810
vn 0.000012 -0.161880 0.986811
vn 0.000010 -0.104684 -0.994506
vn 0.000011 -0.071421 -0.997446
vn 0.000011 -0.071421 -0.997446
vn 0.000010 -0.104684 -0.994506
vn 0.000008 0.999991 -0.004329
vn 0.000010 0.999527 -0.030760
vn 0.000010 0.999527 -0.030760
vn 0.000008 0.999991 -0.004329
vn 0.000016 -0.999999 -0.001166
vn 0.000014 -0.999793 -0.020328
vn 0.000014 -0.999793 -0.020328
vn 0.000016 -0.999999 -0.001166
vn 0.000008 -0.142858 -0.989743
vn 0.000008 -0.142858 -0.989743
vn -0.000002 0.685193 0.728362
vn -0.000007 0.605598 0.795770
vn -0.000007 0.605598 0.795770
vn -0.000002 0.685193 0.728362
vn 0.000012 0.998329 -0.057788
vn 0.000012 0.998329 -0.057788
vn -0.000012 0.517760 0.855526
vn -0.000012 0.517760 0.855526
vn 0.000020 -0.999700 0.024475
vn 0.000020 -0.999700 0.024475
vn 0.000000 0.000000 1.000000
vn 0.000000 0.000000 1.000000
vn 0.000000 0.000000 1.000000
vn -0.000000 0.000000 1.000000
vn -0.000000 0.000000 1.000000
vn -0.000000 0.000000 1.000000
vn 0.000000 0.000000 1.000000
vn -0.000000 0.000000 1.000000
vn 0.000000 0.000000 1.000000
vn 0.000000 0.000000 1.000000
vn -0.000000 0.000000 1.000000
vn -0.000000 0.000000 1.000000
vn -0.000000 0.000000 1.000000
vn 0.000000 0.000000 1.000000
vn -0.000000 0.000000 1.000000
vn -0.000000 0.000000 1.000000
vn 0.000000 0.000000 1.000000
vn 0.000000 0.000000 1.000000
vn 0.000000 0.000000 1.000000
vn 0.000000 0.000000 1.000000
vn 0.000000 0.000000 1.000000
vn 0.000000 0.000000 1.000000
vn 0.000000 0.000000 1.000000
vn -0.000000 0.000000 1.000000
vn 0.000000 0.000000 1.000000
vn 0.000000 0.000000 1.000000
vn 1.000000 -0.000732 -0.000000
vn 0.999747 -0.022505 -0.000000
vn 0.999747 -0.022505 -0.000000
vn 1.000000 -0.000732 -0.000000
vn -0.999739 0.022837 0.000000
vn -1.000000 0.000540 0.000000
vn -1.000000 0.000540 0.000000
vn -0.999739 0.022837 0.000000
vn 0.998148 -0.060836 -0.000000
vn 0.998148 -0.060836 -0.000000
vn -0.998071 0.062078 0.000000
vn -0.998071 0.062078 0.000000
vn 0.996733 -0.080772 -0.000000
vn 0.996733 -0.080772 -0.000000
vn -0.001725 0.999999 -0.000000
vn -0.001725 0.999999 -0.000000
vn -0.001725 0.999999 -0.000000
vn -0.001725 0.999999 -0.000000
vn -0.996579 0.082648 0.000000
vn -0.996579 0.082648 0.000000
vn 1.000000 0.000321 0.000000
vn 1.000000 -0.000235 -0.000000
vn 1.000000 -0.000235 -0.000000
vn 1.000000 0.000321 0.000000
vn -1.000000 0.000033 0.000000
vn -1.000000 -0.000672 0.000000
vn -1.000000 -0.000672 0.000000
vn -1.000000 0.000033 0.000000
vn 0.000000 -1.000000 0.000000
vn 0.000000 -1.000000 0.000000
vn 0.000000 -1.000000 0.000000
vn 0.000000 -1.000000 0.000000
vn 1.000000 -0.000195 -0.000000
vn 1.000000 -0.000195 -0.000000
vn -1.000000 0.000005 0.000000
vn -1.000000 0.000005 0.000000
vn 0.000000 0.000000 1.000000
vn -0.000000 0.000000 1.000000
vn 0.000000 0.000000 1.000000
vn 0.000000 0.000000 1.000000
vn 0.000000 0.000000 1.000000
vn -0.000000 0.000000 1.000000
vn -0.000000 0.000000 1.000000
vn -0.000000 0.000000 1.000000
vn 0.000000 0.000000 1.000000
vn 0.000000 0.000000 1.000000
vn -0.000000 0.000000 1.000000
vn -0.000000 0.000000 1.000000
vn -0.000000 0.000000 1.000000
vn -0.000000 0.000000 1.000000
vn -0.000000 0.000000 1.000000
vn -0.000000 0.000000 1.000000
vn -0.000000 0.000000 1.000000
vn 0.000000 0.000000 1.000000
vn 0.998271 -0.058777 0.000000
vn 0.997656 -0.068435 0.000000
vn 0.997656 -0.068435 0.000000
vn 0.998271 -0.058777 0.000000
vn -0.006503 0.999979 0.000000
vn -0.006503 0.999979 0.000000
vn -0.006503 0.999979 0.000000
vn -0.006503 0.999979 0.000000
vn -0.997541 0.070091 0.000000
vn -0.998180 0.060302 0.000000
vn -0.998180 0.060302 0.000000
vn -0.997541 0.070091 0.000000
vn 0.999702 -0.024420 0.000000
vn 0.999702 -0.024420 0.000000
vn -0.999680 0.025305 0.000000
vn -0.999680 0.025305 0.000000
vn 1.000000 -0.000340 0.000000
vn 1.000000 -0.000340 0.000000
vn -1.000000 0.000554 0.000000
vn -1.000000 0.000554 0.000000
vn 1.000000 0.000506 0.000000
vn 1.000000 -0.000009 0.000000
vn 1.000000 -0.000009 0.000000
vn 1.000000 0.000506 0.000000
vn -1.000000 0.000224 0.000000
vn -1.000000 -0.000223 0.000000
vn -1.000000 -0.000223 0.000000
vn -1.000000 0.000224 0.000000
vn 0.000000 -1.000000 0.000000
vn 0.000000 -1.000000 0.000000
vn 0.000000 -1.000000 0.000000
vn 0.000000 -1.000000 0.000000
vn 1.000000 0.000017 0.000000
vn 1.000000 0.000017 0.000000
vn -1.000000 0.000190 0.000000
vn -1.000000 0.000190 0.000000
vn -0.000000 0.000000 1.000000
vn 0.000000 0.000000 1.000000
vn -0.000000 0.000000 1.000000
vn 0.000000 0.000000 1.000000
vn -0.000000 0.000000 1.000000
vn -0.000000 0.000000 1.000000
vn -0.000000 0.000000 1.000000
vn -0.000000 0.000000 1.000000
vn -0.000000 0.000000 1.000000
vn -0.000000 0.000000 1.000000
vn -0.000000 0.000000 1.000000
vn 0.000000 0.000000 1.000000
vn 0.000000 0.000000 1.000000
vn 0.000000 0.000000 1.000000
vn -0.000000 0.000000 1.000000
vn 0.000000 0.000000 1.000000
vn 0.000000 0.000000 1.000000
vn 0.000000 0.000000 1.000000
vn 0.999994 -0.003465 0.000000
vn 0.999546 -0.030139 0.000000
vn 0.999546 -0.030139 0.000000
vn 0.999994 -0.003465 0.000000
vn -0.999617 0.027694 0.000000
vn -0.999994 0.003428 0.000000
vn -0.999994 0.003428 0.000000
vn -0.999617 0.027694 0.000000
vn 0.997962 -0.063816 0.000000
vn 0.997962 -0.063816 0.000000
vn -0.998336 0.057672 0.000000
vn -0.998336 0.057672 0.000000
vn 0.997232 -0.074358 0.000000
vn 0.997232 -0.074358 0.000000
vn 0.004660 0.999989 0.000000
vn 0.004660 0.999989 0.000000
vn 0.004660 0.999989 0.000000
vn 0.004660 0.999989 0.000000
vn -0.997772 0.066714 0.000000
vn -0.997772 0.066714 0.000000
vn 1.000000 -0.000547 0.000000
vn 1.000000 0.000641 0.000000
vn 1.000000 0.000641 0.000000
vn 1.000000 -0.000547 0.000000
vn -1.000000 -0.000635 0.000000
vn -1.000000 0.000534 0.000000
vn -1.000000 0.000534 0.000000
vn -1.000000 -0.000635 0.000000
vn 0.000000 -1.000000 0.000000
vn 0.000000 -1.000000 0.000000
vn 0.000000 -1.000000 0.000000
vn 0.000000 -1.000000 0.000000
vn 1.000000 0.000551 0.000000
vn 1.000000 0.000551 0.000000
vn -1.000000 -0.000544 0.000000
vn -1.000000 -0.000544 0.000000
vn 0.000080 0.000092 1.000000
vn 0.000001 -0.000121 1.000000
vn -0.000165 0.000016 1.000000
vn -0.000080 -0.000086 1.000000
vn 0.002393 0.001759 0.999996
vn 0.000907 -0.000403 1.000000
vn -0.000598 0.000794 1.000000
vn -0.000342 -0.000247 1.000000
vn 1.000000 0.000000 0.000000
vn 1.000000 0.000000 0.000000
vn 1.000000 0.000000 0.000000
vn 1.000000 0.000000 0.000000
vn -0.132501 0.991183 0.000000
vn -0.132501 0.991183 0.000000
vn -0.132501 0.991183 0.000000
vn -0.132501 0.991183 0.000000
vn -1.000000 -0.000027 0.000000
vn -1.000000 -0.000027 0.000000
vn -1.000000 -0.000027 0.000000
vn -1.000000 -0.000027 0.000000
vn -0.096633 -0.995320 0.000000
vn -0.096633 -0.995320 0.000000
vn -0.096633 -0.995320 0.000000
vn -0.096633 -0.995320 0.000000
vn -0.005528 0.070521 -0.997495
vn -0.005783 0.092023 -0.995740
vn 0.000000 0.000000 -1.000000
vn 0.000003 0.000002 -1.000000
vn 0.000006 0.000003 -1.000000
vn -0.004889 0.017505 -0.999835
vn 0.000060 0.000226 -1.000000
vn 0.001246 0.004504 -0.999989
vn -0.000009 -0.000020 -1.000000
vn -0.000055 -0.000157 -1.000000
vn -0.000058 -0.000172 -1.000000
vn 0.000000 0.000000 -1.000000
vn 0.000000 0.000000 -1.000000
vn 0.000000 0.000000 -1.000000
vn 0.000000 0.000000 -1.000000
vn 0.000000 -0.000000 -1.000000
vn 0.000000 0.000000 -1.000000
vn 0.000000 -0.000000 -1.000000
vn 0.000000 -0.000000 -1.000000
vn -0.000001 0.000003 -1.000000
vn -0.000000 0.000000 -1.000000
vn -0.000001 -0.000000 -1.000000
vn -0.000001 0.000003 -1.000000
vn -0.000000 0.000001 -1.000000
vn -0.012160 0.064609 -0.997837
vn -0.000000 0.000000 -1.000000
vn -0.017269 0.091754 -0.995632
vn 0.000000 0.000001 -1.000000
vn 0.000000 0.000000 -1.000000
vn 0.000000 0.000001 -1.000000
vn -0.000001 -0.000000 -1.000000
vn -0.000060 -0.000183 -1.000000
vn -0.000058 -0.000178 -1.000000
vn -0.000000 -0.000000 -1.000000
vn -0.000000 -0.000000 -1.000000
vn -0.000057 -0.000183 -1.000000
vn -0.000000 -0.000000 -1.000000
vn -0.000000 -0.000000 -1.000000
vn -0.000059 -0.000197 -1.000000
vn -0.975683 -0.218057 -0.022232
vn -0.988510 -0.150375 -0.015362
vn -0.985645 -0.168266 -0.013809
vn -0.975610 -0.218442 -0.021662
vn -0.000467 0.999082 -0.042828
vn -0.000666 0.999176 -0.040593
vn -0.000666 0.999176 -0.040593
vn -0.000470 0.999084 -0.042796
vn 0.000001 0.998843 -0.048087
vn 0.000001 0.998843 -0.048087
vn -0.999969 -0.006180 -0.004985
vn -0.999978 -0.006628 -0.000924
vn -0.004803 0.998833 -0.048066
vn -0.002507 0.998844 -0.048007
vn -0.002509 0.998844 -0.048007
vn -0.004803 0.998833 -0.048066
vn 0.000016 0.998846 -0.048031
vn 0.000003 0.998843 -0.048080
vn 0.000003 0.998843 -0.048080
vn 0.000016 0.998846 -0.048031
vn 0.000021 0.998848 -0.047992
vn 0.000021 0.998848 -0.047992
vn 0.006774 -0.997517 -0.070103
vn 0.006966 -0.996251 -0.086224
vn 0.006970 -0.996224 -0.086540
vn 0.006774 -0.997517 -0.070103
vn -0.000014 -0.993621 -0.112767
vn -0.000015 -0.993621 -0.112767
vn -0.008967 -0.993568 -0.112879
vn -0.008957 -0.993568 -0.112879
vn -0.039553 -0.992720 -0.113762
vn -0.039553 -0.992721 -0.113761
vn -0.039745 -0.992635 -0.114436
vn -0.039745 -0.992635 -0.114435
vn -0.039316 -0.992208 -0.118229
vn -0.038965 -0.992179 -0.118587
vn -0.038965 -0.992179 -0.118587
vn -0.039317 -0.992208 -0.118228
vn -0.976218 -0.215092 -0.027077
vn -0.976218 -0.215092 -0.027077
vn -0.039593 -0.992566 -0.115089
vn -0.039502 -0.992503 -0.115663
vn -0.039502 -0.992503 -0.115662
vn -0.039594 -0.992566 -0.115088
vn 0.000010 0.998851 -0.047921
vn 0.000017 0.998850 -0.047954
vn 0.000017 0.998850 -0.047954
vn 0.000010 0.998851 -0.047921
vn -0.039492 -0.992404 -0.116508
vn -0.039492 -0.992404 -0.116507
vn 0.000015 0.998854 -0.047872
vn 0.000015 0.998854 -0.047872
vn -0.039535 -0.992305 -0.117335
vn -0.039534 -0.992305 -0.117334
vn -0.000091 0.998852 -0.047893
vn -0.000091 0.998852 -0.047893
vn 0.001213 0.009768 -0.999952
vn 0.001786 0.009908 -0.999949
vn 0.001739 0.009895 -0.999950
vn 0.001207 0.009765 -0.999952
vn -0.005410 0.088403 -0.996070
vn 0.002762 0.092559 -0.995703
vn 0.002731 0.092378 -0.995720
vn -0.002103 0.090190 -0.995922
vn -0.017150 0.048130 -0.998694
vn -0.014262 0.012981 -0.999814
vn -0.012064 0.012529 -0.999849
vn -0.015824 0.063706 -0.997843
vn -0.004480 0.089793 -0.995950
vn -0.008650 0.088508 -0.996038
vn 0.023203 0.070259 -0.997259
vn 0.004412 0.094149 -0.995548
vn 0.007346 0.095809 -0.995373
vn 0.022643 0.076600 -0.996805
vn 0.018192 0.015958 -0.999707
vn 0.015763 0.015050 -0.999763
vn 0.005448 -0.999932 -0.010294
vn -0.113779 -0.993436 -0.011806
vn -0.113782 -0.993436 -0.011806
vn 0.005448 -0.999932 -0.010294
vn 0.101398 0.994843 0.002614
vn 0.002105 0.999995 0.002318
vn 0.001974 0.999946 0.010215
vn 0.101746 0.994744 0.011522
vn -0.042635 0.994945 0.090917
vn 0.028121 0.995479 0.090726
vn 0.028121 0.995479 0.090726
vn -0.042640 0.994945 0.090917
vn -0.024969 -0.999476 -0.020609
vn 0.028784 -0.999370 -0.020763
vn 0.028487 -0.995451 -0.090914
vn -0.024782 -0.995569 -0.090714
vn 0.985277 0.170966 0.000065
vn 0.999911 0.001146 -0.013257
vn 0.999911 0.001146 -0.013257
vn 0.985199 0.171412 0.000100
vn -0.998068 -0.062071 0.002617
vn -0.988609 -0.150508 0.000548
vn -0.988432 -0.151650 0.002325
vn -0.997959 -0.062853 0.011308
vn 0.005633 -0.999926 -0.010817
vn 0.005633 -0.999926 -0.010817
vn -0.005371 0.999983 0.002430
vn -0.005711 0.999926 0.010780
vn 0.028676 0.995446 0.090913
vn 0.028676 0.995446 0.090913
vn -0.026750 -0.999431 -0.020548
vn -0.027128 -0.995489 -0.090917
vn 0.964016 0.265732 0.007673
vn 0.964017 0.265732 0.007673
vn -0.977738 -0.209831 -0.000760
vn -0.978089 -0.208158 -0.003466
vn -0.976638 -0.212723 -0.030456
vn -0.990027 -0.138305 -0.026783
vn 0.985771 0.167993 0.005886
vn 0.992457 0.122450 0.005956
vn 0.992127 0.122719 0.024988
vn 0.985569 0.167105 0.027027
vn -0.129656 0.987399 0.090732
vn -0.129656 0.987399 0.090732
vn 0.109232 -0.993807 -0.020410
vn 0.107767 -0.990006 -0.090966
vn -0.263287 -0.964615 -0.014059
vn -0.263287 -0.964615 -0.014059
vn 0.244618 0.969615 0.003143
vn 0.245850 0.969208 0.013946
vn -0.999792 -0.004535 -0.019899
vn 0.998464 0.055166 0.005048
vn 0.998344 0.053275 0.021719
vn 0.101213 0.994865 0.000000
vn 0.002135 0.999998 0.000000
vn -0.025001 -0.999687 0.000000
vn 0.028954 -0.999581 0.000000
vn -0.998086 -0.061834 0.000000
vn -0.987924 -0.154942 0.000000
vn -0.005273 0.999986 0.000000
vn -0.026614 -0.999646 0.000000
vn -0.977637 -0.210300 0.000000
vn 0.985748 0.168227 0.000000
vn 0.991977 0.126423 0.000000
vn 0.109554 -0.993981 0.000000
vn 0.244254 0.969711 0.000000
vn 0.998446 0.055736 0.000000
vn -0.992181 0.124808 0.000000
vn 1.000000 -0.000000 0.000000
vn -0.956884 0.290471 0.000000
vn 0.000000 -0.000000 0.000000
vn 0.000000 0.000000 0.000000
vn 0.000000 0.000000 0.000000
vn 0.000000 0.000000 0.000000
vn -0.993181 -0.116587 0.000000
vn -0.993181 -0.116585 0.000000
vn -0.993181 -0.116585 0.000000
vn -0.993181 -0.116587 0.000000
vn 1.000000 0.000156 0.000000
vn 1.000000 0.000156 0.000000
vn 1.000000 0.000156 0.000000
vn -0.956884 0.290472 -0.000000
vn -0.991338 0.131333 0.000000
vn -0.999816 0.019207 0.000000
vn -0.999816 0.019207 0.000000
vn -0.992840 -0.119451 0.000000
vn -0.999888 -0.014948 0.000000
vn -0.999885 -0.015144 0.000000
vn -0.992845 -0.119414 0.000000
vn -0.993180 -0.116589 0.000000
vn -0.993180 -0.116589 0.000000
vn -0.993181 -0.116584 0.000000
vn -0.993181 -0.116584 0.000000
vn 0.000000 -1.000000 0.000000
vn 0.000000 -1.000000 0.000000
vn 0.000000 -1.000000 0.000000
vn 0.000000 -1.000000 0.000000
vn 0.000000 0.000000 1.000000
vn 0.000000 0.000000 1.000000
vn 0.000000 0.000000 1.000000
vn 0.000000 0.000000 1.000000
vn 0.000000 0.999963 -0.008620
vn 0.000000 1.000000 0.000000
vn 0.000000 1.000000 0.000000
vn 0.000000 0.999963 -0.008620
vn 0.000000 0.027675 0.999617
vn 0.000000 0.054365 0.998521
vn 0.000000 0.054365 0.998521
vn 0.000000 0.023167 0.999732
vn 0.000000 0.007130 0.999975
vn 0.000000 0.007130 0.999975
vn 0.000000 -0.003294 0.999995
vn 0.000000 0.002483 0.999997
vn 0.000000 0.002943 0.999996
vn 0.000000 -0.004074 0.999992
vn 0.000000 0.000000 1.000000
vn 0.000000 0.000000 1.000000
vn 0.000000 0.000000 1.000000
vn 0.000000 0.000000 1.000000
vn -0.993179 -0.116597 0.000000
vn -0.993180 -0.116589 0.000001
vn -0.993180 -0.116596 0.000000
vn -0.993179 -0.116597 0.000000
vn -0.993181 -0.116585 0.000001
vn -0.993181 -0.116586 0.000001
vn -0.957263 0.289155 -0.006025
vn -0.956219 0.292651 0.000000
vn -0.956219 0.292651 0.000000
vn -0.957744 0.287521 -0.007662
vn -0.990415 0.109906 -0.083656
vn -0.960830 0.274540 -0.037867
vn -0.960604 0.274001 -0.046503
vn -0.985423 0.148280 -0.083395
vn -0.998167 0.036360 -0.048380
vn -0.998129 0.036650 -0.048938
vn -0.994095 -0.108140 -0.009007
vn -0.999618 -0.024263 -0.013222
vn -0.999878 -0.010580 -0.011493
vn -0.993928 -0.109796 -0.007212
vn -0.993157 -0.116783 0.000295
vn -0.993156 -0.116794 0.000311
vn -0.993181 -0.116584 0.000001
vn -0.993181 -0.116585 0.000001
vn 0.000000 1.000000 0.000000
vn 0.000000 1.000000 0.000000
vn 0.000000 1.000000 0.000000
vn 0.000000 1.000000 0.000000
vn 0.000000 0.000000 -1.000000
vn 0.000000 0.000000 -1.000000
vn 0.000000 0.000000 -1.000000
vn 0.000000 0.000000 -1.000000
vn 0.000000 -0.019163 -0.999816
vn 0.000000 -0.055647 -0.998451
vn 0.000000 -0.055647 -0.998451
vn 0.000000 -0.023160 -0.999732
vn 0.000000 -0.007858 -0.999969
vn 0.000000 -0.007923 -0.999969
vn 0.000000 0.002844 -0.999996
vn 0.000000 -0.002594 -0.999997
vn 0.000000 -0.002361 -0.999997
vn 0.000000 0.002517 -0.999997
vn 0.000000 0.000161 -1.000000
vn 0.000000 0.000137 -1.000000
vn 0.000000 0.000000 -1.000000
vn 0.000000 0.000000 -1.000000
vn -0.964392 0.264476 -0.000972
vn -0.960659 0.277731 0.000000
vn -0.960659 0.277731 0.000000
vn -0.964893 0.262642 -0.000327
vn -0.989613 0.132669 -0.055361
vn -0.974483 0.224277 -0.009122
vn -0.974292 0.223376 -0.029314
vn -0.990386 0.127183 -0.054401
vn -0.997081 0.069032 -0.032636
vn -0.997447 0.064682 -0.030272
vn -0.999864 0.016333 0.002347
vn -0.999833 0.018256 -0.000000
vn 0.248174 0.968644 0.011808
vn 0.248191 0.968711 -0.000000
vn 0.248191 0.968711 -0.000000
vn 0.248174 0.968644 0.011808
vn 0.033233 0.032060 0.998933
vn 0.036641 0.016412 0.999194
vn 0.036630 0.016414 0.999194
vn 0.033258 0.031969 0.998935
vn 0.025445 0.027616 0.999295
vn 0.025201 0.027314 0.999309
vn -0.016900 -0.999857 -0.000000
vn -0.016895 -0.999584 -0.023360
vn -0.016895 -0.999584 -0.023360
vn -0.016900 -0.999857 -0.000000
vn 0.012461 0.011517 0.999856
vn 0.012461 0.011517 0.999856
vn -0.998215 0.036961 -0.046906
vn -0.999987 0.005085 0.000000
vn -0.999987 0.005085 0.000000
vn -0.996899 0.050179 -0.060620
vn -0.987759 0.152824 -0.031255
vn -0.961433 0.194519 -0.194446
vn -0.966604 0.196321 -0.164727
vn -0.990045 0.140654 -0.005209
vn -0.997589 0.067896 0.014351
vn -0.993807 0.110318 0.013358
vn -0.999999 0.001657 0.000000
vn -0.999970 0.004290 0.006389
vn -0.999960 0.005323 0.007220
vn -0.999999 0.001657 0.000000
vn -0.318345 -0.947892 -0.012577
vn -0.318371 -0.947966 0.000000
vn -0.318371 -0.947966 0.000000
vn -0.318345 -0.947892 -0.012577
vn -0.040664 -0.033171 -0.998622
vn -0.044157 -0.014637 -0.998917
vn -0.044172 -0.014633 -0.998917
vn -0.040631 -0.033299 -0.998619
vn -0.030850 -0.029231 -0.999097
vn -0.031232 -0.029618 -0.999073
vn 0.022594 0.999745 0.000000
vn 0.022589 0.999519 0.021230
vn 0.022589 0.999519 0.021230
vn 0.022594 0.999745 0.000000
vn -0.015183 -0.013357 -0.999796
vn -0.015183 -0.013357 -0.999796
vn -0.993180 -0.116589 0.000000
vn -0.993180 -0.116590 -0.000020
vn -0.993117 -0.117127 -0.000133
vn -0.993132 -0.117000 -0.000019
vn -0.992960 -0.118452 -0.000318
vn -0.993132 -0.117000 -0.000019
vn -0.993177 -0.116621 -0.000013
vn -0.993181 -0.116584 -0.000004
vn 0.002249 -0.015793 -0.999873
vn 0.002242 -0.017017 -0.999853
vn 0.002242 -0.017017 -0.999853
vn 0.002249 -0.015793 -0.999873
vn -0.002164 0.016514 0.999861
vn -0.002412 0.017178 0.999850
vn -0.002412 0.017178 0.999850
vn -0.002164 0.016514 0.999861
vn -0.116377 0.987862 0.102888
vn -0.116377 0.987862 0.102888
vn -0.116377 0.987862 0.102888
vn -0.116377 0.987862 0.102888
vn 0.002234 -0.018438 -0.999828
vn 0.002234 -0.018438 -0.999828
vn 0.114526 -0.975376 -0.188484
vn 0.114526 -0.975376 -0.188484
vn 0.114526 -0.975376 -0.188484
vn 0.114526 -0.975376 -0.188484
vn -0.001936 0.015905 0.999872
vn -0.001936 0.015905 0.999872
vn -0.998711 -0.049800 0.009811
vn -0.996879 -0.078925 -0.001912
vn -0.996561 -0.082825 -0.002519
vn -0.996512 -0.083165 0.006853
vn -0.997000 -0.077315 -0.003779
vn -0.996724 -0.080386 -0.008875
vn -0.998917 -0.046059 0.006585
vn -0.996624 -0.082101 0.000620
vn -0.993168 -0.116690 0.000156
vn -0.993180 -0.116594 0.000151
vn -0.993170 -0.116673 0.000020
vn -0.993169 -0.116684 0.000040
vn -0.993179 -0.116599 0.000020
vn -0.993180 -0.116588 0.000038
vn 0.000001 -0.023095 -0.999733
vn 0.000001 -0.023095 -0.999733
vn -0.000038 -0.024083 -0.999710
vn -0.000079 -0.025111 -0.999685
vn -0.150889 -0.988272 0.023458
vn -0.150889 -0.988272 0.023458
vn -0.192993 -0.980955 0.021939
vn -0.192255 -0.981099 0.021966
vn 0.000167 0.025162 0.999683
vn 0.000167 0.025162 0.999683
vn 0.000247 0.027464 0.999623
vn 0.000205 0.026269 0.999655
vn -0.155120 0.985165 0.073404
vn -0.155120 0.985165 0.073404
vn -0.180330 0.981135 0.069680
vn -0.180263 0.981147 0.069690
vn -0.360499 0.932329 -0.028333
vn -0.360499 0.932329 -0.028333
vn -0.303573 0.952450 -0.026104
vn -0.303821 0.952371 -0.026114
vn 0.002364 -0.022508 -0.999744
vn 0.002364 -0.022508 -0.999744
vn 0.002796 -0.024435 -0.999698
vn 0.002811 -0.024504 -0.999696
vn -0.179637 -0.972442 -0.148615
vn -0.179637 -0.972442 -0.148615
vn -0.094928 -0.985830 -0.138306
vn -0.092228 -0.986134 -0.137962
vn -0.001485 0.019477 0.999809
vn -0.001485 0.019477 0.999809
vn -0.001967 0.021170 0.999774
vn -0.001941 0.021076 0.999776
vn 0.002013 -0.040139 -0.999192
vn 0.003158 -0.041993 -0.999113
vn -0.341225 -0.939843 0.016153
vn -0.341225 -0.939843 0.016153
vn -0.003313 0.047501 0.998866
vn -0.001993 0.045004 0.998985
vn -0.266628 0.962146 0.056436
vn -0.266628 0.962146 0.056436
vn 0.031753 -0.034123 -0.998913
vn 0.010758 -0.042375 -0.999044
vn 0.042575 -0.998910 0.019139
vn 0.042575 -0.998910 0.019139
vn 0.558398 -0.829368 0.018437
vn 0.565339 -0.824654 0.018381
vn -0.010421 0.048791 0.998755
vn -0.035756 0.038394 0.998623
vn -0.063764 0.996408 0.055728
vn -0.063764 0.996408 0.055728
vn -0.431894 0.900237 0.055141
vn -0.432183 0.900099 0.055137
vn 0.035666 0.003548 -0.999358
vn 0.036728 -0.012517 -0.999247
vn 0.963484 -0.267587 0.009761
vn 0.963484 -0.267587 0.009761
vn -0.039764 0.012798 0.999127
vn -0.037949 -0.003461 0.999274
vn -0.530843 0.845786 0.053406
vn -0.530843 0.845786 0.053406
vn 0.151045 0.988347 -0.018846
vn 0.151988 0.988203 -0.018841
vn -0.004070 -0.034663 -0.999391
vn -0.006085 -0.034957 -0.999370
vn -0.148046 -0.983928 -0.099842
vn -0.153413 -0.983122 -0.099677
vn 0.005224 0.030097 0.999533
vn 0.003497 0.029846 0.999548
vn 0.289103 0.957131 -0.017886
vn 0.289103 0.957131 -0.017886
vn -0.010598 -0.035616 -0.999309
vn -0.010598 -0.035616 -0.999309
vn -0.287837 -0.953003 -0.094531
vn -0.287837 -0.953003 -0.094531
vn 0.009101 0.030662 0.999488
vn 0.009101 0.030662 0.999488
vn 0.034899 0.015067 -0.999277
vn 0.034899 0.015067 -0.999277
vn 0.852928 0.521994 0.005965
vn 0.852929 0.521994 0.005965
vn 0.852929 0.521994 0.005965
vn 0.852928 0.521994 0.005965
vn -0.036499 -0.016387 0.999199
vn -0.036499 -0.016387 0.999199
vn -0.950745 -0.308956 0.025099
vn -0.950745 -0.308956 0.025099
vn -0.950745 -0.308956 0.025099
vn -0.950745 -0.308956 0.025099
vn 0.808038 0.589106 -0.005300
vn 0.808038 0.589106 -0.005300
vn 0.806901 0.590667 0.004853
vn 0.807041 0.590484 0.003641
vn 0.121769 -0.035147 -0.991936
vn 0.121769 -0.035147 -0.991936
vn 0.089799 -0.074279 -0.993186
vn 0.079274 -0.087059 -0.993044
vn -0.616540 -0.785400 -0.054998
vn -0.616540 -0.785401 -0.054998
vn -0.619497 -0.784805 -0.017453
vn -0.619763 -0.784674 -0.013407
vn -0.067593 0.025020 0.997399
vn -0.067593 0.025020 0.997399
vn -0.052475 0.041827 0.997746
vn -0.057348 0.036415 0.997690
vn -0.049919 0.044664 0.997754
vn -0.049919 0.044664 0.997754
vn -0.620628 -0.784104 0.000996
vn -0.620628 -0.784104 0.000996
vn 0.072419 -0.095356 -0.992806
vn 0.072419 -0.095356 -0.992805
vn 0.806538 0.591129 0.007944
vn 0.806538 0.591129 0.007944
vn 0.085657 -0.964819 0.248569
vn 0.085657 -0.964819 0.248569
vn 0.085657 -0.964819 0.248569
vn 0.085657 -0.964819 0.248569
vn 0.998240 0.025763 0.053424
vn 0.998240 0.025763 0.053424
vn 0.998240 0.025763 0.053424
vn 0.998240 0.025763 0.053424
vn 0.994648 -0.000868 0.103319
vn 0.994648 -0.000868 0.103319
vn 0.994648 -0.000868 0.103319
vn 0.994648 -0.000868 0.103319
vn 0.994660 -0.000937 0.103199
vn 0.994660 -0.000937 0.103199
vn 0.994660 -0.000937 0.103199
vn 0.994660 -0.000937 0.103199
vn 0.997957 0.027719 0.057567
vn 0.997957 0.027719 0.057567
vn 0.997957 0.027719 0.057567
vn 0.997957 0.027719 0.057567
vn 0.599217 0.787674 0.143208
vn 0.599217 0.787674 0.143208
vn 0.599217 0.787674 0.143208
vn 0.599217 0.787674 0.143208
vn 0.003054 0.027766 -0.999610
vn 0.003054 0.027766 -0.999610
vn 0.003054 0.027766 -0.999610
vn 0.003054 0.027766 -0.999610
vn 0.688105 -0.697721 0.199239
vn 0.688105 -0.697721 0.199239
vn 0.688105 -0.697721 0.199239
vn 0.688105 -0.697721 0.199239
vn 0.265426 -0.115173 0.957227
vn 0.265426 -0.115173 0.957227
vn 0.265426 -0.115173 0.957227
vn 0.265426 -0.115173 0.957227
vn 0.060361 0.008075 -0.998144
vn 0.060361 0.008075 -0.998144
vn 0.060361 0.008075 -0.998144
vn 0.060361 0.008075 -0.998144
vn 0.209921 0.963215 0.167777
vn 0.209921 0.963215 0.167777
vn 0.209921 0.963215 0.167777
vn 0.209921 0.963215 0.167777
vn 0.210069 0.963933 0.163414
vn 0.210069 0.963933 0.163414
vn 0.210069 0.963933 0.163414
vn 0.210069 0.963933 0.163414
vn 0.045530 -0.091366 0.994776
vn 0.045530 -0.091366 0.994776
vn 0.045530 -0.091366 0.994776
vn 0.045530 -0.091366 0.994776
vn 0.045809 -0.087445 0.995116
vn 0.045809 -0.087445 0.995116
vn 0.045809 -0.087445 0.995116
vn 0.045809 -0.087445 0.995116
vn -0.948727 -0.297321 -0.107322
vn -0.948726 -0.297322 -0.107322
vn -0.948727 -0.297318 -0.107329
vn -0.948727 -0.297317 -0.107330
vn -0.948726 -0.297321 -0.107329
vn -0.948726 -0.297319 -0.107331
vn -0.066022 -0.145649 0.987131
vn -0.066022 -0.145649 0.987131
vn -0.066022 -0.145649 0.987131
vn -0.066022 -0.145649 0.987131
vn -0.304848 0.950387 0.061899
vn -0.304848 0.950387 0.061899
vn -0.304848 0.950387 0.061899
vn -0.304848 0.950387 0.061899
vn 0.066027 0.145651 -0.987130
vn 0.066027 0.145651 -0.987130
vn 0.066027 0.145651 -0.987130
vn 0.066027 0.145651 -0.987130
vn 0.304849 -0.950387 -0.061896
vn 0.304850 -0.950387 -0.061896
vn 0.304849 -0.950387 -0.061896
vn 0.304850 -0.950387 -0.061896
vn -0.000000 0.000000 1.000000
vn 0.000000 0.000000 1.000000
vn -0.000000 0.000000 1.000000
vn -0.000000 0.000000 1.000000
vn 0.000000 0.000000 1.000000
vn 0.000000 0.000000 1.000000
vn -0.000000 0.000000 1.000000
vn 0.000000 0.000000 1.000000
vn 0.000001 0.000000 1.000000
vn 0.000000 0.000000 1.000000
vn 0.000000 0.000000 1.000000
vn 0.000001 0.000000 1.000000
vn -0.000000 0.000000 1.000000
vn -0.000000 0.000000 1.000000
vn -0.000000 0.000000 1.000000
vn -0.000000 0.000000 1.000000
vn -0.000000 0.000000 1.000000
vn 0.000000 0.000000 1.000000
vn 0.000000 0.000000 1.000000
vn 0.000000 0.000000 1.000000
vn 0.000000 0.000000 1.000000
vn 0.000000 0.000000 1.000000
vn -0.000000 0.000000 1.000000
vn -0.000000 0.000000 1.000000
vn -0.000000 0.000000 1.000000
vn -0.000000 0.000000 1.000000
vn 0.000000 0.000000 1.000000
vn 0.000000 0.000000 1.000000
vn -0.000000 0.000000 1.000000
vn -0.000000 0.000000 1.000000
vn -0.000000 0.000000 1.000000
vn -0.000000 0.000000 1.000000
vn 0.000000 0.000000 1.000000
vn 0.000000 0.000000 1.000000
vn -0.000000 0.000000 1.000000
vn 0.000005 -0.005717 0.999984
vn 0.000023 0.004502 0.999990
vn 0.000024 0.011361 0.999936
vn 0.000016 0.011298 0.999936
vn 0.000016 0.011251 0.999937
vn -0.000128 0.999869 -0.016200
vn -0.000128 0.999869 -0.016200
vn -0.000856 0.041621 0.999133
vn -0.000910 0.014144 0.999900
vn -0.000840 0.084320 0.996438
vn -0.000998 0.084332 0.996437
vn -0.000925 0.084329 0.996438
vn 0.011774 -0.996379 0.084205
vn 0.011774 -0.996379 0.084205
vn -0.001051 0.083211 0.996531
vn -0.001033 0.083199 0.996532
vn -0.001053 0.083280 0.996526
vn -0.012818 0.999918 -0.000000
vn -0.012817 0.999888 -0.007799
vn -0.012817 0.999887 -0.007798
vn -0.012817 0.999918 0.000000
vn -0.012817 0.999888 -0.007798
vn -0.012817 0.999887 -0.007798
vn -0.012817 0.999918 0.000000
vn -0.001054 0.083524 0.996505
vn -0.001056 0.083549 0.996503
vn -0.001055 0.083589 0.996500
vn -0.001056 0.083554 0.996503
vn -0.001036 0.083574 0.996501
vn -0.001039 0.083600 0.996499
vn 0.011775 -0.996366 0.084361
vn 0.011775 -0.996366 0.084361
vn 0.011777 -0.996365 0.084374
vn 0.011777 -0.996365 0.084374
vn -0.001003 0.084963 0.996384
vn -0.000926 0.084949 0.996385
vn -0.000931 0.084896 0.996389
vn -0.001003 0.084909 0.996388
vn -0.000840 0.084878 0.996391
vn -0.000836 0.084931 0.996387
vn -0.000816 0.044541 0.999007
vn -0.000818 0.045120 0.998981
vn -0.000842 0.022932 0.999737
vn -0.000847 0.022256 0.999752
vn -0.000135 0.999831 -0.018411
vn -0.000135 0.999831 -0.018411
vn -0.000133 0.999834 -0.018224
vn -0.000133 0.999834 -0.018224
vn 0.000015 0.011290 0.999936
vn 0.000016 0.011325 0.999936
vn 0.000017 0.011306 0.999936
vn 0.000018 0.011236 0.999937
vn 0.000023 0.011436 0.999935
vn 0.000023 0.011423 0.999935
vn 0.000022 0.004468 0.999990
vn 0.000022 0.004305 0.999991
vn 0.000005 -0.005982 0.999982
vn 0.000005 -0.005681 0.999984
vn 0.000000 0.000000 1.000000
vn 0.000000 0.000000 1.000000
vn 0.000000 0.000000 1.000000
vn -0.000000 0.000000 1.000000
vn -0.012816 0.999888 -0.007798
vn -0.012817 0.999918 -0.000000
vn -0.001055 0.083482 0.996509
vn -0.001055 0.083505 0.996507
vn -0.001037 0.083501 0.996507
vn 0.011773 -0.996368 0.084331
vn 0.011773 -0.996368 0.084331
vn -0.000927 0.084803 0.996397
vn -0.001002 0.084816 0.996396
vn -0.000837 0.084786 0.996399
vn -0.000825 0.043842 0.999038
vn -0.000856 0.021079 0.999777
vn -0.000127 0.999840 -0.017914
vn -0.000127 0.999840 -0.017914
vn 0.000017 0.011310 0.999936
vn 0.000015 0.011257 0.999937
vn 0.000024 0.011419 0.999935
vn 0.000023 0.004475 0.999990
vn 0.000005 -0.005921 0.999983
vn -0.000000 0.000000 1.000000
vn -0.000000 0.000000 1.000000
vn -0.012819 0.999887 -0.007798
vn -0.012819 0.999918 -0.000000
vn -0.001056 0.083441 0.996512
vn -0.001055 0.083473 0.996510
vn -0.001038 0.083411 0.996515
vn 0.011773 -0.996370 0.084311
vn 0.011773 -0.996370 0.084311
vn -0.000928 0.084740 0.996403
vn -0.001002 0.084750 0.996402
vn -0.000839 0.084724 0.996404
vn -0.000828 0.043818 0.999039
vn -0.000863 0.020236 0.999795
vn -0.000132 0.999843 -0.017697
vn -0.000132 0.999843 -0.017697
vn 0.000015 0.011312 0.999936
vn 0.000016 0.011330 0.999936
vn 0.000023 0.011408 0.999935
vn 0.000022 0.004412 0.999990
vn 0.000005 -0.005782 0.999983
vn 0.000000 0.000000 1.000000
vn -0.000000 0.000000 1.000000
vn -0.012817 0.999888 -0.007798
vn -0.012818 0.999918 0.000000
vn -0.001053 0.083411 0.996515
vn -0.001056 0.083431 0.996513
vn -0.001035 0.083379 0.996517
vn 0.011777 -0.996371 0.084297
vn 0.011777 -0.996371 0.084297
vn -0.000930 0.084675 0.996408
vn -0.001001 0.084686 0.996407
vn -0.000840 0.084660 0.996410
vn -0.000832 0.043561 0.999050
vn -0.000870 0.019365 0.999812
vn -0.000132 0.999847 -0.017469
vn -0.000132 0.999847 -0.017469
vn 0.000018 0.011303 0.999936
vn 0.000016 0.011382 0.999935
vn 0.000023 0.011399 0.999935
vn 0.000022 0.004375 0.999990
vn 0.000005 -0.005688 0.999984
vn 0.000000 0.000000 1.000000
vn -0.000000 0.000000 1.000000
vn -0.012816 0.999887 -0.007799
vn -0.012817 0.999918 -0.000000
vn -0.001053 0.083380 0.996517
vn -0.001053 0.083401 0.996516
vn -0.001036 0.083386 0.996517
vn 0.011774 -0.996372 0.084284
vn 0.011774 -0.996372 0.084284
vn -0.000927 0.084610 0.996414
vn -0.001000 0.084620 0.996413
vn -0.000840 0.084595 0.996415
vn -0.000837 0.043035 0.999073
vn -0.000877 0.018457 0.999829
vn -0.000134 0.999852 -0.017235
vn -0.000134 0.999852 -0.017234
vn 0.000016 0.011307 0.999936
vn 0.000017 0.011306 0.999936
vn 0.000024 0.011393 0.999935
vn 0.000023 0.004438 0.999990
vn 0.000005 -0.005758 0.999983
vn 0.000000 0.000000 1.000000
vn 0.000000 0.000000 1.000000
vn -0.000000 0.000000 1.000000
vn -0.000000 0.000000 1.000000
vn 0.000005 -0.005896 0.999983
vn 0.000022 0.004393 0.999990
vn 0.000023 0.011443 0.999935
vn 0.000016 0.011308 0.999936
vn 0.000018 0.011423 0.999935
vn -0.000128 0.999825 -0.018684
vn -0.000128 0.999825 -0.018684
vn -0.000810 0.045344 0.998971
vn -0.000834 0.023910 0.999714
vn -0.000837 0.085011 0.996380
vn -0.001004 0.085046 0.996377
vn -0.000928 0.085031 0.996378
vn 0.011775 -0.996363 0.084393
vn 0.011775 -0.996363 0.084393
vn -0.001055 0.083599 0.996499
vn -0.001037 0.083572 0.996501
vn -0.001059 0.083617 0.996497
vn -0.012817 0.999918 0.000000
vn -0.012817 0.999888 -0.007798
vn -0.000000 0.000000 1.000000
vn -0.000003 0.000000 1.000000
vn -0.000000 0.000000 1.000000
vn -0.000001 0.000000 1.000000
vn -0.000000 0.000000 1.000000
vn -0.000000 0.000000 1.000000
vn -0.000000 0.000000 1.000000
vn 0.000000 0.000000 1.000000
vn -0.000000 0.000000 1.000000
vn 0.999992 -0.004071 0.000000
vn 0.998126 -0.061191 0.000000
vn 0.998126 -0.061191 0.000000
vn 0.999992 -0.004071 0.000000
vn -0.999993 0.003725 0.000000
vn -0.999993 0.003725 0.000000
vn -0.999494 -0.031798 0.000000
vn -0.999494 -0.031798 0.000000
vn -0.006090 -0.999981 0.000000
vn -0.006086 -0.999982 0.000000
vn -0.006086 -0.999982 0.000000
vn 0.987600 -0.156990 0.000000
vn 0.987600 -0.156990 0.000000
vn -0.997937 0.064207 0.000000
vn -0.997937 0.064207 0.000000
vn -0.824358 0.566068 0.000000
vn -0.960163 0.279439 0.000000
vn -0.960163 0.279439 0.000000
vn -0.824358 0.566068 0.000000
vn 0.926427 -0.376474 0.000000
vn 0.818366 -0.574698 0.000000
vn 0.818366 -0.574698 0.000000
vn 0.926427 -0.376474 0.000000
vn 0.718965 0.695046 0.000000
vn 0.615801 0.787901 0.000000
vn 0.615801 0.787901 0.000000
vn 0.718965 0.695046 0.000000
vn -0.651170 -0.758932 0.000000
vn -0.837671 -0.546175 0.000000
vn -0.837671 -0.546175 0.000000
vn -0.651170 -0.758932 0.000000
vn -0.926827 -0.375489 0.000000
vn -0.926827 -0.375489 0.000000
vn 0.934929 0.354835 0.000000
vn 0.868886 0.495012 0.000000
vn 0.868886 0.495012 0.000000
vn 0.934929 0.354835 0.000000
vn 0.991556 0.129681 0.000000
vn 0.991556 0.129681 0.000000
vn -0.978760 -0.205008 0.000000
vn -0.978760 -0.205008 0.000000
vn 0.999247 0.038789 0.000000
vn 0.999247 0.038789 0.000000
vn -0.991322 -0.131458 0.000000
vn -0.991322 -0.131458 0.000000
vn -0.006114 -0.999981 -0.000001
vn -0.006125 -0.999981 -0.000000
vn -0.006105 -0.999981 0.000000
vn -0.006105 -0.999981 0.000000
vn -0.593741 0.804656 0.000000
vn -0.593741 0.804656 0.000000
vn 0.591929 -0.805990 0.000000
vn 0.591929 -0.805990 0.000000
vn -0.353719 0.935352 0.000000
vn -0.353719 0.935352 0.000000
vn 0.316182 -0.948699 0.000000
vn 0.316182 -0.948699 0.000000
vn -0.077719 0.996975 0.000000
vn -0.077719 0.996975 0.000000
vn 0.030301 -0.999541 0.000000
vn 0.030301 -0.999541 0.000000
vn 0.152212 0.988348 0.000000
vn 0.152212 0.988348 0.000000
vn -0.085491 -0.996339 0.000000
vn -0.085491 -0.996339 0.000000
vn 0.341855 0.939753 0.000000
vn 0.341855 0.939753 0.000000
vn -0.321725 -0.946833 0.000000
vn -0.321725 -0.946833 0.000000
vn -0.001053 0.083328 0.996522
vn -0.001054 0.083359 0.996519
vn -0.001035 0.083338 0.996521
vn 0.011772 -0.996375 0.084257
vn 0.011772 -0.996375 0.084257
vn -0.000925 0.084515 0.996422
vn -0.001000 0.084525 0.996421
vn -0.000838 0.084502 0.996423
vn -0.000844 0.042444 0.999099
vn -0.000887 0.017093 0.999854
vn -0.000134 0.999857 -0.016890
vn -0.000134 0.999857 -0.016890
vn 0.000016 0.011302 0.999936
vn 0.000016 0.011271 0.999937
vn 0.000024 0.011386 0.999935
vn 0.000022 0.004510 0.999990
vn 0.000005 -0.005830 0.999983
vn -0.000000 0.000000 1.000000
vn -0.000000 0.000000 1.000000
vn -0.000000 0.000000 1.000000
vn -0.006121 -0.999981 -0.000000
vn -0.006126 -0.999981 -0.000000
vn -0.006129 -0.999981 0.000000
vn -0.006129 -0.999981 0.000000
vn -0.006119 -0.999981 -0.000000
vn -0.000000 0.000000 -1.000000
vn 0.000000 0.000000 -1.000000
vn 0.000000 0.000000 -1.000000
vn -0.000000 0.000000 -1.000000
vn -0.012818 0.999888 0.007798
vn -0.012818 0.999887 0.007798
vn -0.004040 -0.999992 -0.000000
vn -0.003894 -0.999992 0.000001
vn -0.006117 -0.999981 0.000001
vn -0.993181 -0.116584 0.000000
vn -0.993181 -0.116582 0.000000
vn -0.946626 0.320455 -0.034764
vn -0.988292 0.143492 -0.051855
vn -0.000000 -0.000000 -1.000000
vn -0.000000 0.000000 -1.000000
vn 0.000000 -0.000000 -1.000000
vn 0.000000 0.000000 -1.000000
vn -0.997358 0.065710 -0.030985
vn 0.000000 -0.000000 -1.000000
vn 0.000000 -0.000000 -1.000000
vn -0.000000 0.000000 -1.000000
vn -0.000000 0.000000 -1.000000
vn -0.739840 0.672783 0.000000
vn -0.965079 0.261960 0.000000
vn -0.965331 0.261028 0.000000
vn -0.739841 0.672782 0.000000
vn -0.756516 0.653976 0.000000
vn -0.756514 0.653978 0.000000
vn -0.756514 0.653978 0.000000
vn -0.756514 0.653978 0.000000
vn 0.000000 -1.000000 0.000000
vn 0.000000 -1.000000 0.000000
vn 0.000000 0.000000 -1.000000
vn 0.000000 0.000000 -1.000000
vn -0.998634 -0.052248 0.000000
vn -0.998634 -0.052246 0.000000
vn 0.000000 0.000000 -1.000000
vn 0.000000 0.000000 -1.000000
vn 0.000000 0.000000 -1.000000
vn -0.998479 -0.054982 -0.004110
vn -0.994999 -0.099770 -0.004837
vn 0.000006 -0.006566 -0.999978
vn 0.000023 0.004753 -0.999989
vn 0.000022 0.004253 -0.999991
vn 0.000005 -0.005705 -0.999984
vn -0.999751 0.022081 -0.003271
vn 0.002169 0.015746 -0.999874
vn 0.000023 0.011447 -0.999934
vn -0.001259 0.102743 -0.994707
vn -0.001606 0.086393 -0.996260
vn 0.000141 0.086050 -0.996291
vn -0.001058 0.083667 -0.996493
vn 0.001881 0.085678 -0.996321
vn 0.002066 0.085660 -0.996322
vn 0.001062 0.085946 -0.996299
vn 0.000477 0.086019 -0.996293
vn 0.003079 0.017732 -0.999838
vn 0.000016 0.011326 -0.999936
vn 0.003304 0.038313 -0.999260
vn 0.003185 0.047048 -0.998888
vn -0.000005 -0.981653 -0.190676
vn -0.000005 -0.981653 -0.190679
vn -0.000005 -0.981652 -0.190679
vn -0.000005 -0.981653 -0.190676
vn 0.951726 -0.236109 -0.196141
vn 0.951625 -0.236059 -0.196686
vn 0.975412 -0.115172 -0.187904
vn 0.976394 -0.106533 -0.187897
vn -0.000123 0.990972 -0.134069
vn -0.000123 0.990972 -0.134069
vn -0.000124 0.990963 -0.134133
vn -0.000124 0.990965 -0.134121
vn 0.981164 -0.046663 -0.187457
vn 0.981164 -0.046663 -0.187457
vn -0.956495 0.291741 0.001915
vn -0.956495 0.291741 0.001915
vn 0.000000 -0.000000 -1.000000
vn 0.000000 0.000000 -1.000000
vn 0.000000 0.000000 -1.000000
vn 0.000000 -0.000000 -1.000000
vn 0.954226 -0.209049 -0.213897
vn 0.954226 -0.209049 -0.213897
vn 0.951986 -0.225571 -0.206981
vn 0.952136 -0.224534 -0.207418
vn -0.000000 0.000000 -1.000000
vn -0.000000 0.000000 -1.000000
vn 0.002587 0.024298 -0.999701
vn 0.000014 0.011445 -0.999935
vn 0.002877 0.049572 -0.998766
vn 0.001821 0.084301 -0.996439
vn -0.015479 0.062970 0.997895
vn -0.020481 0.088249 -0.995888
vn -0.000138 0.031682 0.999498
vn -0.993181 -0.116585 0.000000
vn -0.000000 0.000000 -1.000000
vn -0.000000 0.000000 -1.000000
vn -0.000000 0.000000 -1.000000
vn -0.000000 0.000000 -1.000000
vn 0.000000 0.000000 -1.000000
vn -0.000000 0.000000 -1.000000
vn 0.000000 0.000000 -0.000000
vn 0.154553 0.135721 -0.978618
vn 0.000033 0.000029 -1.000000
vn 0.000000 0.000000 -0.000000
vn 0.000000 0.000000 0.000000
vn -0.993181 -0.116587 0.000000
vn -0.993181 -0.116587 0.000000
vn -0.993181 -0.116585 0.000000
vn -0.993181 -0.116585 0.000000
vn 1.000000 0.000000 0.000000
vn 1.000000 0.000000 0.000000
vn 1.000000 0.000000 0.000000
vn -0.992246 0.124291 0.000000
vn -0.991408 0.130805 0.000000
vn -0.956884 0.290471 0.000000
vn -0.956884 0.290471 0.000000
vn -0.999816 0.019207 0.000000
vn -0.999816 0.019207 0.000000
vn -0.992840 -0.119451 0.000000
vn -0.992845 -0.119414 0.000000
vn -0.999885 -0.015144 0.000000
vn -0.999888 -0.014949 0.000000
vn -0.993180 -0.116589 0.000000
vn -0.993180 -0.116589 0.000000
vn -0.993181 -0.116584 0.000000
vn -0.993181 -0.116584 0.000000
vn 0.000000 -1.000000 0.000000
vn 0.000000 -1.000000 0.000000
vn 0.000000 0.000000 -1.000000
vn 0.000000 0.000000 -1.000000
vn 0.000000 0.000000 -1.000000
vn 0.000000 0.000000 -1.000000
vn 0.000000 0.999963 0.008620
vn 0.000000 0.999963 0.008620
vn 0.000000 0.027675 -0.999617
vn 0.000000 0.023168 -0.999732
vn 0.000000 0.054365 -0.998521
vn 0.000000 0.054365 -0.998521
vn 0.000000 0.007130 -0.999975
vn 0.000000 0.007130 -0.999975
vn 0.000000 -0.003294 -0.999995
vn 0.000000 -0.004074 -0.999992
vn 0.000000 0.002943 -0.999996
vn 0.000000 0.002483 -0.999997
vn 0.000000 0.000000 -1.000000
vn 0.000000 0.000000 -1.000000
vn 0.000000 0.000000 -1.000000
vn 0.000000 0.000000 -1.000000
vn -0.993180 -0.116589 -0.000000
vn -0.993181 -0.116585 -0.000001
vn -0.993181 -0.116586 -0.000001
vn -0.993181 -0.116585 -0.000001
vn -0.957263 0.289155 0.006025
vn -0.957744 0.287521 0.007662
vn -0.990415 0.109907 0.083656
vn -0.985423 0.148281 0.083395
vn -0.960604 0.274001 0.046503
vn -0.960830 0.274540 0.037868
vn -0.998167 0.036361 0.048380
vn -0.998129 0.036651 0.048938
vn -0.994095 -0.108141 0.009007
vn -0.993928 -0.109797 0.007212
vn -0.999878 -0.010580 0.011493
vn -0.999618 -0.024263 0.013222
vn -0.993157 -0.116783 -0.000295
vn -0.993156 -0.116794 -0.000311
vn -0.993181 -0.116585 -0.000001
vn -0.993181 -0.116584 -0.000001
vn 0.000000 1.000000 0.000000
vn 0.000000 1.000000 0.000000
vn 0.000000 0.000000 1.000000
vn 0.000000 0.000000 1.000000
vn 0.000000 0.000000 1.000000
vn 0.000000 0.000000 1.000000
vn 0.000000 -0.019163 0.999816
vn 0.000000 -0.023160 0.999732
vn 0.000000 -0.055647 0.998451
vn 0.000000 -0.055647 0.998451
vn 0.000000 -0.007858 0.999969
vn 0.000000 -0.007923 0.999969
vn 0.000000 0.002844 0.999996
vn 0.000000 0.002517 0.999997
vn 0.000000 -0.002361 0.999997
vn 0.000000 -0.002594 0.999997
vn 0.000000 0.000161 1.000000
vn 0.000000 0.000137 1.000000
vn 0.000000 0.000000 1.000000
vn 0.000000 0.000000 1.000000
vn -0.964392 0.264477 0.000972
vn -0.964893 0.262643 0.000327
vn -0.989613 0.132668 0.055361
vn -0.990386 0.127182 0.054401
vn -0.974292 0.223375 0.029314
vn -0.974483 0.224277 0.009122
vn -0.997081 0.069032 0.032636
vn -0.997447 0.064683 0.030272
vn -0.999864 0.016333 -0.002347
vn 0.248174 0.968643 -0.011808
vn 0.248174 0.968644 -0.011808
vn 0.033233 0.032060 -0.998933
vn 0.033258 0.031969 -0.998935
vn 0.036630 0.016414 -0.999194
vn 0.036641 0.016412 -0.999194
vn 0.025445 0.027616 -0.999295
vn 0.025201 0.027314 -0.999309
vn -0.016895 -0.999584 0.023360
vn -0.016895 -0.999584 0.023360
vn 0.012460 0.011517 -0.999856
vn 0.012460 0.011517 -0.999856
vn -0.998215 0.036963 0.046906
vn -0.996899 0.050181 0.060620
vn -0.987759 0.152823 0.031255
vn -0.990045 0.140652 0.005209
vn -0.966604 0.196320 0.164727
vn -0.961432 0.194521 0.194446
vn -0.997589 0.067896 -0.014351
vn -0.993807 0.110318 -0.013358
vn -0.999960 0.005323 -0.007220
vn -0.999970 0.004290 -0.006389
vn -0.318347 -0.947891 0.012577
vn -0.318346 -0.947891 0.012577
vn -0.040663 -0.033171 0.998622
vn -0.040631 -0.033299 0.998619
vn -0.044172 -0.014633 0.998917
vn -0.044157 -0.014636 0.998917
vn -0.030850 -0.029231 0.999097
vn -0.031232 -0.029618 0.999073
vn 0.022589 0.999519 -0.021230
vn 0.022589 0.999519 -0.021230
vn -0.015183 -0.013357 0.999795
vn -0.015183 -0.013357 0.999796
vn -0.993117 -0.117124 0.000133
vn -0.993180 -0.116590 0.000020
vn -0.993132 -0.116998 0.000019
vn -0.993132 -0.116998 0.000019
vn -0.992961 -0.118445 0.000318
vn -0.993177 -0.116621 0.000013
vn -0.993181 -0.116583 0.000004
vn 0.002249 -0.015793 0.999873
vn 0.002249 -0.015793 0.999873
vn 0.002242 -0.017017 0.999853
vn 0.002242 -0.017017 0.999853
vn -0.002164 0.016514 -0.999861
vn -0.002164 0.016514 -0.999861
vn -0.002411 0.017178 -0.999850
vn -0.002411 0.017178 -0.999850
vn -0.116376 0.987862 -0.102888
vn -0.116376 0.987862 -0.102888
vn -0.116376 0.987862 -0.102888
vn -0.116376 0.987862 -0.102888
vn 0.002234 -0.018438 0.999828
vn 0.002234 -0.018438 0.999828
vn 0.114526 -0.975375 0.188485
vn 0.114526 -0.975375 0.188485
vn 0.114526 -0.975376 0.188485
vn 0.114526 -0.975375 0.188485
vn -0.001936 0.015905 -0.999872
vn -0.001936 0.015905 -0.999872
vn -0.998711 -0.049800 -0.009811
vn -0.996512 -0.083165 -0.006853
vn -0.996561 -0.082826 0.002519
vn -0.996879 -0.078926 0.001912
vn -0.996724 -0.080388 0.008875
vn -0.997000 -0.077314 0.003779
vn -0.996624 -0.082100 -0.000620
vn -0.998917 -0.046059 -0.006585
vn -0.993180 -0.116591 -0.000151
vn -0.993168 -0.116690 -0.000156
vn -0.993169 -0.116688 -0.000040
vn -0.993170 -0.116676 -0.000020
vn -0.993180 -0.116589 -0.000038
vn -0.993179 -0.116600 -0.000020
vn 0.000001 -0.023095 0.999733
vn -0.000079 -0.025111 0.999685
vn -0.000038 -0.024083 0.999710
vn 0.000001 -0.023095 0.999733
vn -0.150889 -0.988272 -0.023458
vn -0.192255 -0.981099 -0.021966
vn -0.192993 -0.980955 -0.021939
vn -0.150889 -0.988272 -0.023458
vn 0.000167 0.025162 -0.999683
vn 0.000206 0.026269 -0.999655
vn 0.000247 0.027464 -0.999623
vn 0.000167 0.025162 -0.999683
vn -0.155120 0.985165 -0.073403
vn -0.180263 0.981147 -0.069689
vn -0.180330 0.981135 -0.069679
vn -0.155120 0.985165 -0.073403
vn -0.360498 0.932329 0.028333
vn -0.303821 0.952371 0.026113
vn -0.303573 0.952451 0.026104
vn -0.360498 0.932330 0.028333
vn 0.002364 -0.022508 0.999744
vn 0.002811 -0.024504 0.999696
vn 0.002796 -0.024435 0.999698
vn 0.002364 -0.022508 0.999744
vn -0.179637 -0.972442 0.148616
vn -0.092227 -0.986134 0.137962
vn -0.094928 -0.985830 0.138306
vn -0.179637 -0.972442 0.148616
vn -0.001485 0.019477 -0.999809
vn -0.001941 0.021076 -0.999776
vn -0.001967 0.021170 -0.999774
vn -0.001485 0.019477 -0.999809
vn 0.003158 -0.041993 0.999113
vn 0.002013 -0.040139 0.999192
vn -0.341225 -0.939843 -0.016152
vn -0.341225 -0.939843 -0.016152
vn -0.001992 0.045004 -0.998985
vn -0.003312 0.047501 -0.998866
vn -0.266626 0.962146 -0.056436
vn -0.266626 0.962146 -0.056436
vn 0.010758 -0.042375 0.999044
vn 0.031752 -0.034123 0.998913
vn 0.042575 -0.998910 -0.019139
vn 0.565338 -0.824654 -0.018381
vn 0.558398 -0.829368 -0.018436
vn 0.042575 -0.998910 -0.019139
vn -0.035756 0.038394 -0.998623
vn -0.010420 0.048791 -0.998755
vn -0.063764 0.996408 -0.055728
vn -0.432184 0.900099 -0.055137
vn -0.431894 0.900237 -0.055141
vn -0.063764 0.996408 -0.055728
vn 0.036728 -0.012518 0.999247
vn 0.035666 0.003548 0.999357
vn 0.963484 -0.267588 -0.009761
vn 0.963484 -0.267588 -0.009761
vn -0.037950 -0.003461 -0.999274
vn -0.039764 0.012798 -0.999127
vn -0.530844 0.845785 -0.053407
vn -0.530844 0.845785 -0.053407
vn 0.151989 0.988203 0.018841
vn 0.151046 0.988347 0.018846
vn -0.006085 -0.034957 0.999370
vn -0.004070 -0.034663 0.999391
vn -0.153412 -0.983122 0.099677
vn -0.148044 -0.983928 0.099842
vn 0.003497 0.029846 -0.999548
vn 0.005224 0.030097 -0.999533
vn 0.289104 0.957131 0.017886
vn 0.289104 0.957131 0.017886
vn -0.010599 -0.035616 0.999309
vn -0.010599 -0.035616 0.999309
vn -0.287837 -0.953003 0.094531
vn -0.287837 -0.953002 0.094531
vn 0.009101 0.030662 -0.999488
vn 0.009101 0.030662 -0.999488
vn 0.034899 0.015067 0.999277
vn 0.034899 0.015067 0.999277
vn 0.852928 0.521995 -0.005964
vn 0.852928 0.521995 -0.005964
vn 0.852928 0.521995 -0.005964
vn 0.852928 0.521995 -0.005964
vn -0.036500 -0.016387 -0.999199
vn -0.036500 -0.016387 -0.999199
vn -0.950745 -0.308956 -0.025099
vn -0.950745 -0.308956 -0.025099
vn -0.950745 -0.308956 -0.025099
vn -0.950745 -0.308956 -0.025099
vn 0.808014 0.589139 0.005301
vn 0.807033 0.590495 -0.003640
vn 0.806895 0.590675 -0.004851
vn 0.808015 0.589139 0.005301
vn 0.121769 -0.035147 0.991936
vn 0.079274 -0.087059 0.993044
vn 0.089799 -0.074279 0.993186
vn 0.121769 -0.035147 0.991936
vn -0.616544 -0.785398 0.054997
vn -0.619765 -0.784673 0.013407
vn -0.619499 -0.784804 0.017453
vn -0.616544 -0.785398 0.054997
vn -0.067596 0.025018 -0.997399
vn -0.057350 0.036414 -0.997690
vn -0.052476 0.041827 -0.997746
vn -0.067596 0.025018 -0.997399
vn -0.049919 0.044664 -0.997754
vn -0.049919 0.044664 -0.997754
vn -0.620628 -0.784104 -0.000996
vn -0.620628 -0.784104 -0.000996
vn 0.072419 -0.095356 0.992805
vn 0.072419 -0.095356 0.992806
vn 0.806537 0.591130 -0.007942
vn 0.806537 0.591130 -0.007942
vn -0.000000 0.000000 -1.000000
vn 0.000000 0.000000 -1.000000
vn 0.000000 0.000000 -1.000000
vn 0.000000 0.000000 -1.000000
vn -0.000000 0.000000 -1.000000
vn -0.000000 0.000000 -1.000000
vn -0.000000 0.000000 -1.000000
vn 0.000000 0.000000 -1.000000
vn 0.000000 0.000000 -1.000000
vn 0.000000 0.000000 -1.000000
vn 0.000000 0.000000 -1.000000
vn 0.000001 0.000000 -1.000000
vn 0.000001 0.000000 -1.000000
vn 0.000001 0.000000 -1.000000
vn 0.000000 0.000000 -1.000000
vn 0.000000 0.000000 -1.000000
vn 0.000000 0.000000 -1.000000
vn 0.000000 0.000000 -1.000000
vn 0.000000 0.000000 -1.000000
vn 0.000000 0.000000 -1.000000
vn 0.000000 0.000000 -1.000000
vn 0.000000 0.000000 -1.000000
vn 0.000000 0.000000 -1.000000
vn 0.000000 0.000000 -1.000000
vn 0.000000 0.000000 -1.000000
vn 0.000000 0.000000 -1.000000
vn -0.000000 0.000000 -1.000000
vn -0.000000 0.000000 -1.000000
vn 0.000000 0.000000 -1.000000
vn 0.000000 0.000000 -1.000000
vn -0.000000 0.000000 -1.000000
vn -0.000000 0.000000 -1.000000
vn -0.000000 0.000000 -1.000000
vn -0.000000 0.000000 -1.000000
vn 0.000000 0.000000 -1.000000
vn 0.000000 0.000000 -1.000000
vn 0.000000 0.000000 -1.000000
vn -0.000000 0.000000 -1.000000
vn 0.000005 -0.005861 -0.999983
vn 0.000005 -0.005645 -0.999984
vn 0.000023 0.004581 -0.999990
vn 0.000023 0.004459 -0.999990
vn 0.000019 0.011274 -0.999937
vn -0.000041 0.010103 -0.999949
vn -0.000262 0.005807 -0.999983
vn -0.000265 0.005760 -0.999983
vn -0.000979 0.031272 -0.999511
vn -0.020705 0.999686 -0.014109
vn -0.022450 0.999620 -0.015992
vn -0.022450 0.999620 -0.015992
vn -0.020623 0.999689 -0.014020
vn 0.073865 -0.000005 -0.997268
vn 0.081143 -0.000007 -0.996702
vn 0.069002 0.000000 -0.997617
vn 0.081554 -0.001205 -0.996668
vn 0.081140 -0.000008 -0.996703
vn 0.094044 -0.000009 -0.995568
vn 0.081135 -0.000010 -0.996703
vn 0.081137 -0.000009 -0.996703
vn 0.087928 -0.001222 -0.996126
vn 0.032033 -0.999487 -0.000275
vn 0.032033 -0.999487 -0.000275
vn 0.029672 -0.999560 -0.000255
vn 0.030253 -0.999542 -0.000260
vn 0.004027 0.052245 -0.998626
vn 0.003069 0.235494 -0.971871
vn 0.003912 0.053285 -0.998572
vn 0.004027 0.052242 -0.998626
vn 0.002092 0.064107 -0.997941
vn -0.012817 0.999888 0.007799
vn -0.012817 0.999888 0.007798
vn -0.012817 0.999887 0.007798
vn -0.012817 0.999888 0.007798
vn -0.001171 0.095512 -0.995428
vn -0.001108 0.088760 -0.996053
vn -0.001055 0.083590 -0.996500
vn -0.001056 0.083548 -0.996503
vn -0.000315 0.061284 0.998120
vn -0.000239 0.048688 0.998814
vn 0.003649 -0.982915 -0.184022
vn 0.003375 -0.982298 -0.187297
vn 0.003358 -0.982294 -0.187314
vn 0.003445 -0.982949 -0.183847
vn 0.040429 -0.007968 -0.999151
vn 0.037097 -0.007311 -0.999285
vn 0.039326 -0.008248 -0.999192
vn 0.037572 -0.008004 -0.999262
vn 0.035476 -0.007883 -0.999340
vn 0.040404 -0.008978 -0.999143
vn 0.040427 -0.002711 -0.999179
vn 0.033988 -0.001881 -0.999420
vn 0.037912 0.001053 -0.999281
vn 0.035493 0.000986 -0.999369
vn 0.002153 0.991153 -0.132703
vn 0.002249 0.991379 -0.131002
vn 0.002222 0.991382 -0.130983
vn 0.002051 0.991144 -0.132779
vn 0.000015 0.011290 -0.999936
vn 0.000018 0.011237 -0.999937
vn 0.000017 0.011306 -0.999936
vn 0.000016 0.011325 -0.999936
vn 0.000023 0.011423 -0.999935
vn 0.000023 0.011436 -0.999935
vn 0.000023 0.004305 -0.999991
vn 0.000022 0.004468 -0.999990
vn 0.000005 -0.005681 -0.999984
vn 0.000005 -0.005982 -0.999982
vn 0.000000 0.000000 -1.000000
vn 0.000000 0.000000 -1.000000
vn 0.000000 0.000000 -1.000000
vn -0.000000 0.000000 -1.000000
vn -0.012816 0.999888 0.007798
vn -0.001087 0.086971 -0.996210
vn -0.001055 0.083505 -0.996507
vn -0.000494 0.091494 0.995806
vn 0.003780 -0.984106 -0.177542
vn 0.004129 -0.984161 -0.177231
vn 0.049687 -0.009211 -0.998722
vn 0.046413 -0.009201 -0.998880
vn 0.044028 -0.009055 -0.998989
vn 0.041714 -0.001161 -0.999129
vn 0.044793 0.002999 -0.998992
vn 0.002481 0.991828 -0.127556
vn 0.002574 0.991836 -0.127494
vn 0.000015 0.011257 -0.999937
vn 0.000017 0.011310 -0.999936
vn 0.000024 0.011419 -0.999935
vn 0.000023 0.004475 -0.999990
vn 0.000005 -0.005921 -0.999983
vn -0.000000 0.000000 -1.000000
vn -0.000000 0.000000 -1.000000
vn -0.012819 0.999887 0.007798
vn -0.001096 0.088057 -0.996115
vn -0.001055 0.083472 -0.996510
vn -0.001002 0.177231 0.984169
vn 0.016586 -0.986693 -0.161745
vn 0.017079 -0.986791 -0.161098
vn 0.229886 -0.024568 -0.972907
vn 0.169868 -0.006800 -0.985443
vn 0.120811 -0.005497 -0.992660
vn 0.091693 -0.001812 -0.995786
vn 0.093724 0.004517 -0.995588
vn 0.005683 0.992414 -0.122809
vn 0.005801 0.992445 -0.122550
vn 0.000016 0.011331 -0.999936
vn 0.000015 0.011312 -0.999936
vn 0.000024 0.011408 -0.999935
vn 0.000022 0.004412 -0.999990
vn 0.000005 -0.005782 -0.999983
vn 0.000000 0.000000 -1.000000
vn -0.000000 0.000000 -1.000000
vn -0.012817 0.999888 0.007798
vn -0.001093 0.088551 -0.996071
vn -0.001056 0.083431 -0.996513
vn -0.004284 0.726908 0.686721
vn 0.078029 -0.992461 -0.094516
vn 0.099109 -0.992462 -0.072095
vn 0.137033 -0.012476 -0.990488
vn 0.158746 -0.000770 -0.987319
vn 0.167269 0.002356 -0.985909
vn 0.176745 -0.004722 -0.984245
vn 0.183702 -0.005207 -0.982968
vn 0.074087 0.993893 -0.081780
vn 0.071739 0.993955 -0.083113
vn 0.000014 0.011263 -0.999937
vn 0.000018 0.011303 -0.999936
vn 0.000023 0.011399 -0.999935
vn 0.000023 0.004375 -0.999991
vn 0.000005 -0.005688 -0.999984
vn -0.000000 0.000000 -1.000000
vn 0.000000 0.000000 -1.000000
vn -0.012816 0.999887 0.007799
vn -0.001068 0.085685 -0.996322
vn -0.001053 0.083401 -0.996516
vn -0.002111 0.347175 -0.937798
vn 0.078147 -0.996735 -0.020297
vn 0.074510 -0.997032 -0.019352
vn 0.094052 -0.000000 -0.995567
vn 0.105525 -0.006443 -0.994396
vn 0.139143 -0.007197 -0.990246
vn 0.158734 -0.005766 -0.987305
vn 0.161331 -0.009187 -0.986858
vn 0.070256 0.997340 -0.019433
vn 0.076770 0.996807 -0.021980
vn 0.000017 0.011016 -0.999939
vn 0.000016 0.011303 -0.999936
vn 0.000024 0.011393 -0.999935
vn 0.000023 0.004438 -0.999990
vn 0.000005 -0.005758 -0.999983
vn 0.000000 0.000000 -1.000000
vn 0.000000 0.000000 -1.000000
vn -0.000000 0.000000 -1.000000
vn -0.000001 0.000000 -1.000000
vn 0.000005 -0.005896 -0.999983
vn 0.000022 0.004393 -0.999990
vn 0.000023 0.011443 -0.999935
vn 0.000016 0.011308 -0.999936
vn 0.000018 0.011423 -0.999935
vn -0.000127 0.990938 -0.134320
vn -0.000127 0.990939 -0.134314
vn 0.000000 -0.000000 -1.000000
vn 0.000000 -0.000000 -1.000000
vn 0.000000 -0.000000 -1.000000
vn 0.000000 -0.000000 -1.000000
vn 0.000000 -0.000000 -1.000000
vn -0.000005 -0.981655 -0.190667
vn -0.000005 -0.981655 -0.190667
vn -0.000179 0.038347 0.999264
vn -0.001140 0.091961 -0.995762
vn -0.001059 0.083617 -0.996497
vn -0.012817 0.999888 0.007798
vn -0.000001 0.000000 -1.000000
vn -0.000005 0.000000 -1.000000
vn 0.000000 0.000000 -1.000000
vn -0.000001 0.000000 -1.000000
vn -0.000000 0.000000 -1.000000
vn 0.000000 0.000000 -1.000000
vn 0.000000 0.000000 -1.000000
vn 0.000000 0.000000 -1.000000
vn -0.000001 0.000000 -1.000000
vn 0.999992 -0.004071 0.000000
vn 0.999992 -0.004071 0.000000
vn 0.996180 -0.087319 0.000000
vn 0.996180 -0.087319 0.000000
vn -0.999798 0.020077 0.000000
vn -0.999494 -0.031798 0.000000
vn -0.999494 -0.031798 0.000000
vn -0.999798 0.020077 0.000000
vn -0.006116 -0.999981 0.000001
vn -0.006086 -0.999982 0.000000
vn -0.006086 -0.999982 0.000000
vn -0.006088 -0.999981 -0.000000
vn 0.945527 -0.325543 0.000000
vn 0.945527 -0.325543 0.000000
vn -0.973667 0.227975 0.000000
vn -0.973667 0.227975 0.000000
vn -0.824358 0.566068 0.000000
vn -0.824358 0.566068 0.000000
vn 0.818366 -0.574698 0.000000
vn 0.818366 -0.574698 0.000000
vn 0.718965 0.695046 0.000000
vn 0.718965 0.695046 0.000000
vn 0.615801 0.787901 0.000000
vn 0.615801 0.787901 0.000000
vn -0.651170 -0.758932 0.000000
vn -0.651170 -0.758932 0.000000
vn -0.837671 -0.546175 0.000000
vn -0.837671 -0.546175 0.000000
vn -0.926827 -0.375489 0.000000
vn -0.926827 -0.375489 0.000000
vn 0.934929 0.354835 0.000000
vn 0.934929 0.354835 0.000000
vn 0.868886 0.495012 0.000000
vn 0.868886 0.495012 0.000000
vn 0.991556 0.129681 0.000000
vn 0.991556 0.129681 0.000000
vn -0.978760 -0.205008 0.000000
vn -0.978760 -0.205008 0.000000
vn 0.999247 0.038789 0.000000
vn 0.999247 0.038789 0.000000
vn -0.991322 -0.131458 0.000000
vn -0.991322 -0.131458 0.000000
vn -0.006113 -0.999981 0.000001
vn -0.006105 -0.999981 0.000000
vn -0.006105 -0.999981 0.000000
vn -0.006113 -0.999981 0.000001
vn -0.593741 0.804656 0.000000
vn -0.593741 0.804656 0.000000
vn 0.591929 -0.805990 0.000000
vn 0.591929 -0.805990 0.000000
vn -0.353719 0.935352 0.000000
vn -0.353719 0.935352 0.000000
vn 0.316182 -0.948699 0.000000
vn 0.316182 -0.948699 0.000000
vn -0.077719 0.996975 0.000000
vn -0.077719 0.996975 0.000000
vn 0.030301 -0.999541 0.000000
vn 0.030301 -0.999541 0.000000
vn 0.152212 0.988348 0.000000
vn 0.152212 0.988348 0.000000
vn -0.085491 -0.996339 0.000000
vn -0.085491 -0.996339 0.000000
vn 0.341855 0.939753 0.000000
vn 0.341855 0.939753 0.000000
vn -0.321725 -0.946833 0.000000
vn -0.321725 -0.946833 0.000000
vn -0.006120 -0.999981 0.000000
vn -0.006121 -0.999981 0.000000
vn -0.006127 -0.999981 -0.000000
vn -0.006126 -0.999981 0.000000
vn -0.006129 -0.999981 0.000000
vn -0.006129 -0.999981 0.000000
vn -0.006129 -0.999981 0.000000
vn -0.006129 -0.999981 0.000000
vn -0.006091 -0.999982 -0.000001
vn 0.015344 0.072342 0.997262
vn 0.015344 0.072342 0.997262
vn -0.816671 -0.076473 0.572015
vn -0.816671 -0.076473 0.572015
vn 0.012729 0.061874 0.998003
vn 0.012729 0.061874 0.998003
vn 0.997930 0.063384 -0.010907
vn 0.997930 0.063384 -0.010907
vn 0.014066 0.051043 0.998597
vn 0.014066 0.051043 0.998597
vn 0.000000 0.054366 0.998521
vn 0.000000 0.054366 0.998521
vn 0.000000 -0.055647 -0.998451
vn 0.000000 -0.055647 -0.998451
vn 0.036069 0.016518 0.999213
vn 0.036069 0.016518 0.999213
vn -0.043482 -0.014800 -0.998945
vn -0.043482 -0.014800 -0.998945
vn -0.947102 0.320424 0.018074
vn -0.947257 0.320475 0.000000
vn -0.947103 0.320422 -0.018074
vn -0.043482 -0.014800 0.998945
vn -0.043482 -0.014800 0.998945
vn 0.036069 0.016518 -0.999213
vn 0.036069 0.016518 -0.999213
vn 0.000000 -0.055647 0.998451
vn 0.000000 -0.055647 0.998451
vn 0.000000 0.054366 -0.998521
vn 0.000000 0.054366 -0.998521
vn -0.956884 0.290472 0.000000
vn -0.956884 0.290472 0.000000
vn -0.000000 -0.000000 0.000000
vn -0.407823 -0.912998 0.010699
vn -0.000000 -0.000000 0.000000
vn -0.006127 -0.999981 0.000001
vn -0.006127 -0.999981 0.000001
vn -0.006127 -0.999981 0.000000
vn -0.006127 -0.999981 0.000000
vn -0.006128 -0.999981 -0.000002
vn -0.006127 -0.999981 -0.000000
vn -0.006127 -0.999981 -0.000001
vn -0.006127 -0.999981 -0.000000
vn -0.006127 -0.999981 -0.000001
vn -0.015130 -0.999886 0.000000
vn -0.015130 -0.999886 0.000000
vn -0.015130 -0.999886 0.000000
vn -0.015130 -0.999886 0.000000
vn -0.015130 -0.999886 0.000000
vn -0.015130 -0.999886 0.000000
vn -0.015130 -0.999886 0.000000
vn -0.015130 -0.999886 0.000000
vn 0.071922 0.997410 0.000000
vn 0.071922 0.997410 0.000000
vn 0.997409 -0.071935 0.000000
vn 0.997410 -0.071931 0.000000
vn 0.997410 -0.071925 0.000000
vn -0.071936 -0.997409 0.000000
vn -0.063421 -0.997987 0.000000
vn -0.015932 -0.999873 -0.000002
vn -0.015959 -0.999873 -0.000003
vn -0.015927 -0.999873 -0.000001
vn -0.015901 -0.999874 0.000000
vn -0.015912 -0.999873 -0.000000
vn -0.015130 -0.999886 0.000000
vn -0.015130 -0.999886 0.000000
vn 0.012428 -0.999914 0.004077
vn 0.012828 -0.999909 0.004077
vn -0.002130 -0.999997 0.001367
vn -0.009226 -0.999957 0.000000
vn -0.002148 -0.999997 -0.001363
vn 0.012428 -0.999914 -0.004077
vn 0.012828 -0.999909 -0.004077
vn -0.015130 -0.999886 0.000000
vn -0.015130 -0.999886 0.000000
vn -0.015900 -0.999874 -0.000000
vn -0.015913 -0.999873 0.000000
vn -0.015924 -0.999873 0.000001
vn -0.015944 -0.999873 -0.000002
vn -0.015972 -0.999872 -0.000002
vn -0.063421 -0.997987 0.000000
vn -0.071936 -0.997409 0.000000
vn 0.997410 -0.071925 0.000000
vn 0.997410 -0.071931 0.000000
vn 0.997409 -0.071935 0.000000
vn 0.071922 0.997410 0.000000
vn 0.071922 0.997410 0.000000
vn 1.000000 0.000000 0.000000
vn 1.000000 -0.000001 0.000000
vn -0.956884 0.290472 -0.000000
vn -0.956884 0.290472 -0.000000
vn -0.000000 0.000000 -1.000000
vn 0.000000 0.000000 -1.000000
vn -0.006128 -0.999981 -0.000000
vn -0.006129 -0.999981 0.000000
vn 0.000000 0.000000 1.000000
vn 0.000000 0.000000 1.000000
vn 0.000000 0.000000 1.000000
vn -0.756517 0.653974 0.000000
vn -0.739838 0.672785 0.000000
vn -0.966786 0.255587 0.000000
vn -0.998634 -0.052248 0.000000
vn 0.000000 -1.000000 0.000000
vn -0.003950 -0.999992 0.000001
vn -0.006128 -0.999981 0.000001
vn -0.006128 -0.999981 0.000001
vn -0.006129 -0.999981 0.000000
vn -0.008907 -0.999960 0.000000
vn -0.756514 0.653978 0.000000
vn -0.756514 0.653978 0.000000
vn -0.756514 0.653978 0.000000
vn -0.756514 0.653978 0.000000
vn 0.963044 0.268663 0.019161
vn 0.832983 0.553159 0.012420
vn 0.832984 0.553158 0.012420
vn 0.963044 0.268662 0.019167
vn 0.621406 0.783476 0.004467
vn 0.621406 0.783476 0.004456
vn 0.348994 0.937117 -0.003931
vn 0.348994 0.937117 -0.003937
vn 0.042413 0.999029 -0.011943
vn 0.042412 0.999029 -0.011944
vn -0.268312 0.963149 -0.018786
vn -0.268314 0.963148 -0.018784
vn -0.552785 0.832985 -0.023790
vn -0.552785 0.832985 -0.023787
vn -0.783143 0.621279 -0.026462
vn -0.783144 0.621278 -0.026461
vn -0.936831 0.348775 -0.026544
vn -0.936830 0.348775 -0.026546
vn -0.998823 0.042131 -0.024032
vn -0.998823 0.042132 -0.024032
vn -0.963043 -0.268667 -0.019163
vn -0.963042 -0.268668 -0.019165
vn -0.832992 -0.553145 -0.012416
vn -0.832992 -0.553146 -0.012422
vn -0.621413 -0.783471 -0.004460
vn -0.621411 -0.783472 -0.004460
vn -0.348991 -0.937118 0.003934
vn -0.348991 -0.937118 0.003937
vn -0.042413 -0.999029 0.011945
vn -0.042413 -0.999029 0.011945
vn 0.268315 -0.963148 0.018785
vn 0.268314 -0.963148 0.018783
vn 0.552780 -0.832988 0.023790
vn 0.552779 -0.832988 0.023783
vn 0.783129 -0.621296 0.026464
vn 0.783129 -0.621296 0.026456
vn 0.936831 -0.348775 0.026545
vn 0.936831 -0.348773 0.026541
vn 0.998823 -0.042127 0.024031
vn 0.998823 -0.042127 0.024032
vn 0.023500 -0.012951 -0.999640
vn 0.023506 -0.012949 -0.999640
vn 0.023503 -0.012951 -0.999640
vn 0.023502 -0.012949 -0.999640
vn 0.023502 -0.012949 -0.999640
vn 0.023506 -0.012950 -0.999640
vn 0.023501 -0.012950 -0.999640
vn 0.023504 -0.012950 -0.999640
vn 0.023504 -0.012950 -0.999640
vn 0.023505 -0.012950 -0.999640
vn 0.023504 -0.012950 -0.999640
vn 0.023504 -0.012950 -0.999640
vn 0.023504 -0.012950 -0.999640
vn 0.023502 -0.012950 -0.999640
vn 0.023504 -0.012949 -0.999640
vn 0.023503 -0.012949 -0.999640
vn 0.023503 -0.012949 -0.999640
vn 0.023507 -0.012949 -0.999640
vn 0.023499 -0.012949 -0.999640
vn 0.023513 -0.012948 -0.999640
vn -0.023482 0.012955 0.999640
vn -0.023499 0.012954 0.999640
vn -0.023504 0.012948 0.999640
vn -0.023509 0.012948 0.999640
vn -0.023504 0.012950 0.999640
vn -0.023504 0.012950 0.999640
vn -0.023504 0.012950 0.999640
vn -0.023502 0.012954 0.999640
vn -0.023502 0.012951 0.999640
vn -0.023504 0.012945 0.999640
vn -0.023505 0.012948 0.999640
vn -0.023504 0.012951 0.999640
vn -0.023504 0.012947 0.999640
vn -0.023503 0.012950 0.999640
vn -0.023504 0.012951 0.999640
vn -0.023504 0.012951 0.999640
vn -0.023504 0.012950 0.999640
vn -0.023506 0.012958 0.999640
vn -0.023506 0.012952 0.999640
vn -0.023503 0.012956 0.999640
vn -0.023504 0.012949 0.999640
vn -0.023504 0.012949 0.999640
vn -0.023504 0.012949 0.999640
vn -0.023504 0.012949 0.999640
vn -0.023503 0.012950 0.999640
vn -0.023503 0.012950 0.999640
vn -0.023503 0.012950 0.999640
vn -0.023503 0.012950 0.999640
vn -0.023505 0.012951 0.999640
vn -0.023505 0.012951 0.999640
vn -0.023503 0.012951 0.999640
vn -0.023503 0.012951 0.999640
vn -0.023503 0.012950 0.999640
vn -0.023503 0.012950 0.999640
vn -0.023504 0.012949 0.999640
vn -0.023504 0.012949 0.999640
vn -0.023504 0.012949 0.999640
vn -0.023504 0.012949 0.999640
vn -0.023504 0.012948 0.999640
vn -0.023504 0.012948 0.999640
vn -0.023503 0.012949 0.999640
vn -0.023503 0.012949 0.999640
vn -0.023504 0.012951 0.999640
vn -0.023504 0.012951 0.999640
vn -0.023504 0.012951 0.999640
vn -0.023504 0.012951 0.999640
vn -0.023503 0.012950 0.999640
vn -0.023504 0.012950 0.999640
vn -0.023504 0.012952 0.999640
vn -0.023504 0.012952 0.999640
vn -0.023502 0.012951 0.999640
vn -0.023502 0.012951 0.999640
vn -0.023503 0.012950 0.999640
vn -0.023503 0.012950 0.999640
vn -0.023504 0.012949 0.999640
vn -0.023504 0.012949 0.999640
vn -0.023504 0.012950 0.999640
vn -0.023504 0.012950 0.999640
vn -0.023504 0.012951 0.999640
vn -0.023504 0.012951 0.999640
vn -0.968682 -0.247532 -0.019560
vn -0.852444 -0.522650 -0.013261
vn -0.852445 -0.522648 -0.013274
vn -0.968680 -0.247537 -0.019600
vn -0.650024 -0.759894 -0.005441
vn -0.650020 -0.759898 -0.005427
vn -0.370840 -0.928691 0.003309
vn -0.370833 -0.928694 0.003319
vn -0.042492 -0.999026 0.011936
vn -0.042494 -0.999025 0.011936
vn 0.290688 -0.956625 0.019221
vn 0.290688 -0.956625 0.019219
vn 0.583245 -0.811934 0.024234
vn 0.583247 -0.811934 0.024235
vn 0.805117 -0.592519 0.026626
vn 0.805118 -0.592516 0.026638
vn 0.944294 -0.328036 0.026482
vn 0.944292 -0.328039 0.026498
vn 0.998827 -0.042036 0.024035
vn 0.998827 -0.042042 0.024036
vn 0.968689 0.247507 0.019552
vn 0.968690 0.247503 0.019535
vn 0.852433 0.522669 0.013255
vn 0.852436 0.522664 0.013234
vn 0.650012 0.759904 0.005433
vn 0.650015 0.759902 0.005426
vn 0.370848 0.928688 -0.003308
vn 0.370839 0.928691 -0.003308
vn 0.042502 0.999025 -0.011941
vn 0.042501 0.999025 -0.011942
vn -0.290680 0.956627 -0.019236
vn -0.290677 0.956628 -0.019240
vn -0.583252 0.811930 -0.024245
vn -0.583263 0.811921 -0.024261
vn -0.805119 0.592518 -0.026585
vn -0.805127 0.592506 -0.026602
vn -0.944286 0.328063 -0.026425
vn -0.944282 0.328076 -0.026430
vn -0.998828 0.042026 -0.024030
vn -0.998827 0.042027 -0.024055
vn 0.023504 -0.012950 -0.999640
vn 0.023503 -0.012950 -0.999640
vn 0.023503 -0.012950 -0.999640
vn 0.023504 -0.012950 -0.999640
vn 0.023503 -0.012950 -0.999640
vn 0.023503 -0.012950 -0.999640
vn 0.023504 -0.012950 -0.999640
vn 0.023504 -0.012950 -0.999640
vn 0.023504 -0.012950 -0.999640
vn 0.023504 -0.012950 -0.999640
vn 0.023504 -0.012950 -0.999640
vn 0.023504 -0.012950 -0.999640
vn 0.023503 -0.012950 -0.999640
vn 0.023503 -0.012950 -0.999640
vn 0.023504 -0.012950 -0.999640
vn 0.023504 -0.012950 -0.999640
vn 0.023504 -0.012950 -0.999640
vn 0.023504 -0.012950 -0.999640
vn 0.023504 -0.012950 -0.999640
vn 0.023504 -0.012950 -0.999640
vn 0.023504 -0.012950 -0.999640
vn 0.023504 -0.012950 -0.999640
vn 0.023504 -0.012949 -0.999640
vn 0.023504 -0.012949 -0.999640
vn 0.023504 -0.012949 -0.999640
vn 0.023504 -0.012949 -0.999640
vn 0.023503 -0.012950 -0.999640
vn 0.023503 -0.012950 -0.999640
vn 0.023503 -0.012951 -0.999640
vn 0.023503 -0.012951 -0.999640
vn 0.023505 -0.012950 -0.999640
vn 0.023505 -0.012950 -0.999640
vn 0.023504 -0.012950 -0.999640
vn 0.023504 -0.012950 -0.999640
vn 0.023503 -0.012950 -0.999640
vn 0.023503 -0.012950 -0.999640
vn 0.023504 -0.012950 -0.999640
vn 0.023504 -0.012950 -0.999640
vn 0.023503 -0.012949 -0.999640
vn 0.023503 -0.012949 -0.999640
vn -0.952333 -0.304502 -0.018459
vn -0.998547 0.048202 -0.024100
vn -0.998547 0.048199 -0.024118
vn -0.952330 -0.304510 -0.018475
vn -0.919473 0.392246 -0.026686
vn -0.919470 0.392252 -0.026710
vn -0.739668 0.672466 -0.026087
vn -0.739673 0.672460 -0.026106
vn -0.500964 0.865163 -0.022979
vn -0.500950 0.865171 -0.022989
vn -0.236105 0.971558 -0.018135
vn -0.236112 0.971557 -0.018136
vn 0.037102 0.999239 -0.012071
vn 0.037099 0.999239 -0.012070
vn 0.309131 0.951006 -0.005050
vn 0.309136 0.951005 -0.005050
vn 0.569148 0.822231 0.002733
vn 0.569142 0.822235 0.002730
vn 0.795746 0.605533 0.010868
vn 0.795746 0.605533 0.010865
vn 0.952338 0.304486 0.018448
vn 0.952339 0.304484 0.018448
vn 0.998546 -0.048213 0.024102
vn 0.998546 -0.048214 0.024111
vn 0.919477 -0.392236 0.026703
vn 0.919478 -0.392232 0.026726
vn 0.739676 -0.672457 0.026113
vn 0.739681 -0.672451 0.026133
vn 0.500960 -0.865165 0.022998
vn 0.500956 -0.865167 0.023004
vn 0.236116 -0.971555 0.018142
vn 0.236110 -0.971557 0.018144
vn -0.037098 -0.999239 0.012073
vn -0.037104 -0.999238 0.012073
vn -0.309137 -0.951004 0.005056
vn -0.309130 -0.951006 0.005053
vn -0.569144 -0.822234 -0.002721
vn -0.569152 -0.822228 -0.002721
vn -0.795748 -0.605530 -0.010869
vn -0.795747 -0.605531 -0.010879
vn 0.998822 -0.042131 0.024071
vn 0.963041 0.268675 0.019136
vn -0.952335 -0.304497 -0.018427
vn -0.998547 0.048208 -0.024064
vn 0.936829 -0.348775 0.026614
vn -0.919470 0.392257 -0.026636
vn 0.783138 -0.621283 0.026505
vn -0.739672 0.672463 -0.026049
vn 0.552771 -0.832993 0.023795
vn -0.500952 0.865170 -0.022958
vn 0.268315 -0.963148 0.018781
vn -0.236114 0.971556 -0.018136
vn -0.042413 -0.999029 0.011943
vn 0.037100 0.999239 -0.012075
vn -0.348983 -0.937121 0.003912
vn 0.309133 0.951005 -0.005050
vn -0.621400 -0.783480 -0.004491
vn 0.569140 0.822236 0.002739
vn -0.832996 -0.553140 -0.012416
vn 0.795745 0.605534 0.010874
vn -0.963046 -0.268657 -0.019149
vn 0.952338 0.304487 0.018449
vn -0.998824 0.042128 -0.024013
vn 0.998547 -0.048214 0.024085
vn -0.936833 0.348770 -0.026512
vn 0.919478 -0.392237 0.026655
vn -0.783140 0.621283 -0.026457
vn 0.739678 -0.672456 0.026074
vn -0.552779 0.832988 -0.023809
vn 0.500959 -0.865166 0.022985
vn -0.268316 0.963148 -0.018790
vn 0.236114 -0.971556 0.018138
vn 0.042405 0.999029 -0.011934
vn -0.037096 -0.999239 0.012074
vn 0.349005 0.937113 -0.003895
vn -0.309120 -0.951010 0.005062
vn 0.621414 0.783469 0.004524
vn -0.569144 -0.822233 -0.002720
vn 0.832991 0.553148 0.012419
vn -0.795734 -0.605549 -0.010847
vn 0.832989 0.553150 0.012411
vn 0.963042 0.268664 0.019216
vn -0.968689 -0.247513 -0.019462
vn -0.852439 -0.522660 -0.013230
vn 0.621421 0.783465 0.004386
vn -0.650019 -0.759898 -0.005477
vn 0.349003 0.937113 -0.003979
vn -0.370833 -0.928694 0.003283
vn 0.042416 0.999029 -0.011944
vn -0.042500 -0.999025 0.011938
vn -0.268308 0.963150 -0.018768
vn 0.290683 -0.956626 0.019227
vn -0.552786 0.832984 -0.023765
vn 0.583240 -0.811938 0.024232
vn -0.783139 0.621284 -0.026445
vn 0.805111 -0.592528 0.026599
vn -0.936829 0.348780 -0.026529
vn 0.944297 -0.328032 0.026444
vn -0.998824 0.042130 -0.024008
vn 0.998828 -0.042015 0.024030
vn -0.963042 -0.268669 -0.019182
vn 0.968687 0.247510 0.019593
vn -0.832993 -0.553143 -0.012487
vn 0.852436 0.522663 0.013306
vn -0.621410 -0.783473 -0.004494
vn 0.650020 0.759897 0.005453
vn -0.348979 -0.937122 0.003945
vn 0.370846 0.928688 -0.003311
vn -0.042407 -0.999029 0.011943
vn 0.042501 0.999025 -0.011941
vn 0.268328 -0.963145 0.018747
vn -0.290686 0.956625 -0.019227
vn 0.552794 -0.832981 0.023702
vn -0.583251 0.811931 -0.024204
vn 0.783139 -0.621286 0.026399
vn -0.805109 0.592532 -0.026545
vn 0.936831 -0.348773 0.026568
vn -0.944293 0.328045 -0.026412
vn 0.998822 -0.042118 0.024086
vn -0.998829 0.042024 -0.023969
vn 0.962843 0.268659 0.027495
vn 0.832601 0.553151 0.028273
vn 0.832601 0.553151 0.028272
vn 0.962843 0.268658 0.027501
vn 0.620881 0.783464 0.026286
vn 0.620882 0.783464 0.026275
vn 0.348377 0.937103 0.021719
vn 0.348378 0.937103 0.021712
vn 0.041763 0.999015 0.015026
vn 0.041763 0.999015 0.015026
vn -0.268930 0.963135 0.006864
vn -0.268932 0.963135 0.006865
vn -0.553311 0.832973 -0.001972
vn -0.553311 0.832973 -0.001968
vn -0.783525 0.621270 -0.010610
vn -0.783525 0.621269 -0.010609
vn -0.937031 0.348771 -0.018210
vn -0.937031 0.348770 -0.018211
vn -0.998823 0.042130 -0.024032
vn -0.998823 0.042131 -0.024031
vn -0.962842 -0.268663 -0.027497
vn -0.962841 -0.268664 -0.027499
vn -0.832612 -0.553135 -0.028269
vn -0.832611 -0.553135 -0.028274
vn -0.620887 -0.783459 -0.026279
vn -0.620885 -0.783461 -0.026279
vn -0.348372 -0.937105 -0.021715
vn -0.348372 -0.937105 -0.021713
vn -0.041764 -0.999015 -0.015025
vn -0.041763 -0.999015 -0.015025
vn 0.268933 -0.963135 -0.006864
vn 0.268932 -0.963135 -0.006867
vn 0.553305 -0.832976 0.001971
vn 0.553304 -0.832977 0.001964
vn 0.783511 -0.621287 0.010611
vn 0.783511 -0.621288 0.010603
vn 0.937031 -0.348770 0.018211
vn 0.937032 -0.348769 0.018207
vn 0.998823 -0.042126 0.024030
vn 0.998823 -0.042126 0.024031
vn 0.024637 0.014002 -0.999598
vn 0.024642 0.014004 -0.999598
vn 0.024638 0.014003 -0.999598
vn 0.024639 0.014004 -0.999598
vn 0.024638 0.014004 -0.999598
vn 0.024639 0.014004 -0.999598
vn 0.024639 0.014004 -0.999598
vn 0.024639 0.014004 -0.999598
vn 0.024639 0.014004 -0.999598
vn 0.024639 0.014004 -0.999598
vn 0.024640 0.014003 -0.999598
vn 0.024639 0.014004 -0.999598
vn 0.024639 0.014003 -0.999598
vn 0.024638 0.014004 -0.999598
vn 0.024639 0.014004 -0.999598
vn 0.024641 0.014004 -0.999598
vn 0.024638 0.014004 -0.999598
vn 0.024643 0.014004 -0.999598
vn 0.024642 0.014005 -0.999598
vn 0.024627 0.014004 -0.999599
vn -0.024614 -0.013997 0.999599
vn -0.024628 -0.013998 0.999599
vn -0.024639 -0.014006 0.999598
vn -0.024642 -0.014005 0.999598
vn -0.024639 -0.014003 0.999598
vn -0.024641 -0.014003 0.999598
vn -0.024642 -0.014004 0.999598
vn -0.024638 -0.013999 0.999598
vn -0.024638 -0.014002 0.999598
vn -0.024640 -0.014008 0.999598
vn -0.024640 -0.014005 0.999598
vn -0.024640 -0.014002 0.999598
vn -0.024639 -0.014007 0.999598
vn -0.024639 -0.014004 0.999598
vn -0.024639 -0.014002 0.999598
vn -0.024639 -0.014003 0.999598
vn -0.024639 -0.014004 0.999598
vn -0.024642 -0.013995 0.999598
vn -0.024641 -0.013998 0.999598
vn -0.024638 -0.014000 0.999598
vn -0.024639 -0.014004 0.999598
vn -0.024640 -0.014004 0.999598
vn -0.024640 -0.014004 0.999598
vn -0.024639 -0.014004 0.999598
vn -0.024639 -0.014003 0.999598
vn -0.024639 -0.014003 0.999598
vn -0.024638 -0.014003 0.999598
vn -0.024638 -0.014003 0.999598
vn -0.024640 -0.014003 0.999598
vn -0.024640 -0.014003 0.999598
vn -0.024638 -0.014002 0.999598
vn -0.024638 -0.014002 0.999598
vn -0.024639 -0.014004 0.999598
vn -0.024639 -0.014004 0.999598
vn -0.024640 -0.014004 0.999598
vn -0.024640 -0.014004 0.999598
vn -0.024639 -0.014004 0.999598
vn -0.024639 -0.014004 0.999598
vn -0.024640 -0.014005 0.999598
vn -0.024640 -0.014005 0.999598
vn -0.024639 -0.014004 0.999598
vn -0.024639 -0.014004 0.999598
vn -0.024640 -0.014002 0.999598
vn -0.024640 -0.014002 0.999598
vn -0.024640 -0.014002 0.999598
vn -0.024639 -0.014003 0.999598
vn -0.024639 -0.014003 0.999598
vn -0.024639 -0.014003 0.999598
vn -0.024639 -0.014001 0.999598
vn -0.024639 -0.014001 0.999598
vn -0.024638 -0.014002 0.999598
vn -0.024638 -0.014002 0.999598
vn -0.024638 -0.014004 0.999598
vn -0.024638 -0.014004 0.999598
vn -0.024639 -0.014005 0.999598
vn -0.024639 -0.014005 0.999598
vn -0.024640 -0.014004 0.999598
vn -0.024640 -0.014004 0.999598
vn -0.024639 -0.014003 0.999598
vn -0.024639 -0.014003 0.999598
vn -0.968495 -0.247527 -0.027332
vn -0.852081 -0.522644 -0.028313
vn -0.852082 -0.522641 -0.028326
vn -0.968493 -0.247531 -0.027370
vn -0.649513 -0.759883 -0.026656
vn -0.649510 -0.759886 -0.026643
vn -0.370227 -0.928677 -0.022138
vn -0.370219 -0.928681 -0.022128
vn -0.041843 -0.999011 -0.015034
vn -0.041844 -0.999011 -0.015034
vn 0.291302 -0.956611 -0.006226
vn 0.291303 -0.956611 -0.006229
vn 0.583757 -0.811923 0.003018
vn 0.583758 -0.811922 0.003019
vn 0.805479 -0.592512 0.011576
vn 0.805481 -0.592509 0.011587
vn 0.944481 -0.328032 0.018717
vn 0.944480 -0.328035 0.018732
vn 0.998827 -0.042038 0.024038
vn 0.998827 -0.042044 0.024039
vn 0.968501 0.247507 0.027323
vn 0.968502 0.247503 0.027306
vn 0.852070 0.522662 0.028308
vn 0.852073 0.522658 0.028289
vn 0.649502 0.759893 0.026649
vn 0.649505 0.759891 0.026643
vn 0.370234 0.928675 0.022138
vn 0.370227 0.928678 0.022139
vn 0.041853 0.999011 0.015028
vn 0.041852 0.999011 0.015027
vn -0.291293 0.956614 0.006212
vn -0.291291 0.956614 0.006208
vn -0.583762 0.811920 -0.003029
vn -0.583773 0.811911 -0.003047
vn -0.805482 0.592509 -0.011534
vn -0.805490 0.592497 -0.011553
vn -0.944474 0.328056 -0.018658
vn -0.944470 0.328068 -0.018665
vn -0.998828 0.042025 -0.024033
vn -0.998827 0.042027 -0.024057
vn 0.024639 0.014004 -0.999598
vn 0.024639 0.014003 -0.999598
vn 0.024639 0.014003 -0.999598
vn 0.024639 0.014004 -0.999598
vn 0.024639 0.014003 -0.999598
vn 0.024639 0.014003 -0.999598
vn 0.024639 0.014003 -0.999598
vn 0.024639 0.014003 -0.999598
vn 0.024640 0.014003 -0.999598
vn 0.024640 0.014003 -0.999598
vn 0.024639 0.014003 -0.999598
vn 0.024639 0.014003 -0.999598
vn 0.024639 0.014003 -0.999598
vn 0.024639 0.014003 -0.999598
vn 0.024639 0.014003 -0.999598
vn 0.024639 0.014003 -0.999598
vn 0.024639 0.014003 -0.999598
vn 0.024639 0.014003 -0.999598
vn 0.024640 0.014003 -0.999598
vn 0.024640 0.014003 -0.999598
vn 0.024640 0.014004 -0.999598
vn 0.024640 0.014004 -0.999598
vn 0.024640 0.014004 -0.999598
vn 0.024640 0.014004 -0.999598
vn 0.024640 0.014005 -0.999598
vn 0.024640 0.014005 -0.999598
vn 0.024639 0.014003 -0.999598
vn 0.024639 0.014003 -0.999598
vn 0.024638 0.014003 -0.999598
vn 0.024638 0.014003 -0.999598
vn 0.024640 0.014003 -0.999598
vn 0.024640 0.014003 -0.999598
vn 0.024640 0.014004 -0.999598
vn 0.024640 0.014004 -0.999598
vn 0.024639 0.014004 -0.999598
vn 0.024639 0.014004 -0.999598
vn 0.024639 0.014004 -0.999598
vn 0.024639 0.014004 -0.999598
vn 0.024639 0.014004 -0.999598
vn 0.024639 0.014004 -0.999598
vn -0.952109 -0.304497 -0.027745
vn -0.998551 0.048200 -0.023934
vn -0.998551 0.048196 -0.023949
vn -0.952106 -0.304505 -0.027756
vn -0.919702 0.392243 -0.017158
vn -0.919698 0.392250 -0.017181
vn -0.740083 0.672458 -0.008805
vn -0.740088 0.672452 -0.008824
vn -0.501512 0.865151 -0.000234
vn -0.501497 0.865159 -0.000245
vn -0.236729 0.971545 0.007777
vn -0.236735 0.971543 0.007777
vn 0.036453 0.999224 0.014898
vn 0.036450 0.999224 0.014900
vn 0.308505 0.950993 0.020929
vn 0.308510 0.950991 0.020928
vn 0.568599 0.822218 0.025538
vn 0.568594 0.822222 0.025534
vn 0.795332 0.605523 0.028090
vn 0.795332 0.605523 0.028086
vn 0.952114 0.304483 0.027735
vn 0.952114 0.304482 0.027734
vn 0.998550 -0.048213 0.023937
vn 0.998550 -0.048214 0.023946
vn 0.919707 -0.392229 0.017179
vn 0.919708 -0.392225 0.017201
vn 0.740093 -0.672447 0.008833
vn 0.740098 -0.672441 0.008852
vn 0.501508 -0.865153 0.000253
vn 0.501504 -0.865155 0.000258
vn 0.236741 -0.971542 -0.007771
vn 0.236734 -0.971543 -0.007770
vn -0.036448 -0.999225 -0.014896
vn -0.036455 -0.999224 -0.014897
vn -0.308511 -0.950991 -0.020923
vn -0.308504 -0.950993 -0.020924
vn -0.568592 -0.822224 -0.025525
vn -0.568601 -0.822218 -0.025522
vn -0.795332 -0.605523 -0.028090
vn -0.795331 -0.605525 -0.028096
vn 0.998822 -0.042130 0.024064
vn 0.962840 0.268671 0.027464
vn -0.952112 -0.304489 -0.027723
vn -0.998551 0.048208 -0.023903
vn 0.937030 -0.348771 0.018276
vn -0.919698 0.392254 -0.017110
vn 0.783521 -0.621274 0.010655
vn -0.740087 0.672454 -0.008767
vn 0.553297 -0.832982 0.001978
vn -0.501500 0.865158 -0.000211
vn 0.268932 -0.963135 -0.006869
vn -0.236736 0.971543 0.007778
vn -0.041764 -0.999015 -0.015027
vn 0.036451 0.999225 0.014894
vn -0.348365 -0.937107 -0.021740
vn 0.308506 0.950992 0.020931
vn -0.620876 -0.783467 -0.026309
vn 0.568590 0.822224 0.025546
vn -0.832615 -0.553131 -0.028266
vn 0.795331 0.605524 0.028099
vn -0.962844 -0.268656 -0.027486
vn 0.952114 0.304482 0.027737
vn -0.998824 0.042125 -0.024017
vn 0.998551 -0.048214 0.023920
vn -0.937034 0.348764 -0.018182
vn 0.919708 -0.392230 0.017133
vn -0.783521 0.621274 -0.010606
vn 0.740096 -0.672443 0.008797
vn -0.553305 0.832976 -0.001988
vn 0.501506 -0.865154 0.000242
vn -0.268934 0.963134 0.006861
vn 0.236739 -0.971542 -0.007774
vn 0.041756 0.999015 0.015036
vn -0.036447 -0.999225 -0.014896
vn 0.348387 0.937098 0.021758
vn -0.308495 -0.950996 -0.020921
vn 0.620889 0.783456 0.026346
vn -0.568594 -0.822222 -0.025531
vn 0.832610 0.553138 0.028269
vn -0.795321 -0.605538 -0.028079
vn 0.832608 0.553141 0.028263
vn 0.962842 0.268656 0.027554
vn -0.968502 -0.247510 -0.027239
vn -0.852073 -0.522658 -0.028283
vn 0.620895 0.783455 0.026204
vn -0.649508 -0.759886 -0.026688
vn 0.348387 0.937100 0.021672
vn -0.370220 -0.928680 -0.022164
vn 0.041765 0.999015 0.015026
vn -0.041850 -0.999011 -0.015033
vn -0.268925 0.963137 0.006882
vn 0.291297 -0.956613 -0.006220
vn -0.553312 0.832972 -0.001946
vn 0.583752 -0.811927 0.003016
vn -0.783522 0.621274 -0.010591
vn 0.805474 -0.592519 0.011550
vn -0.937031 0.348773 -0.018192
vn 0.944484 -0.328027 0.018681
vn -0.998824 0.042128 -0.024003
vn 0.998828 -0.042016 0.024036
vn -0.962841 -0.268665 -0.027512
vn 0.968499 0.247508 0.027363
vn -0.832611 -0.553133 -0.028340
vn 0.852071 0.522657 0.028353
vn -0.620884 -0.783460 -0.026314
vn 0.649507 0.759888 0.026664
vn -0.348360 -0.937110 -0.021704
vn 0.370233 0.928675 0.022135
vn -0.041758 -0.999015 -0.015026
vn 0.041850 0.999011 0.015028
vn 0.268946 -0.963130 -0.006902
vn -0.291299 0.956612 0.006221
vn 0.553319 -0.832968 0.001886
vn -0.583763 0.811919 -0.002985
vn 0.783519 -0.621278 0.010549
vn -0.805473 0.592522 -0.011487
vn 0.937031 -0.348771 0.018233
vn -0.944481 0.328038 -0.018641
vn 0.998822 -0.042119 0.024088
vn -0.998829 0.042021 -0.023974
vn 0.962883 0.268676 0.025874
vn 0.832677 0.553186 0.025189
vn 0.832677 0.553186 0.025188
vn 0.962883 0.268675 0.025880
vn 0.620984 0.783513 0.022041
vn 0.620984 0.783513 0.022030
vn 0.348499 0.937160 0.016729
vn 0.348500 0.937160 0.016723
vn 0.041892 0.999074 0.009780
vn 0.041891 0.999074 0.009779
vn -0.268807 0.963192 0.001874
vn -0.268809 0.963192 0.001876
vn -0.553207 0.833021 -0.006216
vn -0.553207 0.833021 -0.006213
vn -0.783449 0.621305 -0.013694
vn -0.783450 0.621304 -0.013693
vn -0.936991 0.348790 -0.019831
vn -0.936991 0.348790 -0.019832
vn -0.998823 0.042130 -0.024031
vn -0.998823 0.042131 -0.024031
vn -0.962881 -0.268684 -0.025876
vn -0.962881 -0.268685 -0.025878
vn -0.832687 -0.553171 -0.025185
vn -0.832686 -0.553172 -0.025191
vn -0.620991 -0.783508 -0.022035
vn -0.620990 -0.783509 -0.022034
vn -0.348495 -0.937161 -0.016726
vn -0.348495 -0.937161 -0.016723
vn -0.041892 -0.999074 -0.009779
vn -0.041892 -0.999074 -0.009779
vn 0.268810 -0.963191 -0.001875
vn 0.268809 -0.963192 -0.001877
vn 0.553202 -0.833024 0.006215
vn 0.553202 -0.833024 0.006208
vn 0.783436 -0.621322 0.013695
vn 0.783436 -0.621322 0.013687
vn 0.936991 -0.348790 0.019832
vn 0.936992 -0.348788 0.019828
vn 0.998823 -0.042128 0.024030
vn 0.998823 -0.042128 0.024031
vn 0.024419 0.008760 -0.999663
vn 0.024424 0.008761 -0.999663
vn 0.024416 0.008760 -0.999664
vn 0.024419 0.008761 -0.999663
vn 0.024415 0.008761 -0.999664
vn 0.024421 0.008761 -0.999663
vn 0.024415 0.008760 -0.999664
vn 0.024421 0.008760 -0.999663
vn 0.024418 0.008760 -0.999663
vn 0.024421 0.008760 -0.999663
vn 0.024420 0.008760 -0.999663
vn 0.024420 0.008761 -0.999663
vn 0.024419 0.008760 -0.999664
vn 0.024421 0.008760 -0.999663
vn 0.024418 0.008761 -0.999663
vn 0.024421 0.008761 -0.999663
vn 0.024420 0.008761 -0.999663
vn 0.024424 0.008761 -0.999663
vn 0.024419 0.008762 -0.999663
vn 0.024421 0.008761 -0.999663
vn -0.024411 -0.008753 0.999664
vn -0.024406 -0.008756 0.999664
vn -0.024420 -0.008763 0.999663
vn -0.024423 -0.008762 0.999663
vn -0.024420 -0.008760 0.999663
vn -0.024420 -0.008760 0.999663
vn -0.024421 -0.008761 0.999663
vn -0.024418 -0.008757 0.999663
vn -0.024419 -0.008759 0.999664
vn -0.024420 -0.008764 0.999663
vn -0.024421 -0.008762 0.999663
vn -0.024420 -0.008759 0.999663
vn -0.024420 -0.008764 0.999663
vn -0.024419 -0.008761 0.999663
vn -0.024420 -0.008760 0.999663
vn -0.024419 -0.008759 0.999663
vn -0.024419 -0.008761 0.999663
vn -0.024422 -0.008751 0.999664
vn -0.024421 -0.008755 0.999663
vn -0.024420 -0.008755 0.999663
vn -0.024420 -0.008761 0.999663
vn -0.024420 -0.008761 0.999663
vn -0.024420 -0.008761 0.999663
vn -0.024420 -0.008761 0.999663
vn -0.024419 -0.008760 0.999663
vn -0.024419 -0.008760 0.999663
vn -0.024419 -0.008760 0.999663
vn -0.024419 -0.008760 0.999663
vn -0.024420 -0.008759 0.999663
vn -0.024420 -0.008759 0.999663
vn -0.024419 -0.008759 0.999664
vn -0.024419 -0.008759 0.999664
vn -0.024420 -0.008761 0.999663
vn -0.024420 -0.008761 0.999663
vn -0.024420 -0.008761 0.999663
vn -0.024420 -0.008761 0.999663
vn -0.024420 -0.008761 0.999663
vn -0.024420 -0.008761 0.999663
vn -0.024420 -0.008762 0.999663
vn -0.024420 -0.008762 0.999663
vn -0.024419 -0.008761 0.999663
vn -0.024419 -0.008761 0.999663
vn -0.024420 -0.008759 0.999663
vn -0.024420 -0.008759 0.999663
vn -0.024420 -0.008760 0.999663
vn -0.024420 -0.008760 0.999663
vn -0.024420 -0.008760 0.999663
vn -0.024420 -0.008760 0.999663
vn -0.024420 -0.008758 0.999663
vn -0.024420 -0.008758 0.999663
vn -0.024418 -0.008759 0.999664
vn -0.024418 -0.008759 0.999663
vn -0.024419 -0.008761 0.999663
vn -0.024419 -0.008761 0.999663
vn -0.024420 -0.008761 0.999663
vn -0.024420 -0.008761 0.999663
vn -0.024420 -0.008761 0.999663
vn -0.024420 -0.008761 0.999663
vn -0.024420 -0.008760 0.999663
vn -0.024420 -0.008760 0.999663
vn -0.968531 -0.247549 -0.025819
vn -0.852153 -0.522677 -0.025386
vn -0.852155 -0.522673 -0.025397
vn -0.968529 -0.247553 -0.025857
vn -0.649615 -0.759930 -0.022530
vn -0.649611 -0.759933 -0.022517
vn -0.370348 -0.928734 -0.017189
vn -0.370340 -0.928738 -0.017178
vn -0.041972 -0.999071 -0.009787
vn -0.041973 -0.999071 -0.009788
vn 0.291180 -0.956667 -0.001276
vn 0.291181 -0.956667 -0.001280
vn 0.583656 -0.811969 0.007145
vn 0.583657 -0.811969 0.007145
vn 0.805407 -0.592544 0.014503
vn 0.805409 -0.592542 0.014513
vn 0.944442 -0.328054 0.020226
vn 0.944441 -0.328057 0.020240
vn 0.998827 -0.042039 0.024037
vn 0.998827 -0.042044 0.024038
vn 0.968538 0.247526 0.025813
vn 0.968539 0.247523 0.025797
vn 0.852142 0.522695 0.025382
vn 0.852145 0.522690 0.025361
vn 0.649606 0.759938 0.022523
vn 0.649610 0.759934 0.022514
vn 0.370357 0.928730 0.017188
vn 0.370350 0.928733 0.017188
vn 0.041981 0.999071 0.009781
vn 0.041981 0.999071 0.009781
vn -0.291172 0.956670 0.001262
vn -0.291170 0.956671 0.001258
vn -0.583661 0.811966 -0.007155
vn -0.583673 0.811958 -0.007173
vn -0.805410 0.592541 -0.014461
vn -0.805419 0.592529 -0.014480
vn -0.944435 0.328078 -0.020169
vn -0.944431 0.328091 -0.020175
vn -0.998827 0.042026 -0.024032
vn -0.998827 0.042029 -0.024056
vn 0.024420 0.008761 -0.999663
vn 0.024420 0.008760 -0.999663
vn 0.024420 0.008760 -0.999663
vn 0.024420 0.008761 -0.999663
vn 0.024420 0.008760 -0.999663
vn 0.024420 0.008760 -0.999663
vn 0.024419 0.008760 -0.999663
vn 0.024419 0.008760 -0.999663
vn 0.024420 0.008760 -0.999663
vn 0.024420 0.008760 -0.999663
vn 0.024420 0.008760 -0.999663
vn 0.024420 0.008760 -0.999663
vn 0.024419 0.008760 -0.999663
vn 0.024419 0.008760 -0.999663
vn 0.024420 0.008760 -0.999663
vn 0.024420 0.008760 -0.999663
vn 0.024420 0.008760 -0.999663
vn 0.024420 0.008760 -0.999663
vn 0.024420 0.008760 -0.999663
vn 0.024420 0.008760 -0.999663
vn 0.024420 0.008761 -0.999663
vn 0.024420 0.008761 -0.999663
vn 0.024420 0.008761 -0.999663
vn 0.024420 0.008761 -0.999663
vn 0.024420 0.008761 -0.999663
vn 0.024420 0.008761 -0.999663
vn 0.024420 0.008760 -0.999663
vn 0.024420 0.008760 -0.999663
vn 0.024418 0.008760 -0.999664
vn 0.024418 0.008760 -0.999664
vn 0.024420 0.008760 -0.999663
vn 0.024420 0.008760 -0.999663
vn 0.024421 0.008761 -0.999663
vn 0.024421 0.008761 -0.999663
vn 0.024419 0.008760 -0.999663
vn 0.024419 0.008760 -0.999663
vn 0.024419 0.008760 -0.999663
vn 0.024419 0.008760 -0.999663
vn 0.024419 0.008761 -0.999663
vn 0.024419 0.008761 -0.999663
vn -0.952155 -0.304514 -0.025939
vn -0.998550 0.048202 -0.023966
vn -0.998550 0.048199 -0.023981
vn -0.952152 -0.304522 -0.025953
vn -0.919658 0.392261 -0.019010
vn -0.919655 0.392266 -0.019034
vn -0.740001 0.672495 -0.012166
vn -0.740007 0.672489 -0.012185
vn -0.501402 0.865202 -0.004658
vn -0.501388 0.865210 -0.004668
vn -0.236605 0.971602 0.002737
vn -0.236612 0.971600 0.002737
vn 0.036581 0.999284 0.009652
vn 0.036579 0.999284 0.009654
vn 0.308629 0.951050 0.015875
vn 0.308634 0.951048 0.015875
vn 0.568708 0.822269 0.021102
vn 0.568704 0.822272 0.021097
vn 0.795414 0.605561 0.024739
vn 0.795415 0.605560 0.024735
vn 0.952158 0.304505 0.025928
vn 0.952159 0.304500 0.025926
vn 0.998550 -0.048212 0.023971
vn 0.998549 -0.048214 0.023978
vn 0.919661 -0.392252 0.019032
vn 0.919662 -0.392248 0.019057
vn 0.740010 -0.672485 0.012196
vn 0.740014 -0.672480 0.012217
vn 0.501399 -0.865204 0.004678
vn 0.501396 -0.865205 0.004685
vn 0.236617 -0.971599 -0.002729
vn 0.236611 -0.971601 -0.002727
vn -0.036578 -0.999284 -0.009650
vn -0.036583 -0.999284 -0.009650
vn -0.308636 -0.951048 -0.015870
vn -0.308629 -0.951050 -0.015872
vn -0.568702 -0.822273 -0.021089
vn -0.568710 -0.822268 -0.021088
vn -0.795415 -0.605560 -0.024740
vn -0.795413 -0.605563 -0.024750
vn 0.998823 -0.042129 0.024061
vn 0.962880 0.268691 0.025840
vn -0.952156 -0.304511 -0.025911
vn -0.998550 0.048208 -0.023935
vn 0.936990 -0.348789 0.019900
vn -0.919653 0.392273 -0.018960
vn 0.783443 -0.621311 0.013743
vn -0.740004 0.672494 -0.012127
vn 0.553192 -0.833030 0.006224
vn -0.501391 0.865209 -0.004637
vn 0.268810 -0.963192 -0.001880
vn -0.236614 0.971600 0.002736
vn -0.041893 -0.999074 -0.009781
vn 0.036581 0.999284 0.009647
vn -0.348489 -0.937163 -0.016748
vn 0.308630 0.951050 0.015876
vn -0.620981 -0.783515 -0.022063
vn 0.568697 0.822276 0.021110
vn -0.832691 -0.553166 -0.025179
vn 0.795412 0.605564 0.024749
vn -0.962884 -0.268674 -0.025859
vn 0.952156 0.304511 0.025933
vn -0.998824 0.042124 -0.024014
vn 0.998550 -0.048212 0.023955
vn -0.936993 0.348786 -0.019800
vn 0.919662 -0.392252 0.018982
vn -0.783444 0.621312 -0.013687
vn 0.740016 -0.672480 0.012152
vn -0.553200 0.833025 -0.006234
vn 0.501397 -0.865205 0.004663
vn -0.268812 0.963191 0.001869
vn 0.236614 -0.971600 -0.002734
vn 0.041885 0.999074 0.009790
vn -0.036575 -0.999284 -0.009650
vn 0.348511 0.937155 0.016768
vn -0.308620 -0.951053 -0.015867
vn 0.620993 0.783505 0.022100
vn -0.568706 -0.822270 -0.021093
vn 0.832686 0.553173 0.025186
vn -0.795404 -0.605575 -0.024721
vn 0.832684 0.553176 0.025172
vn 0.962882 0.268675 0.025921
vn -0.968538 -0.247532 -0.025727
vn -0.852143 -0.522694 -0.025357
vn 0.621000 0.783503 0.021957
vn -0.649608 -0.759935 -0.022563
vn 0.348508 0.937157 0.016682
vn -0.370342 -0.928736 -0.017213
vn 0.041894 0.999074 0.009779
vn -0.041979 -0.999071 -0.009785
vn -0.268804 0.963193 0.001890
vn 0.291176 -0.956669 -0.001269
vn -0.553208 0.833020 -0.006193
vn 0.583651 -0.811973 0.007145
vn -0.783446 0.621309 -0.013675
vn 0.805402 -0.592552 0.014478
vn -0.936990 0.348793 -0.019816
vn 0.944444 -0.328051 0.020192
vn -0.998824 0.042131 -0.024009
vn 0.998828 -0.042018 0.024035
vn -0.962881 -0.268682 -0.025894
vn 0.968536 0.247525 0.025854
vn -0.832687 -0.553167 -0.025254
vn 0.852143 0.522691 0.025433
vn -0.620989 -0.783509 -0.022065
vn 0.649611 0.759933 0.022544
vn -0.348484 -0.937166 -0.016713
vn 0.370356 0.928731 0.017188
vn -0.041886 -0.999075 -0.009780
vn 0.041981 0.999071 0.009782
vn 0.268823 -0.963188 -0.001912
vn -0.291178 0.956668 0.001271
vn 0.553215 -0.833016 0.006130
vn -0.583662 0.811966 -0.007112
vn 0.783444 -0.621312 0.013633
vn -0.805400 0.592556 -0.014415
vn 0.936993 -0.348785 0.019851
vn -0.944443 0.328058 -0.020152
vn 0.998823 -0.042116 0.024078
vn -0.998829 0.042022 -0.023973
s 1
g Kirralockhart_Bus
usemtl phong2SG
f 1/1/1 2/2/2 22/3/3 21/4/4
f 2/2/2 3/5/5 23/6/6 22/3/3
f 3/5/5 4/7/7 24/8/8 23/6/6
f 4/239/7 5/242/9 25/243/10 24/244/8
f 5/242/9 6/245/11 26/246/12 25/243/10
f 6/29/11 7/30/13 27/31/14 26/32/12
f 7/30/13 8/33/15 28/34/16 27/31/14
f 8/33/15 9/35/17 29/36/18 28/34/16
f 9/35/17 10/37/19 30/38/20 29/36/18
f 10/37/19 11/39/21 31/40/22 30/38/20
f 11/39/21 12/41/23 32/42/24 31/40/22
f 12/41/23 13/43/25 33/44/26 32/42/24
f 13/43/25 14/45/27 34/46/28 33/44/26
f 14/219/27 15/222/29 35/223/30 34/224/28
f 15/222/29 16/225/31 36/226/32 35/223/30
f 16/9/31 17/10/33 37/11/34 36/12/32
f 17/10/33 18/13/35 38/14/36 37/11/34
f 18/13/35 19/15/37 39/16/38 38/14/36
f 19/15/37 20/17/39 40/18/40 39/16/38
f 20/17/39 1/1/1 21/4/4 40/18/40
s 2
f 101/100/41 103/101/42 102/99/43
f 102/99/43 103/101/42 120/118/44
f 103/101/42 104/102/45 120/118/44
f 120/118/44 104/102/45 119/117/46
f 104/102/45 105/103/47 119/117/46
f 119/117/46 105/103/47 118/116/48
f 105/103/47 106/104/49 118/116/48
f 106/104/49 107/105/50 118/116/48
f 118/116/48 107/105/50 117/115/51
f 107/105/50 108/106/52 117/115/51
f 117/115/51 108/106/52 116/114/53
f 116/114/53 108/106/52 115/113/54
f 108/106/52 109/107/55 115/113/54
f 115/113/54 109/107/55 114/112/56
f 109/107/55 110/108/57 114/112/56
f 110/108/57 111/109/58 114/112/56
f 114/112/56 111/109/58 113/111/59
f 111/109/58 112/110/60 113/111/59
s 3
f 61/57/61 62/58/62 80/76/63
f 62/58/62 63/59/64 80/76/63
f 63/59/64 64/60/65 80/76/63
f 64/60/65 65/61/66 80/76/63
f 65/61/66 66/62/67 80/76/63
f 66/62/67 67/63/68 80/76/63
f 67/63/68 68/64/69 80/76/63
f 68/64/69 69/65/70 80/76/63
f 69/65/70 70/66/71 80/76/63
f 70/66/71 71/67/72 80/76/63
f 80/76/63 71/67/72 79/75/73
f 71/67/72 72/68/74 79/75/73
f 79/75/73 72/68/74 78/74/75
f 72/68/74 73/69/76 78/74/75
f 73/69/76 74/70/77 78/74/75
f 78/74/75 74/70/77 77/73/78
f 74/70/77 75/71/79 77/73/78
f 75/71/79 76/72/80 77/73/78
s 4
f 161/77/81 162/78/82 163/79/83 164/80/84
f 162/78/82 165/81/85 166/82/86 163/79/83
f 165/81/85 167/83/87 168/84/88 166/82/86
f 167/83/87 169/85/89 170/86/90 168/84/88
f 169/85/89 171/87/91 172/88/92 170/86/90
f 171/87/91 173/89/93 174/90/94 172/88/92
f 173/89/93 175/91/95 176/92/96 174/90/94
f 175/91/95 177/93/97 178/94/98 176/92/96
f 177/93/97 179/95/99 180/96/100 178/94/98
f 179/95/99 181/97/101 182/98/102 180/96/100
f 181/97/101 183/161/103 184/162/104 182/98/102
f 183/161/103 185/163/105 186/164/106 184/162/104
f 185/163/105 187/165/107 188/166/108 186/164/106
f 187/165/107 189/167/109 190/168/110 188/166/108
f 189/167/109 191/169/111 192/170/112 190/168/110
f 191/169/111 193/171/113 194/172/114 192/170/112
f 193/171/113 195/173/115 196/174/116 194/172/114
f 195/173/115 197/175/117 198/176/118 196/174/116
f 197/175/117 199/177/119 200/178/120 198/176/118
f 199/177/119 161/77/81 164/80/84 200/178/120
s 5
f 41/179/121 42/180/122 62/58/123 61/57/124
f 42/180/122 43/181/125 63/59/126 62/58/123
f 43/181/125 44/182/127 64/60/128 63/59/126
f 44/182/127 45/183/129 65/61/130 64/60/128
f 45/183/129 46/184/131 66/62/132 65/61/130
f 46/184/131 47/185/133 67/63/134 66/62/132
f 47/185/133 48/186/135 68/64/136 67/63/134
f 48/186/135 49/187/137 69/65/138 68/64/136
f 49/187/137 50/188/139 70/66/140 69/65/138
f 50/188/139 51/189/141 71/67/142 70/66/140
f 51/189/141 52/190/143 72/68/144 71/67/142
f 52/190/143 53/191/145 73/69/146 72/68/144
f 53/191/145 54/192/147 74/70/148 73/69/146
f 54/192/147 55/193/149 75/71/150 74/70/148
f 55/193/149 56/194/151 76/72/152 75/71/150
f 56/194/151 57/195/153 77/73/154 76/72/152
f 57/195/153 58/196/155 78/74/156 77/73/154
f 58/196/155 59/197/157 79/75/158 78/74/156
f 59/197/157 60/198/159 80/76/160 79/75/158
f 60/198/159 41/179/121 61/57/124 80/76/160
s 6
f 122/119/161 121/120/162 123/121/163 124/122/164
f 121/120/162 125/123/165 126/124/166 123/121/163
f 125/123/165 127/125/167 128/126/168 126/124/166
f 127/125/167 129/127/169 130/128/170 128/126/168
f 129/127/169 131/129/171 132/130/172 130/128/170
f 131/129/171 133/131/173 134/132/174 132/130/172
f 133/131/173 135/133/175 136/134/176 134/132/174
f 135/133/175 137/135/177 138/136/178 136/134/176
f 137/135/177 139/137/179 140/138/180 138/136/178
f 139/137/179 141/139/181 142/140/182 140/138/180
f 141/139/181 143/141/183 144/142/184 142/140/182
f 143/141/183 145/143/185 146/144/186 144/142/184
f 145/143/185 147/145/187 148/146/188 146/144/186
f 147/145/187 149/147/189 150/148/190 148/146/188
f 149/147/189 151/149/191 152/150/192 150/148/190
f 151/149/191 153/151/193 154/152/194 152/150/192
f 153/151/193 155/153/195 156/154/196 154/152/194
f 155/153/195 157/155/197 158/156/198 156/154/196
f 157/155/197 159/157/199 160/158/200 158/156/198
f 159/157/199 122/119/161 124/122/164 160/158/200
s 7
f 82/159/201 81/160/202 101/100/203 102/99/204
f 81/160/202 83/199/205 103/101/206 101/100/203
f 83/199/205 84/200/207 104/102/208 103/101/206
f 84/200/207 85/201/209 105/103/210 104/102/208
f 85/201/209 86/202/211 106/104/212 105/103/210
f 86/202/211 87/203/213 107/105/214 106/104/212
f 87/203/213 88/204/215 108/106/216 107/105/214
f 88/204/215 89/205/217 109/107/218 108/106/216
f 89/205/217 90/206/219 110/108/220 109/107/218
f 90/206/219 91/207/221 111/109/222 110/108/220
f 91/207/221 92/208/223 112/110/224 111/109/222
f 92/208/223 93/209/225 113/111/226 112/110/224
f 93/209/225 94/210/227 114/112/228 113/111/226
f 94/210/227 95/211/229 115/113/230 114/112/228
f 95/211/229 96/212/231 116/114/232 115/113/230
f 96/212/231 97/213/233 117/115/234 116/114/232
f 97/213/233 98/214/235 118/116/236 117/115/234
f 98/214/235 99/215/237 119/117/238 118/116/236
f 99/215/237 100/216/239 120/118/240 119/117/238
f 100/216/239 82/159/201 102/99/204 120/118/240
s 1
f 1/1/1 20/17/39 121/19/241 122/20/242
s 7
f 81/160/202 82/159/201 124/122/243 123/121/244
s 1
f 20/17/39 19/15/37 125/21/245 121/19/241
s 7
f 83/199/205 81/160/202 123/121/244 126/124/246
s 1
f 19/15/37 18/13/35 127/22/247 125/21/245
s 7
f 84/200/207 83/199/205 126/124/246 128/126/248
s 1
f 18/13/35 17/10/33 129/23/249 127/22/247
s 7
f 85/201/209 84/200/207 128/126/248 130/128/250
s 1
f 17/10/33 16/9/31 131/24/251 129/23/249
s 7
f 86/202/211 85/201/209 130/128/250 132/130/252
s 1
f 16/225/31 15/222/29 133/228/253 131/229/251
s 7
f 87/203/213 86/202/211 132/130/252 134/132/254
s 1
f 15/222/29 14/219/27 135/230/255 133/228/253
s 7
f 88/204/215 87/203/213 134/132/254 136/134/256
s 1
f 14/45/27 13/43/25 137/47/257 135/48/255
s 7
f 89/205/217 88/204/215 136/134/256 138/136/258
s 1
f 13/43/25 12/41/23 139/49/259 137/47/257
s 7
f 90/206/219 89/205/217 138/136/258 140/138/260
s 1
f 12/41/23 11/39/21 141/50/261 139/49/259
s 7
f 91/207/221 90/206/219 140/138/260 142/140/262
s 1
f 11/39/21 10/37/19 143/51/263 141/50/261
s 7
f 92/208/223 91/207/221 142/140/262 144/142/264
s 1
f 10/37/19 9/35/17 145/52/265 143/51/263
s 7
f 93/209/225 92/208/223 144/142/264 146/144/266
s 1
f 9/35/17 8/33/15 147/53/267 145/52/265
s 7
f 94/210/227 93/209/225 146/144/266 148/146/268
s 1
f 8/33/15 7/30/13 149/54/269 147/53/267
s 7
f 95/211/229 94/210/227 148/146/268 150/148/270
s 1
f 7/30/13 6/29/11 151/55/271 149/54/269
s 7
f 96/212/231 95/211/229 150/148/270 152/150/272
s 1
f 6/245/11 5/242/9 153/248/273 151/249/271
s 7
f 97/213/233 96/212/231 152/150/272 154/152/274
s 1
f 5/242/9 4/239/7 155/250/275 153/248/273
s 7
f 98/214/235 97/213/233 154/152/274 156/154/276
s 1
f 4/7/7 3/5/5 157/25/277 155/26/275
s 7
f 99/215/237 98/214/235 156/154/276 158/156/278
s 1
f 3/5/5 2/2/2 159/27/279 157/25/277
s 7
f 100/216/239 99/215/237 158/156/278 160/158/280
s 1
f 2/2/2 1/1/1 122/20/242 159/27/279
s 7
f 82/159/201 100/216/239 160/158/280 124/122/243
s 1
f 21/4/4 22/3/3 162/28/281 161/217/282
s 5
f 42/180/122 41/179/121 164/80/283 163/79/284
s 1
f 22/3/3 23/6/6 165/218/285 162/28/281
s 5
f 43/181/125 42/180/122 163/79/284 166/82/286
s 1
f 23/6/6 24/8/8 167/220/287 165/218/285
s 5
f 44/182/127 43/181/125 166/82/286 168/84/288
s 1
f 24/244/8 25/243/10 169/251/289 167/254/287
s 5
f 45/183/129 44/182/127 168/84/288 170/86/290
s 1
f 25/243/10 26/246/12 171/255/291 169/251/289
s 5
f 46/184/131 45/183/129 170/86/290 172/88/292
s 1
f 26/32/12 27/31/14 173/56/293 171/227/291
s 5
f 47/185/133 46/184/131 172/88/292 174/90/294
s 1
f 27/31/14 28/34/16 175/232/295 173/56/293
s 5
f 48/186/135 47/185/133 174/90/294 176/92/296
s 1
f 28/34/16 29/36/18 177/233/297 175/232/295
s 5
f 49/187/137 48/186/135 176/92/296 178/94/298
s 1
f 29/36/18 30/38/20 179/236/299 177/233/297
s 5
f 50/188/139 49/187/137 178/94/298 180/96/300
s 1
f 30/38/20 31/40/22 181/237/301 179/236/299
s 5
f 51/189/141 50/188/139 180/96/300 182/98/302
s 1
f 31/40/22 32/42/24 183/238/303 181/237/301
s 5
f 52/190/143 51/189/141 182/98/302 184/162/304
s 1
f 32/42/24 33/44/26 185/240/305 183/238/303
s 5
f 53/191/145 52/190/143 184/162/304 186/164/306
s 1
f 33/44/26 34/46/28 187/241/307 185/240/305
s 5
f 54/192/147 53/191/145 186/164/306 188/166/308
s 1
f 34/224/28 35/223/30 189/231/309 187/234/307
s 5
f 55/193/149 54/192/147 188/166/308 190/168/310
s 1
f 35/223/30 36/226/32 191/235/311 189/231/309
s 5
f 56/194/151 55/193/149 190/168/310 192/170/312
s 1
f 36/12/32 37/11/34 193/221/313 191/247/311
s 5
f 57/195/153 56/194/151 192/170/312 194/172/314
s 1
f 37/11/34 38/14/36 195/252/315 193/221/313
s 5
f 58/196/155 57/195/153 194/172/314 196/174/316
s 1
f 38/14/36 39/16/38 197/253/317 195/252/315
s 5
f 59/197/157 58/196/155 196/174/316 198/176/318
s 1
f 39/16/38 40/18/40 199/256/319 197/253/317
s 5
f 60/198/159 59/197/157 198/176/318 200/178/320
s 1
f 40/18/40 21/4/4 161/217/282 199/256/319
s 5
f 41/179/121 60/198/159 200/178/320 164/80/283
s 8
usemtl phong1SG
f 201/257/321 1398/258/322 1399/259/323 662/260/324
s 9
f 203/261/325 1530/262/326 1531/263/327 302/264/328
s 10
f 2056/265/329 2057/266/330 1396/267/331 219/268/332
s 11
usemtl blinn2SG
f 415/269/333 416/270/334 833/271/335 419/272/336
s 12
usemtl phong1SG
f 1272/273/337 1273/274/338 1274/275/339 1275/276/340
s 13
usemtl blinn2SG
f 1952/277/341 1953/278/342 1308/279/343 1309/280/344
s 11
f 420/281/345 421/282/346 577/283/347 578/284/348
s 15
f 492/285/349 1525/286/350 1940/287/351 1941/288/352
s 16
usemtl phong1SG
f 287/289/353 265/290/354 276/291/355 286/292/356
s 15
usemtl blinn2SG
f 1920/293/357 1921/294/358 497/295/359 517/296/360
s 9
usemtl phong1SG
f 520/297/361 521/298/362 298/299/363 243/300/364
s 19
f 1986/301/365 1987/302/366 290/303/367 291/304/368
s 20
f 1042/305/369 1043/306/370 1044/307/371 1045/308/372
s 15
usemtl blinn2SG
f 1929/309/373 1930/310/374 498/311/375 500/312/376
s 9
usemtl phong1SG
f 444/313/377 301/314/378 212/315/379 443/316/380
s 23
f 1989/317/381 1990/318/382 308/319/383 451/320/384
s 24
f 1098/321/385 1099/322/386 1100/323/387 1101/324/388
s 15
usemtl blinn2SG
f 1930/310/374 1931/325/389 493/326/390 498/311/375
s 9
usemtl phong1SG
f 301/314/378 1792/2200/391 212/315/379
f 1792/2200/391 215/327/392 212/315/379
s 23
f 2043/328/393 2045/329/394 1990/318/382
f 307/331/395 308/319/383 2042/330/396
f 2042/330/396 308/319/383 2045/329/394
f 1990/318/382 2045/329/394 308/319/383
s 13
usemtl blinn2SG
f 1308/279/343 1310/332/397 1311/333/398 1309/280/344
s 15
f 502/334/399 1524/335/400 1525/286/350 492/285/349
f 498/311/375 493/326/390 503/336/401 504/337/402
f 500/312/376 498/311/375 504/337/402 505/338/403
s 11
f 569/339/404 570/340/405 421/282/346 420/281/345
s 8
usemtl phong1SG
f 1397/341/406 2052/342/407 2048/343/408 226/344/409
s 27
f 223/345/410 2053/346/411 2054/347/412 225/348/413
s 28
f 1977/349/414 1978/350/415 294/351/416 295/352/417
s 16
f 267/353/418 264/354/419 266/355/420 268/356/421
s 20
f 1045/308/372 1044/307/371 1046/357/422 1047/358/423
s 24
f 1101/324/388 1100/323/387 1102/359/424 1103/360/425
s 10
f 2055/361/426 2056/265/329 219/268/332 224/362/427
s 8
f 225/363/428 226/344/409 2048/343/408 223/364/429
s 27
f 225/348/413 2054/347/412 2055/365/430 224/366/431
s 8
f 219/367/432 226/344/409 225/363/428 224/368/433
f 1396/369/434 1397/341/406 226/344/409 219/367/432
s 24
f 1103/360/425 1102/359/424 1104/370/435 1105/371/436
s 20
f 1047/358/423 1046/357/422 1048/372/437 1049/373/438
s 29
f 728/374/439 729/375/440 560/376/441 561/377/442
s 28
f 1978/350/415 1979/378/443 293/379/444 294/351/416
s 30
f 1976/380/445 1977/349/446 295/352/447 296/381/448
s 31
f 202/382/449 230/383/450 232/384/451 231/385/452
f 230/383/450 221/386/453 233/387/454 232/384/451
s 19
f 1979/388/455 1980/389/456 292/390/457 293/391/458
s 16
f 272/392/459 271/393/460 270/394/461 273/395/462
f 274/396/463 272/392/459 273/395/462 275/397/464
s 9
f 299/398/465 300/399/466 209/400/467 238/401/468
s 15
usemtl blinn2SG
f 1927/402/469 1928/403/470 507/404/471 509/405/472
f 511/406/473 512/407/474 509/405/472 507/404/471
s 9
usemtl phong1SG
f 776/408/475 777/409/476 299/398/465 238/401/468
s 15
usemtl blinn2SG
f 771/410/477 1926/411/478 1927/402/469 509/405/472
f 512/407/474 770/412/479 771/410/477 509/405/472
s 29
usemtl phong1SG
f 729/375/440 730/413/480 559/414/481 560/376/441
f 556/415/482 907/416/483 908/417/484 732/418/485
s 8
f 816/419/486 899/420/487 900/421/488 239/422/489
f 208/423/490 893/424/491 894/425/492 234/426/493
f 256/427/494 255/428/495 207/429/496 229/430/497
f 257/431/498 256/427/494 229/430/497 220/432/499
s 19
f 1985/433/500 1986/301/365 291/304/368 532/434/501
s 16
f 288/435/502 267/353/418 268/356/421 289/436/503
s 40
f 252/437/504 253/438/505 265/290/506 264/354/507
f 251/439/508 252/437/504 264/354/507 267/353/509
s 41
f 240/440/510 241/441/511 268/356/512 266/355/513
s 42
f 254/442/514 255/428/515 270/394/516 269/443/517
s 43
f 236/444/518 235/445/519 271/393/520 272/392/521
s 42
f 255/428/515 256/427/522 273/395/523 270/394/516
s 43
f 237/446/524 236/444/518 272/392/521 274/396/525
s 42
f 256/427/522 257/431/526 275/397/527 273/395/523
s off
f 257/431/528 237/446/529 274/396/530 275/397/531
s 40
f 253/438/505 258/447/532 276/291/533 265/290/506
f 258/447/532 259/448/534 277/449/535 276/291/533
f 259/448/534 260/450/536 278/451/537 277/449/535
f 260/450/536 261/452/538 279/453/539 278/451/537
f 261/452/538 262/454/540 280/455/541 279/453/539
s 42
f 262/454/542 254/442/514 269/443/517 280/455/543
s 43
f 235/445/519 244/456/544 281/457/545 271/393/520
f 244/456/544 245/458/546 282/459/547 281/457/545
s 41
f 245/458/548 246/460/549 283/461/550 282/459/551
f 246/460/549 247/462/552 284/463/553 283/461/550
f 247/462/552 248/464/554 285/465/555 284/463/553
f 248/464/554 249/466/556 286/292/557 285/465/555
f 249/466/556 250/467/558 287/289/559 286/292/557
f 250/467/558 240/440/510 266/355/513 287/289/559
s 40
f 263/468/560 251/439/508 267/353/509 288/435/561
s 41
f 241/441/511 242/469/562 289/436/563 268/356/512
s 19
f 242/469/564 263/468/565 288/435/566 289/436/567
s 16
f 285/465/568 277/449/569 278/451/570 284/463/571
f 271/393/460 281/457/572 269/443/573 270/394/461
f 286/292/356 276/291/355 277/449/569 285/465/568
f 266/355/420 264/354/419 265/290/354 287/289/353
f 279/453/574 283/461/575 284/463/571 278/451/570
f 282/459/576 280/455/577 269/443/573 281/457/572
f 279/453/574 280/455/577 282/459/576 283/461/575
s 11
usemtl blinn2SG
f 833/271/335 426/470/578 427/471/579 419/272/336
f 428/472/580 576/473/581 577/283/347 421/282/346
s 45
usemtl phong1SG
f 387/474/582 386/475/583 376/476/584 365/477/585
s 46
usemtl blinn2SG
f 1152/478/586 1153/479/587 1154/480/588 1155/481/589
s 9
usemtl phong1SG
f 521/298/362 522/482/590 343/483/591 298/299/363
s 19
f 290/303/367 1995/484/592 1996/485/593 291/304/368
s 47
f 664/486/594 665/487/595 448/488/596 316/489/597
s 46
usemtl blinn2SG
f 1156/490/598 1157/491/599 1158/492/600 1159/493/601
s 9
usemtl phong1SG
f 444/313/377 445/494/602 318/495/603 301/314/378
s 23
f 1992/496/604 1993/497/605 451/320/384 308/319/383
s 47
f 663/498/606 664/486/594 316/489/597 319/499/607
s 46
usemtl blinn2SG
f 1150/500/608 1156/490/598 1159/493/601 1151/501/609
s 9
usemtl phong1SG
f 301/314/378 318/495/603 321/502/610 1792/2200/391
s 23
f 1991/503/611 1992/496/604 308/319/383 307/331/395
s 46
usemtl blinn2SG
f 1159/493/601 1161/504/612 1160/505/613 1151/501/609
f 1158/492/600 1162/506/614 1161/504/612 1159/493/601
f 1154/480/588 1163/507/615 1164/508/616 1155/481/589
s 11
f 570/340/405 456/509/617 428/472/580 421/282/346
s 28
usemtl phong1SG
f 2004/510/618 2005/511/619 295/352/417 294/351/416
s 45
f 367/512/620 368/513/621 366/514/622 364/515/623
s 47
f 448/488/596 449/516/624 328/517/625 316/489/597
f 316/489/597 328/517/625 327/518/626 319/499/607
f 328/517/625 326/519/627 323/520/628 327/518/626
f 449/516/624 450/521/629 326/519/627 328/517/625
f 530/522/630 531/523/631 363/524/632 351/525/633
s 28
f 293/379/444 2003/526/634 2004/510/618 294/351/416
s 30
f 296/381/448 295/352/447 2005/511/635 2006/527/636
s 47
f 310/528/637 331/529/638 332/530/639 330/531/640
f 330/531/640 332/530/639 333/532/641 325/533/642
s 19
f 292/390/457 2002/534/643 2003/535/644 293/391/458
s 45
f 372/536/645 373/537/646 370/538/647 371/539/648
f 374/540/649 375/541/650 373/537/646 372/536/645
s 9
f 299/398/465 338/542/651 315/543/652 300/399/466
s 46
usemtl blinn2SG
f 1165/544/653 1166/545/654 1167/546/655 1168/547/656
f 1169/548/657 1170/549/658 1168/547/656 1167/546/655
s 9
usemtl phong1SG
f 777/409/476 778/550/659 338/542/651 299/398/465
s 46
usemtl blinn2SG
f 1166/545/654 1171/551/660 1172/552/661 1167/546/655
f 1172/552/661 1173/553/662 1169/548/657 1167/546/655
s 47
usemtl phong1SG
f 529/554/663 530/522/630 351/525/633 352/555/664
f 339/556/665 525/557/666 877/558/667 878/559/668
f 334/560/669 781/561/670 883/562/671 884/563/672
f 666/564/673 354/565/674 355/566/675 313/567/676
f 356/568/677 329/569/678 313/567/676 355/566/675
f 357/570/679 324/571/680 329/569/678 356/568/677
s 19
f 291/304/368 1996/485/593 1997/572/681 532/434/501
s 45
f 388/573/682 389/574/683 368/513/621 367/512/620
s 57
f 352/555/684 364/515/685 365/477/686 353/575/687
f 351/525/688 367/512/689 364/515/685 352/555/684
s 58
f 340/576/690 366/514/691 368/513/692 341/577/693
s 59
f 354/565/694 369/578/695 370/538/696 355/566/697
s 60
f 336/579/698 372/536/699 371/539/700 335/580/701
s 59
f 355/566/697 370/538/696 373/537/702 356/568/703
s 60
f 337/581/704 374/540/705 372/536/699 336/579/698
s 59
f 356/568/703 373/537/702 375/541/706 357/570/707
s off
f 357/570/708 375/541/709 374/540/710 337/581/711
s 57
f 353/575/687 365/477/686 376/476/712 358/582/713
f 358/582/713 376/476/712 377/583/714 359/584/715
f 359/584/715 377/583/714 378/585/716 360/586/717
f 360/586/717 378/585/716 379/587/718 361/588/719
f 361/588/719 379/587/718 380/589/720 362/590/721
s 59
f 362/590/722 380/589/723 369/578/695 354/565/694
s 60
f 335/580/701 371/539/700 381/591/724 344/592/725
f 344/592/725 381/591/724 382/593/726 345/594/727
s 58
f 345/594/728 382/593/729 383/595/730 346/596/731
f 346/596/731 383/595/730 384/597/732 347/598/733
f 347/598/733 384/597/732 385/599/734 348/600/735
f 348/600/735 385/599/734 386/475/736 349/601/737
f 349/601/737 386/475/736 387/474/738 350/602/739
f 350/602/739 387/474/738 366/514/691 340/576/690
s 57
f 363/524/740 388/573/741 367/512/689 351/525/688
s 58
f 341/577/693 368/513/692 389/574/742 342/603/743
s 19
f 342/603/744 389/574/745 388/573/746 363/524/747
s 45
f 385/599/748 384/597/749 378/585/750 377/583/751
f 371/539/648 370/538/647 369/578/752 381/591/753
f 386/475/583 385/599/748 377/583/751 376/476/584
f 366/514/622 387/474/582 365/477/585 364/515/623
f 379/587/754 378/585/750 384/597/749 383/595/755
f 382/593/756 381/591/753 369/578/752 380/589/757
f 379/587/754 383/595/755 382/593/756 380/589/757
s 63
f 1975/604/758 1976/380/759 296/381/760 711/605/761
f 296/381/760 2006/527/762 2007/606/763 711/605/761
f 206/607/764 394/608/765 393/609/766
s 65
usemtl blinn2SG
f 1013/610/767 1014/611/768 1015/612/769 1016/613/770
s 66
f 1019/614/771 1020/615/772 1021/616/773 1022/617/774
s 63
usemtl phong1SG
f 312/618/775 399/619/776 398/620/777 913/621/778
f 394/608/765 396/622/779 402/623/780 401/624/781
f 396/622/779 395/625/782 403/626/783 402/623/780
f 395/625/782 391/627/784 404/628/785 403/626/783
f 297/629/786 204/630/787 407/631/788 406/632/789
f 579/633/790 580/634/791 217/635/792 405/636/793
f 393/609/766 394/608/765 401/624/781 408/637/794
f 217/635/792 566/638/795 568/639/796 405/636/793
f 391/627/784 397/640/797 409/641/798 404/628/785
f 397/640/797 400/642/799 410/643/800 409/641/798
f 400/642/799 398/620/777 411/644/801 410/643/800
f 322/645/802 574/646/803 575/647/804 412/648/805
f 311/649/806 297/629/786 406/632/789 413/650/807
f 398/620/777 399/619/776 414/651/808 411/644/801
s 71
f 938/652/809 939/653/810 940/654/811 941/655/812
s 72
f 401/624/813 402/623/814 416/270/815 415/269/816
f 402/623/814 403/626/817 417/656/818 416/270/815
s 73
f 403/626/819 404/628/820 418/657/821 417/656/822
s 74
f 406/632/823 407/631/824 423/658/825 422/659/826
s 75
f 578/284/827 579/633/828 405/636/829 420/281/830
s 72
f 408/637/831 401/624/813 415/269/816 424/660/832
s 75
f 405/636/829 568/639/833 569/339/834 420/281/830
s 73
f 404/628/820 409/641/835 425/661/836 418/657/821
s 76
f 409/641/837 410/643/838 426/470/839 425/661/840
f 410/643/838 411/644/841 427/471/842 426/470/839
s 77
f 412/648/843 575/647/844 576/473/845 428/472/846
s 74
f 413/650/847 406/632/823 422/659/826 429/662/848
s 76
f 411/644/841 414/651/849 430/663/850 427/471/842
s 77
f 456/509/851 457/664/852 412/648/843 428/472/846
s 47
f 780/665/853 781/561/670 334/560/669 432/666/854
f 334/560/669 314/667/855 433/668/856 432/666/854
f 434/669/857 446/670/858 447/671/859 317/672/860
f 435/673/861 434/669/857 317/672/860 320/674/862
s 12
f 1282/675/863 1280/676/864 1281/677/865 1283/678/866
s 8
f 205/679/867 1519/680/868 1520/681/869 436/682/870
f 438/683/871 437/684/872 214/685/873 211/686/874
f 455/687/875 442/688/876 438/683/871 211/686/874
f 234/426/493 440/689/877 439/690/878 208/423/490
f 765/691/879 766/692/880 440/689/877 234/426/493
s 47
f 431/693/881 524/694/882 525/557/666 339/556/665
s 8
f 513/695/883 514/696/884 441/697/885 239/422/489
s 15
usemtl blinn2SG
f 507/404/471 500/312/376 505/338/403 511/406/473
f 1928/403/470 1929/309/373 500/312/376 507/404/471
s 9
usemtl phong1SG
f 300/399/466 444/313/377 443/316/380 209/400/467
f 300/399/466 315/543/652 445/494/602 444/313/377
s 46
usemtl blinn2SG
f 1158/492/600 1157/491/599 1165/544/653 1168/547/656
f 1168/547/656 1170/549/658 1162/506/614 1158/492/600
s 47
usemtl phong1SG
f 447/671/859 446/670/858 433/668/856 314/667/855
f 448/488/596 665/487/595 666/564/673 313/567/676
f 313/567/676 329/569/678 449/516/624 448/488/596
f 329/569/678 324/571/680 450/521/629 449/516/624
s 23
f 451/320/384 1993/497/605 1994/698/886 309/699/887
f 1988/700/888 1989/317/381 451/320/384 309/699/887
s 83
f 1071/701/889 1070/702/890 1072/703/891 1073/704/892
f 1075/705/893 1074/706/894 1070/702/890 1071/701/889
f 1076/707/895 1077/708/896 1074/706/894 1075/705/893
s 8
f 439/690/878 442/688/876 455/687/875 208/423/490
s 77
f 414/651/897 457/664/852 456/509/851 430/663/898
s 63
f 399/619/776 458/709/899 457/664/900 414/651/808
s 47
f 459/710/901 523/711/902 524/694/882 431/693/881
f 779/712/903 780/665/853 432/666/854 460/713/904
f 432/666/854 433/668/856 461/714/905 460/713/904
f 462/715/906 461/714/905 433/668/856 446/670/858
f 463/716/907 462/715/906 446/670/858 434/669/857
f 464/717/908 463/716/907 434/669/857 435/673/861
s 13
usemtl blinn2SG
f 1311/333/398 1310/332/397 1312/718/909 1313/719/910
s 8
usemtl phong1SG
f 436/682/870 1520/681/869 1521/720/911 465/721/912
f 467/722/913 466/723/914 437/684/872 438/683/871
f 468/724/915 467/722/913 438/683/871 442/688/876
f 469/725/916 468/724/915 442/688/876 439/690/878
f 440/689/877 470/726/917 469/725/916 439/690/878
f 766/692/880 767/727/918 470/726/917 440/689/877
f 514/696/884 515/728/919 471/729/920 441/697/885
s 63
f 473/730/921 472/731/922 393/609/766 408/637/794
s 75
f 474/732/923 473/730/924 408/637/925 424/660/926
s 8
f 1529/733/927 1530/734/928 203/735/929 696/736/930
f 694/737/931 1943/738/932 1944/739/933 216/740/934
s 86
f 479/741/935 737/742/936 738/743/937 581/744/938
s 8
f 702/745/939 703/746/940 520/747/941 243/748/942
f 443/749/943 212/750/944 698/751/945 699/752/946
f 212/750/944 215/753/947 697/754/948 698/751/945
f 465/721/912 1521/720/911 1522/755/949 693/756/950
f 216/740/934 465/721/912 693/756/950 694/737/931
f 466/723/914 467/722/913 691/757/951 692/758/952
f 467/722/913 468/724/915 690/759/953 691/757/951
f 238/760/954 209/761/955 700/762/956 701/763/957
f 469/725/916 470/726/917 688/764/958 689/765/959
f 775/766/960 776/767/961 238/760/954 701/763/957
f 470/726/917 767/727/918 768/768/962 688/764/958
f 468/724/915 469/725/916 689/765/959 690/759/953
f 209/761/955 443/749/943 699/752/946 700/762/956
s 89
f 1527/769/963 1528/770/964 477/771/965 495/772/966
s 90
f 1941/288/967 1942/773/968 475/774/969 492/285/970
s 89
f 518/775/971 519/776/972 478/777/973 496/778/974
f 482/779/975 481/780/976 499/781/977 501/782/978
f 481/780/976 476/783/979 494/784/980 499/781/977
s 93
f 483/785/981 1523/786/982 1524/335/983 502/334/984
s 90
f 475/774/969 483/785/985 502/334/986 492/285/970
s 93
f 484/787/987 485/788/988 504/337/989 503/336/990
f 485/788/988 486/789/991 505/338/992 504/337/989
s 89
f 489/790/993 488/791/994 508/792/995 510/793/996
s 93
f 490/794/997 491/795/998 512/407/999 511/406/1000
s 89
f 773/796/1001 774/797/1002 489/790/993 510/793/996
s 93
f 491/795/998 769/798/1003 770/412/1004 512/407/999
f 486/789/991 490/794/997 511/406/1000 505/338/992
s 89
f 488/791/994 482/779/975 501/782/978 508/792/995
s 96
usemtl blinn2SG
f 611/799/1005 612/800/1006 613/801/1007 614/802/1008
f 612/800/1006 615/803/1009 616/804/1010 613/801/1007
s 97
f 618/805/1011 617/806/1012 619/807/1013 620/808/1014
f 1915/809/1015 1916/810/1016 617/806/1012 618/805/1011
s off
usemtl phong1SG
f 480/811/1017 654/812/1018 655/813/1019 423/814/1020
s 8
f 480/811/1021 739/815/1022 706/816/1023 654/812/1024
s 9
f 297/817/1025 652/818/1026 653/819/1027 204/820/1028
f 297/817/1025 311/821/1029 651/822/1030 652/818/1026
s 47
f 649/823/1031 650/824/1032 574/825/1033 322/826/1034
f 322/826/1034 458/827/1035 648/828/1036 649/823/1031
f 647/829/1037 648/828/1036 458/827/1035 399/830/1038
f 646/831/1039 647/829/1037 399/830/1038 312/832/1040
s 8
f 239/422/489 900/421/488 901/833/1041 513/695/883
f 527/834/1042 526/835/1043 252/437/1044 251/439/1045
f 528/836/1046 527/834/1042 251/439/1045 263/468/1047
s 47
f 529/554/663 707/837/1048 708/838/1049 667/839/1050
f 667/839/1050 668/840/1051 530/522/630 529/554/663
f 668/840/1051 630/841/1052 531/523/631 530/522/630
s 19
f 563/842/1053 2000/843/1054 2001/844/1055 726/845/1056
f 726/845/1056 1981/846/1057 1982/847/1058 563/842/1053
s 103
f 1919/848/1059 1920/293/1060 517/296/1061 553/849/1062
s 104
f 423/814/1063 655/813/1064 656/850/1065 555/851/1066
s 63
f 221/386/1067 230/383/1068 539/852/1069 541/853/1070
f 230/383/1068 202/382/1071 543/854/1072 539/852/1069
f 202/382/1071 712/855/1073 713/856/1074 543/854/1072
f 909/857/1075 910/858/1076 206/607/764 546/859/1077
f 206/607/764 393/609/766 548/860/1078 546/859/1077
f 393/609/766 472/731/922 550/861/1079 548/860/1078
s 8
f 515/728/919 514/696/884 547/862/1080 549/863/1081
s 93
f 506/864/1082 487/865/1083 551/866/1084 552/867/1085
f 686/868/1086 687/869/1087 471/729/1088 515/728/1089
s off
usemtl blinn2SG
f 506/864/1090 552/867/1091 517/296/1092 497/295/1093
usemtl phong1SG
f 514/696/1094 513/695/1095 544/870/1096 547/862/1097
s 108
f 513/695/1098 901/833/1099 902/871/1100 544/870/1101
s off
f 526/835/1102 527/834/1103 538/872/1104 542/873/1105
f 527/834/1106 528/836/1107 540/874/1108 538/872/1109
s 109
f 727/875/1110 728/374/1111 561/377/1112 562/876/1113
s 103
f 517/296/1061 552/867/1114 551/866/1115 553/849/1062
f 553/849/1062 551/866/1115 516/877/1116 533/878/1117
f 1918/879/1118 1919/848/1059 553/849/1062 533/878/1117
s 104
f 555/851/1066 656/850/1065 657/880/1119 537/881/1120
s 110
f 479/882/1121 1912/883/1122 1913/884/1123 534/885/1124
s 29
f 556/415/482 732/418/485 733/886/1125 557/887/1126
f 733/886/1125 734/888/1127 558/889/1128 557/887/1126
s 96
usemtl blinn2SG
f 624/890/1129 623/891/1130 625/892/1131 626/893/1132
s 112
usemtl phong1SG
f 540/874/1133 627/894/1134 610/895/1135 538/872/1136
s 109
f 628/896/1137 633/897/1138 634/898/1139 627/894/1140
s 19
f 1984/899/1141 1985/433/500 532/434/501 629/900/1142
f 532/434/501 1997/572/681 1998/901/1143 629/900/1142
s 96
usemtl blinn2SG
f 614/802/1008 904/902/1144 905/903/1145 611/799/1005
s 8
usemtl phong1SG
f 515/728/919 549/863/1081 516/877/1146 686/868/1147
s 96
usemtl blinn2SG
f 616/804/1010 615/803/1009 683/904/1148 684/905/1149
s 29
usemtl phong1SG
f 834/906/1150 835/907/1151 735/908/1152 535/909/1153
s 113
f 479/741/1154 581/744/1155 582/910/1156 1912/911/1157
s 63
f 836/912/1158 837/913/1159 566/638/1160 565/914/1161
s 114
f 736/915/1162 737/916/1163 479/882/1164 534/885/1165
s 29
f 735/908/1152 736/917/1166 534/918/1167 535/909/1153
s 63
f 568/639/796 566/638/795 472/731/922 473/730/921
s 75
f 569/339/834 568/639/833 473/730/924 474/732/923
s 11
usemtl blinn2SG
f 474/732/1168 419/272/336 570/340/405 569/339/404
f 419/272/336 456/509/617 570/340/405
s off
usemtl phong1SG
f 567/919/1169 565/914/1170 566/638/1171 217/635/1172
s 112
f 547/862/1173 544/870/1174 598/920/1175 597/921/1176
f 549/863/1177 547/862/1173 597/921/1176 600/922/1178
f 533/878/1179 516/877/1180 603/923/1181 601/924/1182
f 1917/925/1183 1918/879/1184 533/878/1179 601/924/1182
s 117
f 537/881/1185 657/880/1186 605/926/1187 583/927/1188
s 29
f 560/376/441 559/414/481 607/928/1189 608/929/1190
f 906/930/1191 907/416/483 556/415/482 595/931/1192
s 112
f 685/932/1193 516/877/1180 549/863/1177 600/922/1178
s 118
f 302/933/1194 572/934/1195 571/935/1196 203/936/1197
s 46
usemtl blinn2SG
f 1174/937/1198 1175/938/1199 1156/490/598 1150/500/608
f 1175/938/1199 1176/939/1200 1157/491/599 1156/490/598
f 1165/544/653 1157/491/599 1176/939/1200 1177/940/1201
f 1177/940/1201 1178/941/1202 1166/545/654 1165/544/653
f 1178/941/1202 1179/942/1203 1171/551/660 1166/545/654
f 1180/943/1204 1181/944/1205 1153/479/587 1152/478/586
s 47
usemtl phong1SG
f 574/825/1033 650/824/1032 651/945/1206 311/946/1207
s 63
f 575/647/804 574/646/803 311/649/806 413/650/807
s 77
f 576/473/845 575/647/844 413/650/1208 429/662/1209
s 11
usemtl blinn2SG
f 577/283/347 576/473/581 429/662/1210 422/659/1211
f 578/284/348 577/283/347 422/659/1211 423/658/1212
s 75
usemtl phong1SG
f 407/631/1213 579/633/828 578/284/827 423/658/1214
s 63
f 204/630/787 580/634/791 579/633/790 407/631/788
s 86
f 581/744/938 738/743/937 739/947/1215 480/948/1216
s 113
f 582/910/1156 581/744/1155 480/948/1217 555/949/1218
s 110
f 583/950/1219 582/951/1220 555/952/1221 537/953/1222
s 103
f 554/954/1223 585/955/1224 584/956/1225 536/957/1226
f 518/775/1227 586/958/1228 585/955/1224 554/954/1223
s 15
f 496/778/1229 587/959/1230 586/958/1231 518/775/1232
usemtl blinn2SG
f 510/793/1233 588/960/1234 772/961/1235 773/796/1236
f 508/792/1237 589/962/1238 588/960/1234 510/793/1233
f 501/782/1239 590/963/1240 589/962/1238 508/792/1237
f 499/781/1241 591/964/1242 590/963/1240 501/782/1239
f 494/784/1243 592/965/1244 591/964/1242 499/781/1241
f 593/966/1245 1526/967/1246 1527/769/1247 495/772/1248
s 90
usemtl phong1SG
f 477/771/1249 594/968/1250 593/966/1251 495/772/1252
s 8
f 203/735/929 571/969/1253 695/970/1254 696/736/930
s 29
f 557/887/1126 596/971/1255 595/931/1192 556/415/482
f 558/889/1128 599/972/1256 596/971/1255 557/887/1126
f 534/918/1167 602/973/1257 604/974/1258 535/909/1153
f 1913/975/1259 1914/976/1260 602/973/1257 534/918/1167
s 112
f 610/895/1135 609/977/1261 542/873/1262 538/872/1136
f 902/871/1263 903/978/1264 598/920/1175 544/870/1174
s 29
f 535/909/1153 604/974/1258 682/979/1265 834/906/1150
s 122
f 595/931/1266 596/971/1267 612/800/1268 611/799/1269
s 123
f 597/921/1270 598/920/1271 614/802/1272 613/801/1273
s 122
f 596/971/1267 599/972/1274 615/803/1275 612/800/1268
s 123
f 600/922/1276 597/921/1270 613/801/1273 616/804/1277
f 601/924/1278 603/923/1279 619/807/1280 617/806/1281
s 122
f 604/974/1282 602/973/1283 618/805/1284 620/808/1285
s off
f 605/926/1286 606/980/1287 622/981/1288 621/982/1289
s 123
f 1916/810/1290 1917/925/1291 601/924/1278 617/806/1281
s 122
f 602/973/1283 1914/976/1292 1915/809/1293 618/805/1284
f 608/929/1294 607/928/1295 623/891/1296 624/890/1297
s 123
f 609/977/1298 610/895/1299 626/893/1300 625/892/1301
s off
f 610/895/1302 608/929/1303 624/890/1304 626/893/1305
s 123
f 598/920/1271 903/978/1306 904/902/1307 614/802/1272
s 122
f 905/903/1308 906/930/1309 595/931/1266 611/799/1269
f 599/972/1274 682/979/1310 683/904/1311 615/803/1275
s 123
f 684/905/1312 685/932/1313 600/922/1276 616/804/1277
s 29
f 561/377/442 560/376/441 608/929/1190 634/898/1314
s 19
f 629/900/1142 1998/901/1143 1999/983/1315 632/984/1316
f 632/984/1316 1983/985/1317 1984/899/1141 629/900/1142
s 109
f 528/836/1318 628/896/1137 627/894/1140 540/874/1319
s 19
f 1999/983/1315 2000/843/1054 563/842/1053 632/984/1316
f 563/842/1053 1982/847/1058 1983/985/1317 632/984/1316
s 109
f 634/898/1139 633/897/1138 562/876/1113 561/377/1112
s 47
f 525/557/666 524/694/882 636/986/1320 635/987/1321
f 524/694/882 523/711/902 637/988/1322 636/986/1320
s 128
usemtl blinn2SG
f 1229/989/1323 1228/990/1324 1230/991/1325 1231/992/1326
f 1231/992/1326 1232/993/1327 1233/994/1328 1229/989/1323
s 47
usemtl phong1SG
f 639/995/1329 638/996/1330 573/997/1331 522/998/1332
s 9
f 640/999/1333 639/1000/1334 522/482/590 521/298/362
f 641/1001/1335 640/999/1333 521/298/362 520/297/361
s 8
f 703/746/940 704/1002/1336 641/1003/1337 520/747/941
s 89
f 643/1004/1338 642/1005/1339 519/776/972 518/775/971
s 104
f 644/1006/1340 643/1004/1341 518/775/1342 554/954/1343
f 645/1007/1344 644/1006/1340 554/954/1343 536/957/1345
s 117
f 606/980/1346 645/1007/1347 536/957/1348 584/956/1349
s 47
f 673/1008/1350 674/1009/1351 746/1010/1352 747/1011/1353
f 674/1009/1351 675/1012/1354 745/1013/1355 746/1010/1352
f 744/1014/1356 745/1013/1355 675/1012/1354 676/1015/1357
f 676/1015/1357 677/1016/1358 743/1017/1359 744/1014/1356
f 742/1018/1360 743/1017/1359 677/1016/1358 678/1019/1361
s 9
f 741/1020/1362 742/1021/1363 678/1022/1364 679/1023/1365
f 740/1024/1366 741/1020/1362 679/1023/1365 680/1025/1367
s 8
f 705/1026/1368 706/816/1023 740/1027/1369 680/1028/1370
s 104
f 656/850/1065 655/813/1064 643/1004/1341 644/1006/1340
f 657/880/1119 656/850/1065 644/1006/1340 645/1007/1344
s 117
f 605/926/1187 657/880/1186 645/1007/1347 606/980/1346
s 83
f 1079/1029/1371 1078/1030/1372 1080/1031/1373 1081/1032/1374
s 20
f 1051/1033/1375 1050/1034/1376 1052/1035/1377 1053/1036/1378
s 24
f 1107/1037/1379 1106/1038/1380 1108/1039/1381 1109/1040/1382
s 8
f 889/1041/1383 1518/1042/1384 1519/680/868 205/679/867
s 47
f 320/674/862 317/672/860 887/1043/1385 888/1044/1386
f 317/672/860 447/671/859 886/1045/1387 887/1043/1385
f 885/1046/1388 886/1045/1387 447/671/859 314/667/855
s 8
f 254/442/1389 658/1047/1390 207/429/496 255/428/495
s 47
f 747/1011/1353 874/1048/1391 875/1049/1392 673/1008/1350
f 669/1050/1393 670/1051/1394 671/1052/1395 672/1053/1396
f 670/1051/1394 564/1054/1397 631/1055/1398 671/1052/1395
f 723/1056/1399 724/1057/1400 670/1051/1394 669/1050/1393
f 724/1057/1400 725/1058/1401 564/1054/1397 670/1051/1394
f 671/1052/1395 631/1055/1398 630/841/1052 668/840/1051
f 672/1053/1396 671/1052/1395 668/840/1051 667/839/1050
f 667/839/1050 708/838/1049 709/1059/1402 672/1053/1396
f 635/987/1321 636/986/1320 674/1009/1351 673/1008/1350
f 636/986/1320 637/988/1322 675/1012/1354 674/1009/1351
s 128
usemtl blinn2SG
f 1235/1060/1403 1234/1061/1404 1228/990/1324 1229/989/1323
f 1229/989/1323 1233/994/1328 1236/1062/1405 1235/1060/1403
s 47
usemtl phong1SG
f 678/1019/1361 677/1016/1358 638/996/1330 639/995/1329
s 9
f 679/1023/1365 678/1022/1364 639/1000/1334 640/999/1333
f 680/1025/1367 679/1023/1365 640/999/1333 641/1001/1335
s 8
f 704/1002/1336 705/1026/1368 680/1028/1370 641/1003/1337
s 122
f 683/904/1311 682/979/1310 604/974/1282 620/808/1285
s 96
usemtl blinn2SG
f 684/905/1149 683/904/1148 620/808/1406 619/807/1407
s 123
usemtl phong1SG
f 603/923/1279 685/932/1313 684/905/1312 619/807/1280
s 112
f 516/877/1180 685/932/1193 603/923/1181
s 8
f 686/868/1147 516/877/1146 551/866/1408
s 93
f 551/866/1084 487/865/1083 687/869/1087 686/868/1086
s 8
f 688/764/958 768/768/962 769/798/1409 491/795/1410
f 689/765/959 688/764/958 491/795/1410 490/794/1411
f 690/759/953 689/765/959 490/794/1411 486/789/1412
f 691/757/951 690/759/953 486/789/1412 485/788/1413
f 692/758/952 691/757/951 485/788/1413 484/787/1414
f 693/756/950 1522/755/949 1523/786/1415 483/785/1416
f 694/737/931 693/756/950 483/785/1416 475/774/1417
f 1942/773/1418 1943/738/932 694/737/931 475/774/1417
f 696/736/930 695/970/1254 594/968/1419 477/771/1420
f 1528/770/1421 1529/733/927 696/736/930 477/771/1420
f 698/751/945 697/754/948 476/783/1422 481/780/1423
f 699/752/946 698/751/945 481/780/1423 482/779/1424
f 700/762/956 699/752/946 482/779/1424 488/791/1425
f 701/763/957 700/762/956 488/791/1425 489/790/1426
f 774/797/1427 775/766/960 701/763/957 489/790/1426
f 519/776/1428 703/746/940 702/745/939 478/777/1429
f 642/1005/1430 704/1002/1336 703/746/940 519/776/1428
f 681/1063/1431 705/1026/1368 704/1002/1336 642/1005/1430
f 654/812/1024 706/816/1023 705/1026/1368 681/1063/1431
s 47
f 876/1064/1432 877/558/667 525/557/666 635/987/1321
f 875/1049/1392 876/1064/1432 635/987/1321 673/1008/1350
f 353/575/1433 707/837/1048 529/554/663 352/555/664
s 63
f 2007/606/763 397/640/797 391/627/784 711/605/761
s 47
f 672/1053/1396 709/1059/1402 722/1065/1434 669/1050/1393
s 63
f 1975/604/758 395/625/782 390/1066/1435 712/855/1073
f 713/856/1074 712/855/1073 390/1066/1435 545/1067/1436
s 108
f 715/1068/1437 714/1069/1438 526/835/1439 542/873/1440
s 112
f 542/873/1262 609/977/1261 716/1070/1441 715/1068/1442
s 123
f 717/1071/1443 716/1070/1444 609/977/1298 625/892/1301
s 96
usemtl blinn2SG
f 718/1072/1445 717/1071/1446 625/892/1131 623/891/1130
s 122
usemtl phong1SG
f 607/928/1295 719/1073/1447 718/1072/1448 623/891/1296
s 29
f 559/414/481 720/1074/1449 719/1073/1450 607/928/1189
f 730/413/480 731/1075/1451 720/1074/1449 559/414/481
s 47
f 710/1076/1452 721/1077/1453 873/1078/1454 392/1079/1455
f 723/1056/1399 721/1077/1453 710/1076/1452 310/528/637
f 310/528/637 330/531/640 724/1057/1400 723/1056/1399
f 330/531/640 325/533/642 725/1058/1401 724/1057/1400
s 19
f 2001/844/1055 2002/534/643 292/390/457 726/845/1056
f 292/390/457 1980/389/456 1981/846/1057 726/845/1056
s 109
f 541/1080/1456 728/374/1111 727/875/1110 221/1081/1457
s 29
f 539/1082/1458 729/375/440 728/374/439 541/1080/1459
f 543/1083/1460 730/413/480 729/375/440 539/1082/1458
f 713/1084/1461 731/1075/1451 730/413/480 543/1083/1460
f 732/418/485 908/417/484 909/1085/1462 546/1086/1463
f 548/1087/1464 733/886/1125 732/418/485 546/1086/1463
f 550/1088/1465 734/888/1127 733/886/1125 548/1087/1464
f 735/908/1152 835/907/1151 836/1089/1466 565/1090/1467
f 736/917/1166 735/908/1152 565/1090/1467 567/1091/1468
s 114
f 737/916/1163 736/915/1162 567/919/1469 217/635/1470
s 86
f 217/1092/1471 580/1093/1472 738/743/937 737/742/936
f 739/947/1215 738/743/937 580/1093/1472 204/820/1473
s 8
f 204/630/1474 653/1094/1475 706/1095/1023 739/1096/1022
f 740/1027/1369 706/816/1023 653/1097/1475
s 9
f 653/819/1027 652/818/1026 741/1020/1362 740/1024/1366
f 652/818/1026 651/822/1030 742/1021/1363 741/1020/1362
s 47
f 651/945/1206 650/824/1032 743/1017/1359 742/1018/1360
f 744/1014/1356 743/1017/1359 650/824/1032 649/823/1031
f 649/823/1031 648/828/1036 745/1013/1355 744/1014/1356
f 746/1010/1352 745/1013/1355 648/828/1036 647/829/1037
f 747/1011/1353 746/1010/1352 647/829/1037 646/831/1039
f 838/1098/1476 873/1078/1454 721/1077/1453 722/1065/1434
f 669/1050/1393 722/1065/1434 721/1077/1453 723/1056/1399
s 8
f 782/1099/1477 783/1100/1478 749/1101/1479 748/1102/1480
f 783/1100/1478 784/1103/1481 750/1104/1482 749/1101/1479
f 751/1105/1483 750/1104/1482 784/1103/1481 785/1106/1484
f 752/1107/1485 751/1105/1483 785/1106/1484 786/1108/1486
s 93
f 753/1109/1487 752/1107/1488 786/1108/1489 787/1110/1490
s 15
usemtl blinn2SG
f 754/1111/1491 753/1109/1492 787/1110/1493 788/1112/1494
f 788/1112/1494 1924/1113/1495 1925/1114/1496 754/1111/1491
f 756/1115/1497 755/1116/1498 789/1117/1499 790/1118/1500
s 89
usemtl phong1SG
f 790/1118/1501 791/1119/1502 757/1120/1503 756/1115/1504
s 8
f 791/1119/1505 792/1121/1506 758/1122/1507 757/1120/1508
f 792/1121/1506 793/1123/1509 759/1124/1510 758/1122/1507
s 9
f 793/1125/1511 794/1126/1512 760/1127/1513 759/1128/1514
f 794/1126/1512 795/1129/1515 761/1130/1516 760/1127/1513
s 46
usemtl blinn2SG
f 1183/1131/1517 1182/1132/1518 1184/1133/1519 1185/1134/1520
f 1186/1135/1521 1183/1131/1517 1185/1134/1520 1187/1136/1522
f 1187/1136/1522 1188/1137/1523 1189/1138/1524 1186/1135/1521
s 47
usemtl phong1SG
f 796/1139/1525 797/1140/1526 763/1141/1527 762/1142/1528
f 797/1140/1526 798/1143/1529 764/1144/1530 763/1141/1527
s 8
f 765/691/879 895/1145/1531 896/1146/1532 748/1102/1480
f 748/1102/1480 749/1101/1479 766/692/880 765/691/879
f 749/1101/1479 750/1104/1482 767/727/918 766/692/880
f 768/768/962 767/727/918 750/1104/1482 751/1105/1483
f 769/798/1409 768/768/962 751/1105/1483 752/1107/1485
s 93
f 770/412/1004 769/798/1003 752/1107/1488 753/1109/1487
s 15
usemtl blinn2SG
f 771/410/477 770/412/479 753/1109/1492 754/1111/1491
f 754/1111/1491 1925/1114/1496 1926/411/478 771/410/477
f 773/796/1236 772/961/1235 755/1116/1498 756/1115/1497
s 89
usemtl phong1SG
f 756/1115/1504 757/1120/1503 774/797/1002 773/796/1001
s 8
f 757/1120/1508 758/1122/1507 775/766/960 774/797/1427
f 758/1122/1507 759/1124/1510 776/767/961 775/766/960
s 9
f 759/1128/1514 760/1127/1513 777/409/476 776/408/475
f 760/1127/1513 761/1130/1516 778/550/659 777/409/476
s 46
usemtl blinn2SG
f 1171/551/660 1179/942/1203 1182/1132/1518 1183/1131/1517
f 1172/552/661 1171/551/660 1183/1131/1517 1186/1135/1521
f 1186/1135/1521 1189/1138/1524 1173/553/662 1172/552/661
s 47
usemtl phong1SG
f 762/1142/1528 763/1141/1527 780/665/853 779/712/903
f 763/1141/1527 764/1144/1530 781/561/670 780/665/853
s 8
f 234/426/493 894/425/492 895/1145/1531 765/691/879
s 47
f 882/1147/1533 883/562/671 781/561/670 764/1144/1530
f 881/1148/1534 882/1147/1533 764/1144/1530 798/1143/1529
f 314/667/855 334/560/669 884/563/672 885/1046/1388
s 8
f 799/1149/1535 800/1150/1536 783/1100/1478 782/1099/1477
f 800/1150/1536 801/1151/1537 784/1103/1481 783/1100/1478
f 785/1106/1484 784/1103/1481 801/1151/1537 802/1152/1538
f 786/1108/1486 785/1106/1484 802/1152/1538 803/1153/1539
s 93
f 787/1110/1490 786/1108/1489 803/1153/1540 804/1154/1541
s 15
usemtl blinn2SG
f 788/1112/1494 787/1110/1493 804/1154/1542 805/1155/1543
f 805/1155/1543 1923/1156/1544 1924/1113/1495 788/1112/1494
f 790/1118/1500 789/1117/1499 806/1157/1545 807/1158/1546
s 89
usemtl phong1SG
f 807/1158/1547 808/1159/1548 791/1119/1502 790/1118/1501
s 8
f 808/1159/1549 809/1160/1550 792/1121/1506 791/1119/1505
f 809/1160/1550 810/1161/1551 793/1123/1509 792/1121/1506
s 9
f 810/1162/1552 811/1163/1553 794/1126/1512 793/1125/1511
f 811/1163/1553 812/1164/1554 795/1129/1515 794/1126/1512
s 46
usemtl blinn2SG
f 1185/1134/1520 1184/1133/1519 1190/1165/1555 1191/1166/1556
f 1187/1136/1522 1185/1134/1520 1191/1166/1556 1192/1167/1557
f 1192/1167/1557 1193/1168/1558 1188/1137/1523 1187/1136/1522
s 47
usemtl phong1SG
f 813/1169/1559 814/1170/1560 797/1140/1526 796/1139/1525
f 814/1170/1560 815/1171/1561 798/1143/1529 797/1140/1526
f 880/1172/1562 881/1148/1534 798/1143/1529 815/1171/1561
s 8
f 816/419/486 817/1173/1563 800/1150/1536 799/1149/1535
f 817/1173/1563 818/1174/1564 801/1151/1537 800/1150/1536
f 802/1152/1538 801/1151/1537 818/1174/1564 819/1175/1565
f 803/1153/1539 802/1152/1538 819/1175/1565 820/1176/1566
s 93
f 804/1154/1541 803/1153/1540 820/1176/1567 821/1177/1568
s 15
usemtl blinn2SG
f 805/1155/1543 804/1154/1542 821/1177/1569 822/1178/1570
f 822/1178/1570 1922/1179/1571 1923/1156/1544 805/1155/1543
f 807/1158/1546 806/1157/1545 823/1180/1572 824/1181/1573
s 89
usemtl phong1SG
f 824/1181/1574 825/1182/1575 808/1159/1548 807/1158/1547
s 8
f 825/1182/1576 826/1183/1577 809/1160/1550 808/1159/1549
f 826/1183/1577 827/1184/1578 810/1161/1551 809/1160/1550
s 9
f 827/1185/1579 828/1186/1580 811/1163/1553 810/1162/1552
f 828/1186/1580 829/1187/1581 812/1164/1554 811/1163/1553
s 46
usemtl blinn2SG
f 1191/1166/1556 1190/1165/1555 1194/1188/1582 1195/1189/1583
f 1192/1167/1557 1191/1166/1556 1195/1189/1583 1196/1190/1584
f 1196/1190/1584 1197/1191/1585 1193/1168/1558 1192/1167/1557
s 47
usemtl phong1SG
f 830/1192/1586 831/1193/1587 814/1170/1560 813/1169/1559
f 831/1193/1587 832/1194/1588 815/1171/1561 814/1170/1560
f 879/1195/1589 880/1172/1562 815/1171/1561 832/1194/1588
s 8
f 239/422/489 441/697/885 817/1173/1563 816/419/486
f 441/697/885 471/729/920 818/1174/1564 817/1173/1563
f 819/1175/1565 818/1174/1564 471/729/920 687/869/1590
f 820/1176/1566 819/1175/1565 687/869/1590 487/865/1591
s 93
f 821/1177/1568 820/1176/1567 487/865/1083 506/864/1082
s 15
usemtl blinn2SG
f 822/1178/1570 821/1177/1569 506/864/1592 497/295/359
f 1921/294/358 1922/1179/1571 822/1178/1570 497/295/359
f 824/1181/1573 823/1180/1572 587/959/1230 496/778/1229
s 89
usemtl phong1SG
f 478/777/973 825/1182/1575 824/1181/1574 496/778/974
s 8
f 702/745/939 826/1183/1577 825/1182/1576 478/777/1429
f 243/748/942 827/1184/1578 826/1183/1577 702/745/939
s 9
f 298/299/363 828/1186/1580 827/1185/1579 243/300/364
f 298/299/363 343/483/591 829/1187/1581 828/1186/1580
s 46
usemtl blinn2SG
f 1195/1189/1583 1194/1188/1582 1180/943/1204 1152/478/586
f 1196/1190/1584 1195/1189/1583 1152/478/586 1155/481/589
f 1164/508/616 1197/1191/1585 1196/1190/1584 1155/481/589
s 47
usemtl phong1SG
f 431/693/881 831/1193/1587 830/1192/1586 459/710/901
f 339/556/665 832/1194/1588 831/1193/1587 431/693/881
f 878/559/668 879/1195/1589 832/1194/1588 339/556/665
s 8
f 748/1102/1480 896/1146/1532 897/1196/1593 782/1099/1477
f 782/1099/1477 897/1196/1593 898/1197/1594 799/1149/1535
f 799/1149/1535 898/1197/1594 899/420/487 816/419/486
s 11
usemtl blinn2SG
f 424/660/1595 415/269/333 419/272/336 474/732/1168
f 427/471/579 430/663/1596 456/509/617 419/272/336
f 833/271/335 416/270/334 417/656/1597 418/657/1598
f 418/657/1598 425/661/1599 426/470/578 833/271/335
s 8
usemtl phong1SG
f 714/1069/1600 253/438/1601 252/437/1044 526/835/1043
s 29
f 558/889/1128 734/888/1127 835/907/1151 834/906/1150
f 836/1089/1466 835/907/1151 734/888/1127 550/1088/1465
s 63
f 550/861/1079 472/731/922 837/913/1159 836/912/1158
s 29
f 834/906/1150 682/979/1265 599/972/1256 558/889/1128
s 47
f 839/1198/1602 838/1098/1476 722/1065/1434 709/1059/1402
f 709/1059/1402 708/838/1049 840/1199/1603 839/1198/1602
f 708/838/1049 707/837/1048 841/1200/1604 840/1199/1603
f 842/1201/1605 841/1200/1604 707/837/1048 353/575/1433
f 358/582/1606 843/1202/1607 842/1201/1605 353/575/1433
f 359/584/1608 844/1203/1609 843/1202/1607 358/582/1606
f 360/586/1610 845/1204/1611 844/1203/1609 359/584/1608
f 361/588/1612 846/1205/1613 845/1204/1611 360/586/1610
f 362/590/1614 847/1206/1615 846/1205/1613 361/588/1612
f 848/1207/1616 847/1206/1615 362/590/1614 354/565/674
f 849/1208/1617 848/1207/1616 354/565/674 666/564/673
f 666/564/673 665/487/595 850/1209/1618 849/1208/1617
f 851/1210/1619 850/1209/1618 665/487/595 664/486/594
f 852/1211/1620 851/1210/1619 664/486/594 663/498/606
s 12
f 1287/1212/1621 1286/1213/1622 1273/274/338 1272/273/337
s 8
f 2031/1214/1623 2032/1215/1624 661/1216/1625 854/1217/1626
s 24
f 1111/1218/1627 1110/1219/1628 1099/322/386 1098/321/385
s 20
f 1055/1220/1629 1054/1221/1630 1043/306/370 1042/305/369
s 83
f 1083/1222/1631 1082/1223/1632 1077/708/896 1076/707/895
s 8
f 858/1224/1633 857/1225/1634 658/1047/1390 254/442/1389
f 859/1226/1635 858/1224/1633 254/442/1389 262/454/1636
f 860/1227/1637 859/1226/1635 262/454/1636 261/452/1638
f 861/1228/1639 860/1227/1637 261/452/1638 260/450/1640
f 862/1229/1641 861/1228/1639 260/450/1640 259/448/1642
f 863/1230/1643 862/1229/1641 259/448/1642 258/447/1644
f 864/1231/1645 863/1230/1643 258/447/1644 253/438/1601
f 865/1232/1646 864/1231/1645 253/438/1601 714/1069/1600
s 108
f 866/1233/1647 865/1232/1648 714/1069/1438 715/1068/1437
s 112
f 715/1068/1442 716/1070/1441 867/1234/1649 866/1233/1650
s 123
f 868/1235/1651 867/1234/1652 716/1070/1444 717/1071/1443
s 96
usemtl blinn2SG
f 869/1236/1653 868/1235/1654 717/1071/1446 718/1072/1445
s 122
usemtl phong1SG
f 718/1072/1448 719/1073/1447 870/1237/1655 869/1236/1656
s 29
f 719/1073/1450 720/1074/1449 871/1238/1657 870/1237/1658
f 872/1239/1659 871/1238/1657 720/1074/1449 731/1075/1451
f 545/1240/1660 872/1239/1659 731/1075/1451 713/1084/1461
s 47
f 646/831/1039 912/1241/1661 874/1048/1391 747/1011/1353
f 911/1242/1662 912/1241/1661 646/831/1039 312/832/1040
f 875/1049/1392 874/1048/1391 838/1098/1476 839/1198/1602
f 839/1198/1602 840/1199/1603 876/1064/1432 875/1049/1392
f 840/1199/1603 841/1200/1604 877/558/667 876/1064/1432
f 878/559/668 877/558/667 841/1200/1604 842/1201/1605
f 842/1201/1605 843/1202/1607 879/1195/1589 878/559/668
f 843/1202/1607 844/1203/1609 880/1172/1562 879/1195/1589
f 844/1203/1609 845/1204/1611 881/1148/1534 880/1172/1562
f 845/1204/1611 846/1205/1613 882/1147/1533 881/1148/1534
f 846/1205/1613 847/1206/1615 883/562/671 882/1147/1533
f 884/563/672 883/562/671 847/1206/1615 848/1207/1616
f 885/1046/1388 884/563/672 848/1207/1616 849/1208/1617
f 849/1208/1617 850/1209/1618 886/1045/1387 885/1046/1388
f 887/1043/1385 886/1045/1387 850/1209/1618 851/1210/1619
f 888/1044/1386 887/1043/1385 851/1210/1619 852/1211/1620
s 8
f 853/1243/1663 1517/1244/1664 1518/1042/1384 889/1041/1383
s 24
f 1108/1039/1381 1106/1038/1380 1110/1219/1628 1111/1218/1627
s 20
f 1052/1035/1377 1050/1034/1376 1054/1221/1630 1055/1220/1629
s 83
f 1080/1031/1373 1078/1030/1372 1082/1223/1632 1083/1222/1631
s 8
f 894/425/492 893/424/491 857/1225/1634 858/1224/1633
f 895/1145/1531 894/425/492 858/1224/1633 859/1226/1635
f 896/1146/1532 895/1145/1531 859/1226/1635 860/1227/1637
f 897/1196/1593 896/1146/1532 860/1227/1637 861/1228/1639
f 898/1197/1594 897/1196/1593 861/1228/1639 862/1229/1641
f 899/420/487 898/1197/1594 862/1229/1641 863/1230/1643
f 900/421/488 899/420/487 863/1230/1643 864/1231/1645
f 901/833/1041 900/421/488 864/1231/1645 865/1232/1646
s 108
f 902/871/1100 901/833/1099 865/1232/1648 866/1233/1647
s 112
f 866/1233/1650 867/1234/1649 903/978/1264 902/871/1263
s 123
f 904/902/1307 903/978/1306 867/1234/1652 868/1235/1651
s 96
usemtl blinn2SG
f 905/903/1145 904/902/1144 868/1235/1654 869/1236/1653
s 122
usemtl phong1SG
f 869/1236/1656 870/1237/1655 906/930/1309 905/903/1308
s 29
f 870/1237/1658 871/1238/1657 907/416/483 906/930/1191
f 908/417/484 907/416/483 871/1238/1657 872/1239/1659
f 909/1085/1462 908/417/484 872/1239/1659 545/1240/1660
s 63
f 390/1066/1435 910/858/1076 909/857/1075 545/1067/1436
s 65
usemtl blinn2SG
f 1017/1245/1665 1018/1246/1666 1014/611/768 1013/610/767
s 66
f 1021/616/773 1020/615/772 1023/1247/1667 1024/1248/1668
s 47
usemtl phong1SG
f 392/1079/1455 873/1078/1454 912/1241/1661 911/1242/1662
f 874/1048/1391 912/1241/1661 873/1078/1454 838/1098/1476
s 66
usemtl blinn2SG
f 1026/1249/1669 1025/1250/1670 1020/615/772 1019/614/771
f 1023/1247/1667 1020/615/772 1025/1250/1670 1027/1251/1671
s off
usemtl phong1SG
f 610/895/1672 627/894/1673 634/898/1674 608/929/1675
s 142
f 966/1252/1676 967/1253/1677 968/1254/1678 969/1255/1679
s off
f 962/1256/1680 963/1257/1681 964/1258/1682 965/1259/1683
s 143
f 412/648/1684 457/664/1685 958/1260/1686 959/1261/1687
s off
f 918/1262/1688 919/1263/1689 923/1264/1690 922/1265/1691
f 919/1266/1692 920/1267/1693 924/1268/1694 923/1269/1695
f 920/1270/1696 921/1271/1697 925/1272/1698 924/1273/1699
f 921/1271/1700 918/1262/1701 922/1265/1702 925/1272/1703
s 144
f 922/1265/1704 923/1264/1705 927/1274/1706 926/1275/1707
s off
f 923/1269/1708 924/1268/1709 928/1276/1710 927/1277/1711
f 924/1273/1712 925/1272/1713 929/1278/1714 928/1279/1715
f 925/1272/1716 922/1265/1717 926/1275/1718 929/1278/1719
s 144
f 926/1275/1707 927/1274/1706 937/1280/1720 934/1281/1721
s 145
f 927/1277/1722 928/1276/1723 936/1282/1724 937/1283/1725
s 146
f 928/1279/1726 929/1278/1727 935/1284/1728 936/1285/1729
s 147
f 929/1278/1730 926/1275/1731 934/1281/1732 935/1284/1733
f 935/1284/1733 934/1281/1732 930/1286/1734 933/1287/1735
s 146
f 936/1285/1729 935/1284/1728 933/1287/1736 932/1288/1737
s 145
f 937/1283/1725 936/1282/1724 932/1289/1738 931/1290/1739
s 144
f 934/1281/1721 937/1280/1720 931/1291/1740 930/1286/1741
f 930/1286/1741 931/1291/1740 945/1292/1742 942/1293/1743
s 145
f 931/1290/1739 932/1289/1738 944/1294/1744 945/1295/1745
s 146
f 932/1288/1737 933/1287/1736 943/1296/1746 944/1297/1747
s 147
f 933/1287/1735 930/1286/1734 942/1293/1748 943/1296/1749
f 943/1296/1749 942/1293/1748 938/652/1750 941/655/1751
s 148
f 947/1298/1752 946/1299/1753 948/1300/1754 949/1301/1755
s 145
f 945/1295/1745 944/1294/1744 940/1302/1756 939/1303/1757
s 144
f 942/1293/1743 945/1292/1742 939/653/1758 938/652/1759
s 149
f 944/1297/1760 943/1296/1761 946/1299/1762 947/1298/1763
s off
f 950/1304/1764 951/1305/1765 952/1306/1766 953/1307/1767
s 71
f 941/655/812 940/654/811 949/1301/1768 948/1300/1769
s 145
f 940/1302/1756 944/1294/1744 947/1308/1770 949/1309/1771
s off
f 943/1296/1772 941/655/1773 951/1305/1774 950/1304/1775
s 71
f 941/655/812 948/1300/1769 952/1306/1776 951/1305/1777
s 148
f 948/1300/1754 946/1299/1753 953/1307/1778 952/1306/1779
s off
usemtl blinn2SG
f 1379/1310/1780 1378/1311/1781 1380/1312/1782 1381/1313/1783
s 150
usemtl phong1SG
f 954/1314/1784 957/1315/1785 915/1316/1786 914/1317/1787
s off
f 983/1318/1788 982/1319/1789 984/1320/1790 985/1321/1791
s 150
f 958/1260/1792 961/1322/1793 957/1315/1785 954/1314/1784
s off
f 322/645/1794 412/648/1795 963/1257/1796 962/1256/1797
s 143
f 412/648/1684 959/1261/1687 964/1258/1798 963/1257/1799
s off
f 959/1261/1800 960/1323/1801 965/1259/1802 964/1258/1803
f 960/1324/1804 322/826/1805 962/1325/1806 965/1326/1807
f 458/827/1808 322/826/1809 973/1327/1810 970/1328/1811
s 151
f 322/826/1812 960/1324/1813 972/1329/1814 973/1327/1815
s 152
f 961/1330/1816 458/827/1817 970/1328/1818 971/1331/1819
f 971/1331/1819 970/1328/1818 966/1252/1820 969/1255/1821
s off
f 972/1329/1822 971/1331/1823 969/1255/1824 968/1254/1825
s 151
f 973/1327/1815 972/1329/1814 968/1254/1826 967/1253/1827
s off
f 975/1332/1828 974/1333/1829 976/1334/1830 977/1335/1831
f 970/1328/1832 973/1327/1833 974/1333/1834 975/1332/1835
s 151
f 973/1327/1815 967/1253/1827 976/1334/1836 974/1333/1837
s 142
f 967/1253/1677 966/1252/1676 977/1335/1838 976/1334/1839
s 152
f 966/1252/1820 970/1328/1818 975/1332/1840 977/1335/1841
s 153
f 960/1324/1842 956/1336/1843 980/1337/1844 978/1338/1845
s 154
f 956/1336/1846 957/1339/1847 981/1340/1848 980/1337/1849
s 150
f 957/1339/1785 961/1330/1793 979/1341/1850 981/1340/1851
s off
f 979/1341/1852 978/1338/1853 982/1319/1854 983/1318/1855
s 153
f 978/1338/1845 980/1337/1844 984/1320/1856 982/1319/1857
s 154
f 980/1337/1849 981/1340/1848 985/1321/1858 984/1320/1859
s 150
f 981/1340/1851 979/1341/1850 983/1318/1860 985/1321/1861
s 63
f 396/622/779 394/608/765 988/1342/1862 987/1343/1863
f 394/608/765 206/607/764 989/1344/1864 988/1342/1862
f 206/607/764 910/858/1076 986/1345/1865 989/1344/1864
f 390/1066/1435 395/625/782 991/1346/1866 990/1347/1867
f 395/625/782 396/622/779 987/1343/1863 991/1346/1866
f 910/858/1076 390/1066/1435 990/1347/1867 986/1345/1865
f 911/1242/1868 312/832/775 994/1348/1869 993/1349/1870
f 312/618/775 913/621/778 992/1350/1871 994/1351/1869
f 392/1079/1872 911/1242/1868 993/1349/1870 995/1352/1873
f 398/620/777 400/642/799 996/1353/1874 997/1354/1875
f 913/621/778 398/620/777 997/1354/1875 992/1350/1871
f 400/642/799 397/640/797 998/1355/1876 996/1353/1874
f 995/1356/1873 998/1355/1876 397/640/797 392/1357/1872
s 155
f 987/1343/1877 988/1342/1878 1001/1358/1879 1000/1359/1880
s off
f 988/1360/1881 989/1361/1882 1002/1362/1883 1001/1363/1884
s 156
f 989/1364/1885 986/1365/1886 999/1366/1887 1002/1367/1888
s off
f 990/1368/1889 991/1369/1890 1004/1370/1891 1003/1371/1892
s 155
f 991/1346/1893 987/1343/1877 1000/1359/1880 1004/1372/1894
s 156
f 986/1365/1886 990/1373/1895 1003/1374/1896 999/1366/1887
s 157
usemtl blinn2SG
f 1000/1359/1897 1001/1358/1898 1015/612/1899 1014/611/1900
s off
f 1001/1358/1901 1002/1375/1902 1016/613/1903 1015/612/1904
s 158
f 1002/1367/1905 999/1366/1906 1013/1376/1907 1016/1377/1908
s off
f 1003/1378/1909 1004/1372/1910 1018/1246/1911 1017/1245/1912
s 157
f 1004/1372/1913 1000/1359/1897 1014/611/1900 1018/1246/1914
s 158
f 999/1366/1906 1003/1374/1915 1017/1379/1916 1013/1376/1907
s 159
f 1006/1380/1917 1007/1381/1918 1022/1382/1919 1021/1383/1920
s 160
f 1007/1384/1921 1005/1385/1922 1019/614/1923 1022/617/1924
s 161
f 1008/1386/1925 1009/1387/1926 1024/1248/1927 1023/1247/1928
s 159
f 1009/1388/1929 1006/1380/1917 1021/1383/1920 1024/1389/1930
s 162
f 1011/1390/1931 1010/1391/1932 1025/1250/1933 1026/1249/1934
s 160
f 1005/1385/1922 1011/1390/1935 1026/1249/1936 1019/614/1923
s 162
f 1010/1391/1932 1012/1392/1937 1027/1251/1938 1025/1250/1933
s 161
f 1012/1392/1939 1008/1386/1925 1023/1247/1928 1027/1251/1940
s 8
usemtl phong1SG
f 660/1393/1941 210/1394/1942 1030/1395/1943 1029/1396/1944
f 454/1397/1945 659/1398/1946 1028/1399/1947 1031/1400/1948
f 210/1394/1942 228/1401/1949 1032/1402/1950 1030/1395/1943
f 453/1403/1951 454/1397/1945 1031/1400/1948 1033/1404/1952
f 228/1401/1949 222/1405/1953 1034/1406/1954 1032/1402/1950
f 222/1405/1953 452/1407/1955 1035/1408/1956 1034/1406/1954
f 452/1407/1955 453/1403/1951 1033/1404/1952 1035/1408/1956
f 211/686/874 891/1409/1957 1036/1410/1958 1037/1411/1959
f 892/1412/1960 455/687/875 1039/1413/1961 1038/1414/1962
f 455/687/875 211/686/874 1037/1411/1959 1039/1413/1961
f 855/1415/1963 660/1393/1941 1029/1396/1944 1040/1416/1964
f 659/1398/1946 856/1417/1965 1041/1418/1966 1028/1399/1947
f 891/1409/1957 855/1415/1963 1040/1416/1964 1036/1410/1958
f 856/1417/1965 892/1412/1960 1038/1414/1962 1041/1418/1966
s 167
f 1029/1396/1967 1030/1395/1968 1044/307/1969 1043/306/1970
s 168
f 1031/1400/1971 1028/1399/1972 1042/305/1973 1045/308/1974
s 167
f 1030/1395/1968 1032/1402/1975 1046/357/1976 1044/307/1969
s 168
f 1033/1404/1977 1031/1400/1971 1045/308/1974 1047/358/1978
s 167
f 1032/1402/1975 1034/1406/1979 1048/372/1980 1046/357/1976
s off
f 1034/1406/1981 1035/1408/1982 1049/373/1983 1048/372/1984
s 168
f 1035/1408/1985 1033/1404/1977 1047/358/1978 1049/373/1986
s 167
f 1037/1411/1987 1036/1410/1988 1050/1034/1989 1051/1033/1990
s 168
f 1038/1414/1991 1039/1413/1992 1053/1036/1993 1052/1035/1994
s off
f 1039/1413/1995 1037/1411/1996 1051/1033/1997 1053/1036/1998
s 167
f 1040/1416/1999 1029/1396/1967 1043/306/1970 1054/1221/2000
s 168
f 1028/1399/1972 1041/1418/2001 1055/1220/2002 1042/305/1973
s 167
f 1036/1410/1988 1040/1416/1999 1054/1221/2000 1050/1034/1989
s 168
f 1041/1418/2001 1038/1414/1991 1052/1035/1994 1055/1220/2002
s 8
f 453/1403/1951 452/1407/1955 1058/1419/2003 1056/1420/2004
f 452/1407/1955 220/432/499 1059/1421/2005 1058/1419/2003
f 220/432/499 229/430/497 1057/1422/2006 1059/1421/2005
f 454/1397/1945 453/1403/1951 1056/1420/2004 1060/1423/2007
f 229/430/497 207/429/496 1061/1424/2008 1057/1422/2006
f 659/1398/1946 454/1397/1945 1060/1423/2007 1063/1425/2009
f 207/429/496 658/1047/1390 1062/1426/2010 1061/1424/2008
f 455/687/875 892/1412/1960 1064/1427/2011 1065/1428/2012
f 893/424/491 208/423/490 1067/1429/2013 1066/1430/2014
f 208/423/490 455/687/875 1065/1428/2012 1067/1429/2013
f 856/1417/1965 659/1398/1946 1063/1425/2009 1068/1431/2015
s off
f 1120/1432/2016 1121/1433/2017 1122/1434/2018 1123/1435/2019
s 8
f 892/1412/1960 856/1417/1965 1068/1431/2015 1064/1427/2011
f 857/1225/1634 893/424/491 1066/1430/2014 1069/1436/2020
s 171
f 1056/1420/2021 1058/1419/2022 1072/703/2023 1070/702/2024
s off
f 1058/1419/2025 1059/1421/2026 1073/704/2027 1072/703/2028
s 172
f 1059/1421/2029 1057/1422/2030 1071/701/2031 1073/704/2032
s 171
f 1060/1423/2033 1056/1420/2021 1070/702/2024 1074/706/2034
s 172
f 1057/1422/2030 1061/1424/2035 1075/705/2036 1071/701/2031
s 171
f 1063/1425/2037 1060/1423/2033 1074/706/2034 1077/708/2038
s 172
f 1061/1424/2035 1062/1426/2039 1076/707/2040 1075/705/2036
s 171
f 1065/1428/2041 1064/1427/2042 1078/1030/2043 1079/1029/2044
s 172
f 1066/1430/2045 1067/1429/2046 1081/1032/2047 1080/1031/2048
s off
f 1067/1429/2049 1065/1428/2050 1079/1029/2051 1081/1032/2052
s 171
f 1068/1431/2053 1063/1425/2037 1077/708/2038 1082/1223/2054
s 172
f 1062/1426/2039 1069/1436/2055 1083/1222/2056 1076/707/2040
s 171
f 1064/1427/2042 1068/1431/2053 1082/1223/2054 1078/1030/2043
s 172
f 1069/1436/2055 1066/1430/2045 1080/1031/2048 1083/1222/2056
s 8
f 661/1216/1625 213/1437/2057 1086/1438/2058 1085/1439/2059
f 210/1394/1942 660/1393/1941 1084/1440/2060 1087/1441/2061
f 213/1437/2057 227/1442/2062 1088/1443/2063 1086/1438/2058
f 228/1401/1949 210/1394/1942 1087/1441/2061 1089/1444/2064
f 227/1442/2062 218/1445/2065 1090/1446/2066 1088/1443/2063
f 218/1445/2065 222/1405/1953 1091/1447/2067 1090/1446/2066
f 222/1405/1953 228/1401/1949 1089/1444/2064 1091/1447/2067
f 214/685/873 890/1448/2068 1092/1449/2069 1093/1450/2070
f 891/1409/1957 211/686/874 1095/1451/2071 1094/1452/2072
f 211/686/874 214/685/873 1093/1450/2070 1095/1451/2071
f 854/1217/1626 661/1216/1625 1085/1439/2059 1096/1453/2073
f 660/1393/1941 855/1415/1963 1097/1454/2074 1084/1440/2060
f 890/1448/2068 854/1217/1626 1096/1453/2073 1092/1449/2069
f 855/1415/1963 891/1409/1957 1094/1452/2072 1097/1454/2074
s 176
f 1085/1439/2075 1086/1438/2076 1100/323/2077 1099/322/2078
s 177
f 1087/1441/2079 1084/1440/2080 1098/321/2081 1101/324/2082
s 176
f 1086/1438/2076 1088/1443/2083 1102/359/2084 1100/323/2077
s 177
f 1089/1444/2085 1087/1441/2079 1101/324/2082 1103/360/2086
s 176
f 1088/1443/2083 1090/1446/2087 1104/370/2088 1102/359/2084
s off
f 1090/1446/2089 1091/1447/2090 1105/371/2091 1104/370/2092
s 177
f 1091/1447/2093 1089/1444/2085 1103/360/2086 1105/371/2094
s 176
f 1093/1450/2095 1092/1449/2096 1106/1038/2097 1107/1037/2098
s 177
f 1094/1452/2099 1095/1451/2100 1109/1040/2101 1108/1039/2102
s off
f 1095/1451/2103 1093/1450/2104 1107/1037/2105 1109/1040/2106
s 176
f 1096/1453/2107 1085/1439/2075 1099/322/2078 1110/1219/2108
s 177
f 1084/1440/2080 1097/1454/2109 1111/1218/2110 1098/321/2081
s 176
f 1092/1449/2096 1096/1453/2107 1110/1219/2108 1106/1038/2097
s 177
f 1097/1454/2109 1094/1452/2099 1108/1039/2102 1111/1218/2110
s 8
f 658/1047/1390 857/1225/1634 1113/1455/2111 1112/1456/2112
f 857/1225/1634 1069/1436/2020 1114/1457/2113 1113/1455/2111
f 1069/1436/2020 1062/1426/2010 1115/1458/2114 1114/1457/2113
f 1062/1426/2010 658/1047/1390 1112/1456/2112 1115/1458/2114
f 1112/1456/2112 1113/1455/2111 1117/1459/2115 1116/1460/2116
f 1113/1455/2111 1114/1457/2113 1118/1461/2117 1117/1459/2115
f 1114/1457/2113 1115/1458/2114 1119/1462/2118 1118/1461/2117
f 1115/1458/2114 1112/1456/2112 1116/1460/2116 1119/1462/2118
s off
f 1116/1460/2119 1117/1459/2120 1121/1433/2121 1120/1432/2122
f 1117/1459/2123 1118/1461/2124 1122/1434/2125 1121/1433/2126
f 1118/1461/2127 1119/1462/2128 1123/1435/2129 1122/1434/2130
f 1119/1462/2131 1116/1460/2132 1120/1432/2133 1123/1435/2134
s 128
usemtl blinn2SG
f 1232/993/1327 1231/992/1326 1237/1463/2135 1238/1464/2136
s 47
usemtl phong1SG
f 463/716/907 464/717/908 1126/1465/2137 1127/1466/2138
f 462/715/906 463/716/907 1127/1466/2138 1128/1467/2139
s 128
usemtl blinn2SG
f 1231/992/1326 1230/991/1325 1239/1468/2140 1237/1463/2135
s 47
usemtl phong1SG
f 523/711/902 459/710/901 1130/1469/2141 1129/1470/2142
f 460/713/904 461/714/905 1132/1471/2143 1131/1472/2144
f 779/712/903 460/713/904 1131/1472/2144 1133/1473/2145
f 461/714/905 462/715/906 1128/1467/2139 1132/1471/2143
f 321/1474/2146 318/1475/2147 1135/1476/2148 1134/1477/2149
f 318/1475/2147 445/1478/2150 1136/1479/2151 1135/1476/2148
f 445/1478/2150 315/1480/2152 1137/1481/2153 1136/1479/2151
f 315/1480/2152 338/1482/2154 1138/1483/2155 1137/1481/2153
f 338/1482/2154 778/1484/2156 1139/1485/2157 1138/1483/2155
f 343/1486/2158 522/998/1332 1141/1487/2159 1140/1488/2160
f 522/998/1332 573/997/1331 1124/1489/2161 1141/1487/2159
f 761/1490/2162 795/1491/2163 1143/1492/2164 1142/1493/2165
f 796/1139/1525 762/1142/1528 1145/1494/2166 1144/1495/2167
f 778/1484/2156 761/1490/2162 1142/1493/2165 1139/1485/2157
f 762/1142/1528 779/712/903 1133/1473/2145 1145/1494/2166
f 795/1491/2163 812/1496/2168 1146/1497/2169 1143/1492/2164
f 813/1169/1559 796/1139/1525 1144/1495/2167 1147/1498/2170
f 812/1496/2168 829/1499/2171 1148/1500/2172 1146/1497/2169
f 830/1192/1586 813/1169/1559 1147/1498/2170 1149/1501/2173
f 829/1499/2171 343/1486/2158 1140/1488/2160 1148/1500/2172
f 459/710/901 830/1192/1586 1149/1501/2173 1130/1469/2141
s 182
f 1124/1489/2174 1125/1502/2175 1154/480/2176 1153/479/2177
s 183
f 1127/1466/2178 1126/1465/2179 1160/505/2180 1161/504/2181
f 1128/1467/2182 1127/1466/2178 1161/504/2181 1162/506/2183
s 182
f 1125/1502/2175 1129/1470/2184 1163/507/2185 1154/480/2176
s 183
f 1129/1470/2186 1130/1469/2187 1164/508/2188 1163/507/2189
f 1131/1472/2190 1132/1471/2191 1170/549/2192 1169/548/2193
f 1133/1473/2194 1131/1472/2190 1169/548/2193 1173/553/2195
f 1132/1471/2191 1128/1467/2182 1162/506/2183 1170/549/2192
s 185
f 1134/1477/2196 1135/1476/2197 1175/938/2198 1174/937/2199
f 1135/1476/2197 1136/1479/2200 1176/939/2201 1175/938/2198
f 1136/1479/2200 1137/1481/2202 1177/940/2203 1176/939/2201
f 1137/1481/2202 1138/1483/2204 1178/941/2205 1177/940/2203
f 1138/1483/2204 1139/1485/2206 1179/942/2207 1178/941/2205
f 1140/1488/2208 1141/1487/2209 1181/944/2210 1180/943/2211
s 182
f 1141/1487/2212 1124/1489/2174 1153/479/2177 1181/944/2213
s 185
f 1142/1493/2214 1143/1492/2215 1184/1133/2216 1182/1132/2217
s 183
f 1144/1495/2218 1145/1494/2219 1189/1138/2220 1188/1137/2221
s 185
f 1139/1485/2206 1142/1493/2214 1182/1132/2217 1179/942/2207
s 183
f 1145/1494/2219 1133/1473/2194 1173/553/2195 1189/1138/2220
s 185
f 1143/1492/2215 1146/1497/2222 1190/1165/2223 1184/1133/2216
s 183
f 1147/1498/2224 1144/1495/2218 1188/1137/2221 1193/1168/2225
s 185
f 1146/1497/2222 1148/1500/2226 1194/1188/2227 1190/1165/2223
s 183
f 1149/1501/2228 1147/1498/2224 1193/1168/2225 1197/1191/2229
s 185
f 1148/1500/2226 1140/1488/2208 1180/943/2211 1194/1188/2227
s 183
f 1130/1469/2187 1149/1501/2228 1197/1191/2229 1164/508/2188
s 188
f 1208/1503/2230 1209/1504/2231 1210/1505/2232 1211/1506/2233
f 1212/1507/2234 1213/1508/2235 1214/1509/2236 1215/1510/2237
f 1217/1511/2238 1216/1512/2239 1218/1513/2240 1219/1514/2241
f 1216/1512/2239 1208/1503/2230 1211/1506/2233 1218/1513/2240
f 1213/1508/2235 1220/1515/2242 1221/1516/2243 1214/1509/2236
f 1220/1515/2242 1217/1511/2238 1219/1514/2241 1221/1516/2243
f 1223/1517/2244 1222/1518/2245 1224/1519/2246 1225/1520/2247
f 1222/1518/2245 1212/1507/2234 1215/1510/2237 1224/1519/2246
f 1209/1504/2231 1226/1521/2248 1227/1522/2249 1210/1505/2232
f 1226/1521/2248 1223/1517/2244 1225/1520/2247 1227/1522/2249
s 190
f 637/988/2250 523/711/2251 1209/1504/2252 1208/1503/2253
s 191
f 1199/1523/2254 1198/1524/2255 1211/1506/2256 1210/1505/2257
s 192
f 573/997/2258 638/996/2259 1213/1508/2260 1212/1507/2261
s 193
f 1201/1525/2262 1200/1526/2263 1215/1510/2264 1214/1509/2265
s 194
f 676/1015/2266 675/1012/2267 1216/1512/2268 1217/1511/2269
s 195
f 1202/1527/2270 1203/1528/2271 1219/1514/2272 1218/1513/2273
s 190
f 675/1012/2274 637/988/2250 1208/1503/2253 1216/1512/2275
s 191
f 1198/1524/2255 1202/1527/2276 1218/1513/2277 1211/1506/2256
s 192
f 638/996/2259 677/1016/2278 1220/1515/2279 1213/1508/2260
s 193
f 1204/1529/2280 1201/1525/2262 1214/1509/2265 1221/1516/2281
s 194
f 677/1016/2282 676/1015/2266 1217/1511/2269 1220/1515/2283
s 195
f 1203/1528/2271 1204/1529/2284 1221/1516/2285 1219/1514/2272
s 182
f 1125/1502/2175 1124/1489/2174 1222/1518/2286 1223/1517/2287
s 196
f 1206/1530/2288 1205/1531/2289 1225/1520/2290 1224/1519/2291
s 192
f 1124/1489/2292 573/997/2258 1212/1507/2261 1222/1518/2293
s 193
f 1200/1526/2263 1206/1530/2294 1224/1519/2295 1215/1510/2264
s 190
f 523/711/2251 1129/1470/2296 1226/1521/2297 1209/1504/2252
s 191
f 1207/1532/2298 1199/1523/2254 1210/1505/2257 1227/1522/2299
s 182
f 1129/1470/2184 1125/1502/2175 1223/1517/2287 1226/1521/2300
s 196
f 1205/1531/2289 1207/1532/2301 1227/1522/2302 1225/1520/2290
s 191
f 1198/1524/2255 1199/1523/2254 1230/991/2303 1228/990/2304
s 193
f 1200/1533/2263 1201/1534/2262 1233/1535/2305 1232/1536/2306
s 195
f 1203/1528/2271 1202/1527/2270 1234/1061/2307 1235/1060/2308
s 191
f 1202/1527/2276 1198/1524/2255 1228/990/2304 1234/1061/2309
s 193
f 1201/1534/2262 1204/1537/2280 1236/1538/2310 1233/1535/2305
s 195
f 1204/1529/2284 1203/1528/2271 1235/1060/2308 1236/1062/2311
s 196
f 1205/1531/2289 1206/1530/2288 1238/1464/2312 1237/1463/2313
s 193
f 1206/1539/2294 1200/1533/2263 1232/1536/2306 1238/1540/2314
s 191
f 1199/1523/2254 1207/1532/2298 1239/1468/2315 1230/991/2303
s 196
f 1207/1532/2301 1205/1531/2289 1237/1463/2313 1239/1468/2316
s 197
f 216/740/2317 1944/739/2318 2008/1543/2319
f 1944/739/2318 571/969/2320 2008/1543/2319
s off
f 1240/1544/2321 201/1545/2322 1242/1546/2323
s 197
f 201/1545/2324 662/1547/2325 1241/1548/2326 1242/1546/2327
s off
f 571/1541/2328 572/1542/2329 1243/1549/2330
s 197
f 216/1550/2317 2008/1551/2319 1945/1552/2331 1244/1553/2332
f 465/1554/2333 216/1550/2317 1244/1553/2332 1245/1555/2334
f 205/1556/2335 436/1557/2336 1246/1558/2337 1247/1559/2338
f 436/1557/2336 465/1554/2333 1245/1555/2334 1246/1558/2337
f 889/1560/2339 205/1556/2335 1247/1559/2338 1248/1561/2340
f 662/1547/2325 853/1562/2341 1249/1563/2342 1241/1548/2326
f 853/1562/2341 889/1560/2339 1248/1561/2340 1249/1563/2342
s 199
f 1240/1544/2343 1242/1546/2344 1252/1564/2345 1251/1565/2346
s 200
f 1242/1546/2347 1241/1548/2348 1250/1566/2349 1252/1564/2350
s 201
f 1243/1567/2351 572/1568/2352 1254/1569/2353 1253/1570/2354
s 200
f 1244/1553/2355 1945/1552/2356 1946/1571/2357 1255/1572/2358
f 1245/1555/2359 1244/1553/2355 1255/1572/2358 1256/1573/2360
f 1247/1559/2361 1246/1558/2362 1257/1574/2363 1258/1575/2364
f 1246/1558/2362 1245/1555/2359 1256/1573/2360 1257/1574/2363
f 1248/1561/2365 1247/1559/2361 1258/1575/2364 1259/1576/2366
f 1241/1548/2348 1249/1563/2367 1260/1577/2368 1250/1566/2349
f 1249/1563/2367 1248/1561/2365 1259/1576/2366 1260/1577/2368
s 203
f 1251/1565/2369 1252/1564/2370 1263/1578/2371 1262/1579/2372
f 1252/1564/2370 1250/1566/2373 1261/1580/2374 1263/1578/2371
f 1253/1570/2375 1254/1569/2376 1265/1581/2377 1264/1582/2378
f 1255/1572/2379 1946/1571/2380 1947/1583/2381 1266/1584/2382
f 1256/1573/2383 1255/1572/2379 1266/1584/2382 1267/1585/2384
f 1258/1575/2385 1257/1574/2386 1268/1586/2387 1269/1587/2388
f 1257/1574/2386 1256/1573/2383 1267/1585/2384 1268/1586/2387
f 1259/1576/2389 1258/1575/2385 1269/1587/2388 1270/1588/2390
f 1250/1566/2373 1260/1577/2391 1271/1589/2392 1261/1580/2374
f 1260/1577/2391 1259/1576/2389 1270/1588/2390 1271/1589/2392
s 205
f 1262/1579/2393 1263/1578/2394 1275/276/2395 1274/275/2396
s 206
f 1263/1578/2397 1261/1580/2398 1272/273/2399 1275/276/2400
f 1266/1584/2401 1947/1583/2402 1948/1590/2403 1278/1591/2404
f 1267/1585/2405 1266/1584/2401 1278/1591/2404 1279/1592/2406
f 1269/1587/2407 1268/1586/2408 1282/675/2409 1283/678/2410
f 1268/1586/2408 1267/1585/2405 1279/1592/2406 1282/675/2409
f 1270/1588/2411 1269/1587/2407 1283/678/2410 1285/1593/2412
f 1261/1580/2398 1271/1589/2413 1287/1212/2414 1272/273/2399
f 1271/1589/2413 1270/1588/2411 1285/1593/2412 1287/1212/2414
s 12
f 1276/1594/2415 1277/1595/2416 1289/1596/2417 1288/1597/2418
f 1278/1591/2419 1948/1590/2420 1949/1598/2421 1290/1599/2422
f 1279/1592/2423 1278/1591/2419 1290/1599/2422 1291/1600/2424
f 1280/676/864 1282/675/863 1293/1601/2425 1292/1602/2426
f 1282/675/863 1279/1592/2423 1291/1600/2424 1293/1601/2425
s 209
usemtl blinn2SG
f 1288/1597/2427 1289/1596/2428 1295/1603/2429 1294/1604/2430
s 210
f 1290/1599/2431 1949/1598/2432 1950/1605/2433 1296/1606/2434
f 1291/1600/2435 1290/1599/2431 1296/1606/2434 1297/1607/2436
s 211
f 1292/1602/2437 1293/1601/2438 1299/1608/2439 1298/1609/2440
s 210
f 1293/1601/2441 1291/1600/2435 1297/1607/2436 1299/1608/2442
s 212
usemtl phong1SG
f 1294/1604/2443 1295/1603/2444 1301/1610/2445 1300/1611/2446
f 1296/1606/2447 1950/1605/2448 1951/1612/2449 1302/1613/2450
f 1297/1607/2451 1296/1606/2447 1302/1613/2450 1303/1614/2452
f 1298/1609/2453 1299/1608/2454 1305/1615/2455 1304/1616/2456
f 1299/1608/2454 1297/1607/2451 1303/1614/2452 1305/1615/2455
s 213
f 1300/1611/2457 1301/1610/2458 1307/1617/2459 1306/1618/2460
s 214
f 1302/1613/2461 1951/1612/2462 1952/277/2463 1309/280/2464
f 1303/1614/2465 1302/1613/2461 1309/280/2464 1311/333/2466
s 215
f 1304/1616/2467 1305/1615/2468 1313/719/2469 1312/718/2470
s 214
f 1305/1615/2471 1303/1614/2465 1311/333/2466 1313/719/2472
s 12
f 1281/677/865 1284/1619/2473 1315/1620/2474 1314/1621/2475
f 1285/1593/2476 1283/678/866 1317/1622/2477 1316/1623/2478
f 1283/678/866 1281/677/865 1314/1621/2475 1317/1622/2477
f 1284/1619/2473 1286/1213/1622 1318/1624/2479 1315/1620/2474
f 1286/1213/1622 1287/1212/1621 1319/1625/2480 1318/1624/2479
f 1287/1212/1621 1285/1593/2476 1316/1623/2478 1319/1625/2480
s 217
f 1314/1621/2481 1315/1620/2482 1321/1626/2483 1320/1627/2484
s 218
f 1316/1628/2485 1317/1629/2486 1323/1630/2487 1322/1631/2488
s off
f 1317/1622/2489 1314/1621/2490 1320/1627/2491 1323/1632/2492
s 217
f 1315/1620/2482 1318/1624/2493 1324/1633/2494 1321/1626/2483
s off
f 1318/1624/2495 1319/1625/2496 1325/1634/2497 1324/1633/2498
s 218
f 1319/1635/2499 1316/1628/2485 1322/1631/2488 1325/1636/2500
s 219
f 1320/1627/2501 1321/1626/2502 1327/1637/2503 1326/1638/2504
f 1321/1626/2502 1322/1639/2505 1328/1640/2506 1327/1637/2503
f 1322/1639/2505 1323/1632/2507 1329/1641/2508 1328/1640/2506
f 1323/1632/2507 1320/1627/2501 1326/1638/2504 1329/1641/2508
f 1322/1639/2505 1321/1626/2502 1330/1642/2509 1331/1643/2510
f 1321/1626/2502 1324/1633/2511 1332/1644/2512 1330/1642/2509
f 1324/1633/2511 1325/1634/2513 1333/1645/2514 1332/1644/2512
f 1325/1634/2513 1322/1639/2505 1331/1643/2510 1333/1645/2514
s 220
f 1326/1638/2515 1327/1637/2516 1335/1646/2517 1334/1647/2518
s 221
f 1327/1637/2519 1328/1640/2520 1336/1648/2521 1335/1646/2522
s 222
f 1328/1649/2523 1329/1650/2524 1337/1651/2525 1336/1652/2526
s 223
f 1329/1641/2527 1326/1638/2528 1334/1647/2529 1337/1653/2530
s 224
f 1331/1643/2531 1330/1642/2532 1338/1654/2533 1339/1655/2534
s 225
f 1330/1642/2535 1332/1644/2536 1340/1656/2537 1338/1654/2538
s 226
f 1332/1644/2539 1333/1645/2540 1341/1657/2541 1340/1656/2542
s 227
f 1333/1658/2543 1331/1659/2544 1339/1660/2545 1341/1661/2546
s 220
f 1334/1647/2518 1335/1646/2517 1343/1662/2547 1342/1663/2548
s 221
f 1335/1646/2522 1336/1648/2521 1344/1664/2549 1343/1662/2550
s 222
f 1336/1652/2526 1337/1651/2525 1345/1665/2551 1344/1666/2552
s 223
f 1337/1653/2530 1334/1647/2529 1342/1663/2553 1345/1667/2554
s 220
f 1342/1663/2548 1343/1662/2547 1347/1668/2555 1346/1669/2556
s 228
f 1343/1662/2557 1344/1664/2558 1348/1670/2559 1347/1668/2560
s 222
f 1344/1666/2552 1345/1665/2551 1349/1671/2561 1348/1672/2562
s 229
f 1345/1667/2563 1342/1663/2564 1346/1669/2565 1349/1673/2566
s 220
f 1346/1669/2556 1347/1668/2555 1351/1674/2567 1350/1675/2568
s 228
f 1347/1668/2560 1348/1670/2559 1352/1676/2569 1351/1674/2570
s 222
f 1348/1672/2562 1349/1671/2561 1353/1677/2571 1352/1678/2572
s 229
f 1349/1673/2566 1346/1669/2565 1350/1675/2573 1353/1679/2574
s 224
f 1339/1655/2534 1338/1654/2533 1354/1680/2575 1355/1681/2576
s 225
f 1338/1654/2538 1340/1656/2537 1356/1682/2577 1354/1680/2578
s 226
f 1340/1656/2542 1341/1657/2541 1357/1683/2579 1356/1682/2580
s 227
f 1341/1661/2546 1339/1660/2545 1355/1684/2581 1357/1685/2582
s 224
f 1355/1681/2576 1354/1680/2575 1358/1686/2583 1359/1687/2584
s 225
f 1354/1680/2578 1356/1682/2577 1360/1688/2585 1358/1686/2586
s 226
f 1356/1682/2580 1357/1683/2579 1361/1689/2587 1360/1688/2588
s 227
f 1357/1685/2582 1355/1684/2581 1359/1690/2589 1361/1691/2590
s 220
f 1350/1675/2568 1351/1674/2567 1363/1692/2591 1362/1693/2592
s off
f 1351/1674/2593 1352/1676/2594 1364/1694/2595 1363/1692/2596
s 222
f 1352/1678/2572 1353/1677/2571 1365/1695/2597 1364/1696/2598
s off
f 1353/1679/2599 1350/1675/2600 1362/1693/2601 1365/1697/2602
s 230
f 1359/1687/2603 1358/1686/2604 1369/1698/2605 1366/1699/2606
s 231
f 1358/1686/2607 1360/1688/2608 1368/1700/2609 1369/1698/2610
s 232
f 1360/1688/2611 1361/1689/2612 1367/1701/2613 1368/1700/2614
s 233
f 1361/1691/2615 1359/1690/2616 1366/1702/2617 1367/1703/2618
f 1367/1703/2618 1366/1702/2617 1364/1696/2619 1365/1695/2620
s 232
f 1368/1700/2614 1367/1701/2613 1365/1697/2621 1362/1693/2622
s 231
f 1369/1698/2610 1368/1700/2609 1362/1693/2623 1363/1692/2624
s 230
f 1366/1699/2606 1369/1698/2605 1363/1692/2625 1364/1694/2626
s off
f 958/1260/2627 457/664/2628 458/709/2629 961/1322/2630
f 914/1317/2631 915/1316/2632 1371/1704/2633 1370/1705/2634
f 915/1316/2635 916/1706/2636 1372/1707/2637 1371/1704/2638
f 916/1706/2639 917/1708/2640 1373/1709/2641 1372/1707/2642
f 917/1708/2643 914/1317/2644 1370/1705/2645 1373/1709/2646
f 921/1271/2647 920/1270/2648 1372/1707/2649 1373/1709/2650
f 920/1267/2651 919/1266/2652 1371/1710/2653 1372/1711/2654
f 919/1263/2655 918/1262/2656 1370/1705/2657 1371/1704/2658
f 918/1262/2659 921/1271/2660 1373/1709/2661 1370/1705/2662
f 916/1712/2663 915/1713/2664 957/1339/2665 956/1336/2666
f 959/1261/2667 955/1714/2668 956/1715/2669 960/1323/2670
f 917/1708/2671 916/1706/2672 956/1715/2673 955/1714/2674
f 954/1314/2675 914/1317/2676 917/1708/2677 955/1714/2678
f 958/1260/2679 954/1314/2680 955/1714/2681 959/1261/2682
s 149
f 946/1299/1762 943/1296/1761 1374/1716/2683 1375/1717/2684
f 943/1296/1761 950/1304/2685 1376/1718/2686 1374/1716/2683
f 950/1304/2685 953/1307/2687 1377/1719/2688 1376/1718/2686
f 953/1307/2687 946/1299/1762 1375/1717/2684 1377/1719/2688
s off
f 1375/1717/2689 1374/1716/2690 1378/1720/2691 1379/1721/2692
f 1374/1716/2693 1376/1718/2694 1380/1722/2695 1378/1720/2696
f 1376/1718/2697 1377/1719/2698 1381/1723/2699 1380/1722/2700
f 1377/1719/2701 1375/1717/2702 1379/1721/2703 1381/1723/2704
s 8
f 227/1442/2062 2015/1724/2705 2016/1725/2706 218/1445/2065
f 213/1437/2057 2014/1726/2707 2015/1724/2705 227/1442/2062
f 2032/1215/1624 2014/1726/2707 213/1437/2057 661/1216/1625
s 234
f 1534/1727/2708 1535/1728/2709 1536/1729/2710 1537/1730/2711
f 1535/1728/2709 2050/1731/2712 2051/1732/2713 1536/1729/2710
f 1540/1733/2714 1539/1734/2715 1538/1735/2716 1541/1736/2717
f 1543/1737/2718 1542/1738/2719 1544/1739/2720 1545/1740/2721
f 1547/1742/2722 1548/1743/2723 1546/1741/2724
f 1545/1740/2721 1546/1741/2724 1543/1737/2718
f 1546/1741/2724 1548/1743/2723 1543/1737/2718
f 1549/1744/2725 1547/1742/2722 1546/1741/2724 1550/1745/2726
f 1551/1746/2727 1549/1744/2725 1550/1745/2726 1552/1747/2728
f 1554/1748/2729 1553/1749/2730 1540/1733/2714 1541/1736/2717
f 1556/1750/2731 1555/1751/2732 1553/1749/2730 1554/1748/2729
f 1558/1752/2733 1557/1753/2734 1555/1751/2732 1556/1750/2731
f 1560/1754/2735 1559/1755/2736 1557/1753/2734 1558/1752/2733
f 1562/1756/2737 1561/1757/2738 1559/1755/2736 1560/1754/2735
f 1544/1739/2720 1542/1738/2719 1561/1757/2738 1562/1756/2737
s 8
f 2030/1758/2739 2031/1214/1623 854/1217/1626 890/1448/2068
f 2029/1759/2740 2030/1758/2739 890/1448/2068 214/685/873
f 2028/1760/2741 2029/1759/2740 214/685/873 437/684/872
f 2027/1761/2742 2028/1760/2741 437/684/872 466/723/914
f 2026/1762/2743 2027/1761/2742 466/723/914 692/758/952
f 2025/1763/2744 2026/1762/2743 692/758/952 484/787/1414
s 93
f 2024/1764/2745 2025/1763/2746 484/787/987 503/336/990
s 15
usemtl blinn2SG
f 2023/1765/2747 2024/1764/2748 503/336/401 493/326/390
f 1931/325/389 2022/1766/2749 2023/1765/2747 493/326/390
f 2020/1767/2750 2021/1768/2751 592/965/1244 494/784/1243
s 89
usemtl phong1SG
f 476/783/979 2019/1769/2752 2020/1767/2753 494/784/980
s 8
f 697/754/948 2018/1770/2754 2019/1769/2755 476/783/1422
f 215/753/947 2017/1771/2756 2018/1770/2754 697/754/948
s 9
f 1564/1772/2757 1565/1773/2758 1792/2200/391
f 1565/1773/2758 2017/1774/2759 1792/2200/391
f 2017/1774/2759 215/327/392 1792/2200/391
f 1424/1775/2760 1423/1776/2761 1427/1777/2762 1426/1778/2763
s 8
f 1428/1779/2764 1427/1780/2765 1423/1781/2766 1422/1782/2767
f 1429/1783/2768 1428/1779/2764 1422/1782/2767 1421/1784/2769
s 89
f 1430/1785/2770 1429/1783/2771 1421/1784/2772 1420/1786/2773
s 15
usemtl blinn2SG
f 1420/1786/2774 1419/1787/2775 1431/1788/2776 1430/1785/2777
f 1937/1789/2778 1938/1790/2779 1418/1791/2780 1432/1792/2781
f 1418/1791/2780 1417/1793/2782 1433/1794/2783 1432/1792/2781
s 93
usemtl phong1SG
f 1417/1793/2784 1416/1795/2785 1434/1796/2786 1433/1794/2787
s 8
f 1416/1795/2788 1415/1797/2789 1435/1798/2790 1434/1796/2791
f 1415/1797/2789 1414/1799/2792 1436/1800/2793 1435/1798/2790
f 1414/1799/2792 1413/1801/2794 1437/1802/2795 1436/1800/2793
f 1413/1801/2794 1412/1803/2796 1438/1804/2797 1437/1802/2795
f 1412/1803/2796 1411/1805/2798 1439/1806/2799 1438/1804/2797
f 1411/1805/2798 1410/1807/2800 1440/1808/2801 1439/1806/2799
s 9
f 1426/1778/2763 1427/1777/2762 1442/1809/2802 1441/1810/2803
s 8
f 1443/1811/2804 1442/1812/2805 1427/1780/2765 1428/1779/2764
f 1444/1813/2806 1443/1811/2804 1428/1779/2764 1429/1783/2768
s 89
f 1445/1814/2807 1444/1813/2808 1429/1783/2771 1430/1785/2770
s 15
usemtl blinn2SG
f 1430/1785/2777 1431/1788/2776 1446/1815/2809 1445/1814/2810
f 1936/1816/2811 1937/1789/2778 1432/1792/2781 1447/1817/2812
f 1432/1792/2781 1433/1794/2783 1448/1818/2813 1447/1817/2812
s 93
usemtl phong1SG
f 1433/1794/2787 1434/1796/2786 1449/1819/2814 1448/1818/2815
s 8
f 1434/1796/2791 1435/1798/2790 1450/1820/2816 1449/1819/2817
f 1435/1798/2790 1436/1800/2793 1451/1821/2818 1450/1820/2816
f 1436/1800/2793 1437/1802/2795 1452/1822/2819 1451/1821/2818
f 1437/1802/2795 1438/1804/2797 1453/1823/2820 1452/1822/2819
f 1438/1804/2797 1439/1806/2799 1454/1824/2821 1453/1823/2820
f 1439/1806/2799 1440/1808/2801 1455/1825/2822 1454/1824/2821
s 9
f 1441/1810/2803 1442/1809/2802 1457/1826/2823 1456/1827/2824
s 8
f 1458/1828/2825 1457/1829/2826 1442/1812/2805 1443/1811/2804
f 1459/1830/2827 1458/1828/2825 1443/1811/2804 1444/1813/2806
s 89
f 1460/1831/2828 1459/1830/2829 1444/1813/2808 1445/1814/2807
s 15
usemtl blinn2SG
f 1445/1814/2810 1446/1815/2809 1461/1832/2830 1460/1831/2831
f 1935/1833/2832 1936/1816/2811 1447/1817/2812 1462/1834/2833
f 1447/1817/2812 1448/1818/2813 1463/1835/2834 1462/1834/2833
s 93
usemtl phong1SG
f 1448/1818/2815 1449/1819/2814 1464/1836/2835 1463/1835/2836
s 8
f 1449/1819/2817 1450/1820/2816 1465/1837/2837 1464/1836/2838
f 1450/1820/2816 1451/1821/2818 1466/1838/2839 1465/1837/2837
f 1451/1821/2818 1452/1822/2819 1467/1839/2840 1466/1838/2839
f 1452/1822/2819 1453/1823/2820 1468/1840/2841 1467/1839/2840
f 1453/1823/2820 1454/1824/2821 1469/1841/2842 1468/1840/2841
f 1454/1824/2821 1455/1825/2822 1470/1842/2843 1469/1841/2842
s 9
f 1456/1827/2824 1457/1826/2823 1472/1843/2844 1471/1844/2845
s 8
f 1473/1845/2846 1472/1846/2847 1457/1829/2826 1458/1828/2825
f 1474/1847/2848 1473/1845/2846 1458/1828/2825 1459/1830/2827
s 89
f 1475/1848/2849 1474/1847/2850 1459/1830/2829 1460/1831/2828
s 15
usemtl blinn2SG
f 1460/1831/2831 1461/1832/2830 1476/1849/2851 1475/1848/2852
f 1934/1850/2853 1935/1833/2832 1462/1834/2833 1477/1851/2854
f 1462/1834/2833 1463/1835/2834 1478/1852/2855 1477/1851/2854
s 93
usemtl phong1SG
f 1463/1835/2836 1464/1836/2835 1479/1853/2856 1478/1852/2857
s 8
f 1464/1836/2838 1465/1837/2837 1480/1854/2858 1479/1853/2859
f 1465/1837/2837 1466/1838/2839 1481/1855/2860 1480/1854/2858
f 1466/1838/2839 1467/1839/2840 1482/1856/2861 1481/1855/2860
f 1467/1839/2840 1468/1840/2841 1483/1857/2862 1482/1856/2861
f 1468/1840/2841 1469/1841/2842 1484/1858/2863 1483/1857/2862
f 1469/1841/2842 1470/1842/2843 1485/1859/2864 1484/1858/2863
s 9
f 1471/1844/2845 1472/1843/2844 1488/1860/2865 1487/1861/2866
s 8
f 1489/1862/2867 1488/1863/2868 1472/1846/2847 1473/1845/2846
f 1490/1864/2869 1489/1862/2867 1473/1845/2846 1474/1847/2848
s 89
f 1491/1865/2870 1490/1864/2871 1474/1847/2850 1475/1848/2849
s 15
usemtl blinn2SG
f 1475/1848/2852 1476/1849/2851 1492/1866/2872 1491/1865/2873
f 1933/1867/2874 1934/1850/2853 1477/1851/2854 1493/1868/2875
f 1477/1851/2854 1478/1852/2855 1494/1869/2876 1493/1868/2875
s 93
usemtl phong1SG
f 1478/1852/2857 1479/1853/2856 1495/1870/2877 1494/1869/2878
s 8
f 1479/1853/2859 1480/1854/2858 1496/1871/2879 1495/1870/2880
f 1480/1854/2858 1481/1855/2860 1497/1872/2881 1496/1871/2879
f 1481/1855/2860 1482/1856/2861 1498/1873/2882 1497/1872/2881
f 1482/1856/2861 1483/1857/2862 1499/1874/2883 1498/1873/2882
f 1483/1857/2862 1484/1858/2863 1500/1875/2884 1499/1874/2883
f 1484/1858/2863 1485/1859/2864 1501/1876/2885 1500/1875/2884
f 1503/1877/2886 1502/1878/2887 1410/1807/2800 1411/1805/2798
f 1504/1879/2888 1503/1877/2886 1411/1805/2798 1412/1803/2796
f 1505/1880/2889 1504/1879/2888 1412/1803/2796 1413/1801/2794
f 1506/1881/2890 1505/1880/2889 1413/1801/2794 1414/1799/2792
f 1507/1882/2891 1506/1881/2890 1414/1799/2792 1415/1797/2789
f 1508/1883/2892 1507/1882/2891 1415/1797/2789 1416/1795/2788
s 93
f 1509/1884/2893 1508/1883/2894 1416/1795/2785 1417/1793/2784
s 15
usemtl blinn2SG
f 1510/1885/2895 1509/1884/2896 1417/1793/2782 1418/1791/2780
f 1938/1790/2779 1939/1886/2897 1510/1885/2895 1418/1791/2780
f 1512/1887/2898 1511/1888/2899 1419/1787/2775 1420/1786/2774
s 89
usemtl phong1SG
f 1420/1786/2773 1421/1784/2772 1513/1889/2900 1512/1887/2901
s 8
f 1421/1784/2769 1422/1782/2767 1514/1890/2902 1513/1889/2903
f 1422/1782/2767 1423/1781/2766 1515/1891/2904 1514/1890/2902
s 9
f 1516/1892/2905 1515/1893/2906 1423/1776/2761 1424/1775/2760
s 8
f 1518/1042/1384 1517/1244/1664 1502/1878/2887 1503/1877/2886
f 1519/680/868 1518/1042/1384 1503/1877/2886 1504/1879/2888
f 1520/681/869 1519/680/868 1504/1879/2888 1505/1880/2889
f 1521/720/911 1520/681/869 1505/1880/2889 1506/1881/2890
f 1522/755/949 1521/720/911 1506/1881/2890 1507/1882/2891
f 1523/786/1415 1522/755/949 1507/1882/2891 1508/1883/2892
s 93
f 1524/335/983 1523/786/982 1508/1883/2894 1509/1884/2893
s 15
usemtl blinn2SG
f 1525/286/350 1524/335/400 1509/1884/2896 1510/1885/2895
f 1939/1886/2897 1940/287/351 1525/286/350 1510/1885/2895
f 1527/769/1247 1526/967/1246 1511/1888/2899 1512/1887/2898
s 89
usemtl phong1SG
f 1512/1887/2901 1513/1889/2900 1528/770/964 1527/769/963
s 8
f 1513/1889/2903 1514/1890/2902 1529/733/927 1528/770/1421
f 1514/1890/2902 1515/1891/2904 1530/734/928 1529/733/927
s 9
f 1531/263/327 1530/262/326 1515/1893/2906 1516/1892/2905
s 8
f 1501/1876/2885 1485/1859/2864 1532/1896/2907
f 1532/1896/2907 1485/1859/2864 1400/1895/2908
f 1485/1859/2864 1409/1894/2909 1400/1895/2908
f 1400/1895/2908 1533/1897/2910 1532/1896/2907
f 1470/1842/2843 1408/1898/2911 1409/1894/2909 1485/1859/2864
f 1455/1825/2822 1407/1899/2912 1408/1898/2911 1470/1842/2843
f 1440/1808/2801 1406/1900/2913 1407/1899/2912 1455/1825/2822
f 1410/1807/2800 1405/1901/2914 1406/1900/2913 1440/1808/2801
f 1502/1878/2887 1404/1902/2915 1405/1901/2914 1410/1807/2800
f 1517/1244/1664 1399/259/323 1404/1902/2915 1502/1878/2887
f 662/260/324 1399/259/323 1517/1244/1664 853/1243/1663
s 244
f 1382/1903/2916 1384/1904/2917 1535/1728/2918 1534/1727/2919
s 245
f 1536/1729/2920 1397/341/2921 1396/369/2922 1537/1730/2923
s 10
f 1396/369/331 1382/1903/2924 1534/1727/2925 1537/1730/2926
s 244
f 1384/1904/2917 2049/1905/2927 2050/1731/2928 1535/1728/2918
s 245
f 2051/1732/2929 2052/342/2930 1397/341/2921 1536/1729/2920
f 1399/259/2931 1398/258/2932 1539/1734/2933 1540/1733/2934
s 244
f 1386/1906/2935 1389/1907/2936 1541/1736/2937 1538/1735/2938
s 245
f 1400/1895/2939 1409/1894/2940 1542/1738/2941 1543/1737/2942
s 244
f 1395/1908/2943 1388/1909/2944 1545/1740/2945 1544/1739/2946
f 1388/1909/2944 1387/1910/2947 1546/1741/2948 1545/1740/2945
s 245
f 1401/1911/2949 1533/1897/2950 1548/1743/2951 1547/1742/2952
f 1533/1897/2950 1400/1895/2939 1543/1737/2942 1548/1743/2951
f 1402/1912/2953 1401/1911/2949 1547/1742/2952 1549/1744/2954
s 244
f 1387/1910/2947 1385/1913/2955 1550/1745/2956 1546/1741/2948
s 245
f 1403/1914/2957 1402/1912/2953 1549/1744/2954 1551/1746/2958
s 244
f 1385/1913/2955 1383/1915/2959 1552/1747/2960 1550/1745/2956
s 23
f 1383/1915/2961 1403/1914/2962 1551/1746/2963 1552/1747/2964
s 245
f 1404/1902/2965 1399/259/2931 1540/1733/2934 1553/1749/2966
s 244
f 1389/1907/2936 1390/1916/2967 1554/1748/2968 1541/1736/2937
s 245
f 1405/1901/2969 1404/1902/2965 1553/1749/2966 1555/1751/2970
s 244
f 1390/1916/2967 1391/1917/2971 1556/1750/2972 1554/1748/2968
s 245
f 1406/1900/2973 1405/1901/2969 1555/1751/2970 1557/1753/2974
s 244
f 1391/1917/2971 1392/1918/2975 1558/1752/2976 1556/1750/2972
s 245
f 1407/1899/2977 1406/1900/2973 1557/1753/2974 1559/1755/2978
s 244
f 1392/1918/2975 1393/1919/2979 1560/1754/2980 1558/1752/2976
s 245
f 1408/1898/2981 1407/1899/2977 1559/1755/2978 1561/1757/2982
s 244
f 1393/1919/2979 1394/1920/2983 1562/1756/2984 1560/1754/2980
s 245
f 1409/1894/2940 1408/1898/2981 1561/1757/2982 1542/1738/2941
s 244
f 1394/1920/2983 1395/1908/2943 1544/1739/2946 1562/1756/2984
s 9
f 1487/1861/2866 1488/1860/2865 1565/1773/2758 1564/1772/2757
s 8
f 1566/1921/2985 1565/1922/2986 1488/1863/2868 1489/1862/2867
f 1567/1923/2987 1566/1921/2985 1489/1862/2867 1490/1864/2869
s 89
f 1568/1924/2988 1567/1923/2989 1490/1864/2871 1491/1865/2870
s 15
usemtl blinn2SG
f 1491/1865/2873 1492/1866/2872 1569/1925/2990 1568/1924/2991
f 1932/1926/2992 1933/1867/2874 1493/1868/2875 1570/1927/2993
f 1493/1868/2875 1494/1869/2876 1571/1928/2994 1570/1927/2993
s 93
usemtl phong1SG
f 1494/1869/2878 1495/1870/2877 1572/1929/2995 1571/1928/2996
s 8
f 1495/1870/2880 1496/1871/2879 1573/1930/2997 1572/1929/2998
f 1496/1871/2879 1497/1872/2881 1574/1931/2999 1573/1930/2997
f 1497/1872/2881 1498/1873/2882 1575/1932/3000 1574/1931/2999
f 1498/1873/2882 1499/1874/2883 1576/1933/3001 1575/1932/3000
f 1499/1874/2883 1500/1875/2884 1577/1934/3002 1576/1933/3001
f 1500/1875/2884 1501/1876/2885 1578/1935/3003 1577/1934/3002
f 1501/1876/2885 1532/1896/2907 1579/1936/3004 1578/1935/3003
s 23
f 1383/1915/2961 2046/1937/3005 2047/1938/3006 1403/1914/2962
f 1403/1939/2962 2047/1940/3006 2044/1941/3007 2016/1942/3008
s 10
f 1396/1943/331 2057/1944/330 1425/1945/3009 1382/1946/2924
s 250
f 1580/1947/3010 1583/1948/3011 1582/1949/3012 1581/1950/3013
s 9
f 1584/1951/3014 302/264/328 1531/263/327 1585/1952/3015
s 10
f 306/1953/3016 2036/1954/3017 2037/1955/3018 1425/1956/3009
s 12
f 1588/1957/3019 1589/1958/3020 1274/275/339 1273/274/338
s 13
usemtl blinn2SG
f 1953/278/342 1954/1959/3021 1591/1960/3022 1308/279/343
s 252
f 1592/1961/3023 1965/1962/3024 1966/1963/3025 1593/1964/3026
s 13
f 1308/279/343 1591/1960/3022 1596/1965/3027 1310/332/397
s 252
f 1597/1966/3028 1592/1961/3023 1593/1964/3026 1598/1967/3029
s 250
usemtl phong1SG
f 1599/1968/3030 1600/1969/3031 1580/1947/3010 1581/1950/3013
s 27
f 2033/1970/3032 2034/1971/3033 304/1972/3034 303/1973/3035
s 254
f 1580/1974/3036 2033/1970/3037 1240/1544/3038
f 2033/1970/3037 303/1973/3039 1240/1544/3038
s 10
f 305/1975/3040 2035/1976/3041 2036/1954/3017 306/1953/3016
s 250
f 1602/1977/3042 1601/1978/3043 1580/1947/3010 1600/1969/3031
s 27
f 2034/1971/3033 2035/1979/3044 305/1980/3045 304/1972/3034
s 250
f 1587/1981/3046 1603/1982/3047 1602/1977/3042 1600/1969/3031
f 1586/1983/3048 1587/1981/3046 1600/1969/3031 1599/1968/3030
s 12
f 1604/1984/3049 1605/1985/3050 1281/677/865 1280/676/864
s 250
f 1606/1986/3051 1609/1987/3052 1608/1988/3053 1607/1989/3054
s 13
usemtl blinn2SG
f 1596/1965/3027 1610/1990/3055 1312/718/909 1310/332/397
s 250
usemtl phong1SG
f 1609/1987/3052 1612/1991/3056 1611/1992/3057 1608/1988/3053
f 1613/1993/3058 1614/1994/3059 1584/1995/3060 1585/1996/3061
f 1963/1997/3062 2009/1998/3063 1617/1999/3064 1616/2000/3065
f 1612/1991/3056 1620/2001/3066 1619/2002/3067 1611/1992/3057
f 1618/2003/3068 1615/2004/3069 1620/2001/3066 1612/1991/3056
s 258
f 1621/2005/3070 1624/2006/3071 1623/2007/3072 1622/2008/3073
s 259
f 1964/2009/3074 1965/1962/3075 1592/1961/3076 1626/2010/3077
s 260
f 1627/2011/3078 1597/1966/3079 1598/1967/3080 1628/2012/3081
s 259
f 1626/2010/3077 1592/1961/3076 1597/1966/3082 1627/2011/3083
s 118
f 302/933/1194 1584/2013/3084 1617/2014/3085 572/934/1195
s 252
usemtl blinn2SG
f 1595/2015/3086 1624/2006/3087 1621/2005/3088 1594/2016/3089
s 259
usemtl phong1SG
f 1623/2007/3090 1624/2006/3091 1595/2015/3092 1625/2017/3093
s 250
f 1584/1995/3060 1614/1994/3059 1616/2000/3065 1617/1999/3064
f 1629/2018/3094 1606/1986/3051 1607/1989/3054 1630/2019/3095
f 1620/2001/3066 1627/2011/3096 1628/2012/3097 1619/2002/3067
f 1615/2004/3069 1626/2010/3098 1627/2011/3096 1620/2001/3066
f 1963/1997/3062 1964/2009/3099 1626/2010/3098 1615/2004/3069
f 1614/1994/3059 1623/2007/3100 1625/2017/3101 1616/2000/3065
f 1622/2008/3102 1623/2007/3100 1614/1994/3059 1613/1993/3058
s 12
f 1631/2020/3103 1588/1957/3019 1273/274/338 1286/1213/1622
s 250
f 1632/2021/3104 1635/2022/3105 1634/2023/3106 1633/2024/3107
f 1636/2025/3108 1629/2018/3094 1630/2019/3095 1637/2026/3109
s 263
f 1618/2003/3110 1962/2028/3111 2009/1998/3112
f 1962/2028/3111 1617/1999/3113 2009/1998/3112
s 254
f 1240/1544/3038 1638/2029/3114 1580/1974/3036
s 264
f 1580/1974/3115 1638/2029/3116 1639/2030/3117 1583/2031/3118
s off
f 1617/2027/3119 1640/2032/3120 572/1542/3121
s 264
f 1618/2033/3122 1641/2034/3123 1961/2035/3124 1962/2036/3125
f 1612/2037/3126 1642/2038/3127 1641/2034/3123 1618/2033/3122
f 1606/2039/3128 1644/2040/3129 1643/2041/3130 1609/2042/3131
f 1609/2042/3131 1643/2041/3130 1642/2038/3127 1612/2037/3126
f 1629/2043/3132 1645/2044/3133 1644/2040/3129 1606/2039/3128
f 1583/2031/3118 1639/2030/3117 1646/2045/3134 1636/2046/3135
f 1636/2046/3135 1646/2045/3134 1645/2044/3133 1629/2043/3132
s 199
f 1240/1544/2343 1251/1565/2346 1647/2047/3136 1638/2029/3137
s 267
f 1638/2029/3138 1647/2047/3139 1648/2048/3140 1639/2030/3141
s 201
f 1640/2049/3142 1649/2050/3143 1254/1569/2353 572/1568/2352
s 267
f 1641/2034/3144 1650/2051/3145 1960/2052/3146 1961/2035/3147
f 1642/2038/3148 1651/2053/3149 1650/2051/3145 1641/2034/3144
f 1644/2040/3150 1653/2054/3151 1652/2055/3152 1643/2041/3153
f 1643/2041/3153 1652/2055/3152 1651/2053/3149 1642/2038/3148
f 1645/2044/3154 1654/2056/3155 1653/2054/3151 1644/2040/3150
f 1639/2030/3141 1648/2048/3140 1655/2057/3156 1646/2045/3157
f 1646/2045/3157 1655/2057/3156 1654/2056/3155 1645/2044/3154
s 203
f 1251/1565/2369 1262/1579/2372 1656/2058/3158 1647/2047/3159
f 1647/2047/3159 1656/2058/3158 1657/2059/3160 1648/2048/3161
f 1649/2050/3162 1658/2060/3163 1265/1581/2377 1254/1569/2376
f 1650/2051/3164 1659/2061/3165 1959/2062/3166 1960/2052/3167
f 1651/2053/3168 1660/2063/3169 1659/2061/3165 1650/2051/3164
f 1653/2054/3170 1662/2064/3171 1661/2065/3172 1652/2055/3173
f 1652/2055/3173 1661/2065/3172 1660/2063/3169 1651/2053/3168
f 1654/2056/3174 1663/2066/3175 1662/2064/3171 1653/2054/3170
f 1648/2048/3161 1657/2059/3160 1664/2067/3176 1655/2057/3177
f 1655/2057/3177 1664/2067/3176 1663/2066/3175 1654/2056/3174
s 205
f 1262/1579/2393 1274/275/2396 1589/1958/3178 1656/2058/3179
s 272
f 1656/2058/3180 1589/1958/3181 1588/1957/3182 1657/2059/3183
f 1659/2061/3184 1666/2068/3185 1958/2069/3186 1959/2062/3187
f 1660/2063/3188 1667/2070/3189 1666/2068/3185 1659/2061/3184
f 1662/2064/3190 1605/1985/3191 1604/1984/3192 1661/2065/3193
f 1661/2065/3193 1604/1984/3192 1667/2070/3189 1660/2063/3188
f 1663/2066/3194 1668/2071/3195 1605/1985/3191 1662/2064/3190
f 1657/2059/3183 1588/1957/3182 1631/2020/3196 1664/2067/3197
f 1664/2067/3197 1631/2020/3196 1668/2071/3195 1663/2066/3194
s 12
f 1665/2072/3198 1669/2073/3199 1289/1596/2417 1277/1595/2416
f 1666/2068/3200 1670/2074/3201 1957/2075/3202 1958/2069/3203
f 1667/2070/3204 1671/2076/3205 1670/2074/3201 1666/2068/3200
f 1280/676/864 1292/1602/2426 1672/2077/3206 1604/1984/3049
f 1604/1984/3049 1672/2077/3206 1671/2076/3205 1667/2070/3204
s 209
usemtl blinn2SG
f 1669/2073/3207 1673/2078/3208 1295/1603/2429 1289/1596/2428
s 276
f 1670/2074/3209 1674/2079/3210 1956/2080/3211 1957/2075/3212
f 1671/2076/3213 1675/2081/3214 1674/2079/3210 1670/2074/3209
s 211
f 1292/1602/2437 1298/1609/2440 1676/2082/3215 1672/2077/3216
s 276
f 1672/2077/3217 1676/2082/3218 1675/2081/3214 1671/2076/3213
s 212
usemtl phong1SG
f 1673/2078/3219 1677/2083/3220 1301/1610/2445 1295/1603/2444
f 1674/2079/3221 1678/2084/3222 1955/2085/3223 1956/2080/3224
f 1675/2081/3225 1679/2086/3226 1678/2084/3222 1674/2079/3221
f 1298/1609/2453 1304/1616/2456 1680/2087/3227 1676/2082/3228
f 1676/2082/3228 1680/2087/3227 1679/2086/3226 1675/2081/3225
s 213
f 1677/2083/3229 1590/2088/3230 1307/1617/2459 1301/1610/2458
s 278
f 1678/2084/3231 1591/1960/3232 1954/1959/3233 1955/2085/3234
f 1679/2086/3235 1596/1965/3236 1591/1960/3232 1678/2084/3231
s 215
f 1304/1616/2467 1312/718/2470 1610/1990/3237 1680/2087/3238
s 278
f 1680/2087/3239 1610/1990/3240 1596/1965/3236 1679/2086/3235
s 12
f 1281/677/865 1682/2089/3241 1681/2090/3242 1284/1619/2473
f 1668/2071/3243 1684/2091/3244 1683/2092/3245 1605/1985/3050
f 1605/1985/3050 1683/2092/3245 1682/2089/3241 1281/677/865
f 1284/1619/2473 1681/2090/3242 1685/2093/3246 1286/1213/1622
f 1286/1213/1622 1685/2093/3246 1686/2094/3247 1631/2020/3103
f 1631/2020/3103 1686/2094/3247 1684/2091/3244 1668/2071/3243
s 280
f 1682/2089/3248 1688/2095/3249 1687/2096/3250 1681/2090/3251
s 281
f 1684/2091/3252 1690/2097/3253 1689/2098/3254 1683/2092/3255
s off
f 1683/2092/3256 1689/2098/3257 1688/2095/3258 1682/2089/3259
s 280
f 1681/2090/3251 1687/2096/3250 1691/2099/3260 1685/2093/3261
s off
f 1685/2093/3262 1691/2099/3263 1692/2100/3264 1686/2094/3265
s 281
f 1686/2094/3266 1692/2100/3267 1690/2097/3253 1684/2091/3252
s 282
f 1688/2095/3268 1694/2101/3269 1693/2102/3270 1687/2096/3271
f 1687/2096/3271 1693/2102/3270 1695/2103/3272 1690/2097/3273
f 1690/2097/3273 1695/2103/3272 1696/2104/3274 1689/2098/3275
f 1689/2098/3275 1696/2104/3274 1694/2101/3269 1688/2095/3268
f 1690/2097/3273 1698/2105/3276 1697/2106/3277 1687/2096/3271
f 1687/2096/3271 1697/2106/3277 1699/2107/3278 1691/2099/3279
f 1691/2099/3279 1699/2107/3278 1700/2108/3280 1692/2100/3281
f 1692/2100/3281 1700/2108/3280 1698/2105/3276 1690/2097/3273
s 283
f 1694/2101/3282 1702/2109/3283 1701/2110/3284 1693/2102/3285
s 284
f 1693/2102/3286 1701/2110/3287 1703/2111/3288 1695/2103/3289
s 285
f 1695/2103/3290 1703/2111/3291 1704/2112/3292 1696/2104/3293
s 286
f 1696/2104/3294 1704/2112/3295 1702/2109/3296 1694/2101/3297
s 287
f 1698/2105/3298 1706/2113/3299 1705/2114/3300 1697/2106/3301
s 288
f 1697/2106/3302 1705/2114/3303 1707/2115/3304 1699/2107/3305
s 289
f 1699/2107/3306 1707/2115/3307 1708/2116/3308 1700/2108/3309
s 290
f 1700/2108/3310 1708/2116/3311 1706/2113/3312 1698/2105/3313
s 283
f 1702/2109/3283 1710/2117/3314 1709/2118/3315 1701/2110/3284
s 284
f 1701/2110/3287 1709/2118/3316 1711/2119/3317 1703/2111/3288
s 285
f 1703/2111/3291 1711/2119/3318 1712/2120/3319 1704/2112/3292
s 286
f 1704/2112/3295 1712/2120/3320 1710/2117/3321 1702/2109/3296
s 283
f 1710/2117/3314 1714/2121/3322 1713/2122/3323 1709/2118/3315
s 291
f 1709/2118/3324 1713/2122/3325 1715/2123/3326 1711/2119/3327
s 285
f 1711/2119/3318 1715/2123/3328 1716/2124/3329 1712/2120/3319
s 292
f 1712/2120/3330 1716/2124/3331 1714/2121/3332 1710/2117/3333
s 283
f 1714/2121/3322 1718/2125/3334 1717/2126/3335 1713/2122/3323
s 291
f 1713/2122/3325 1717/2126/3336 1719/2127/3337 1715/2123/3326
s 285
f 1715/2123/3328 1719/2127/3338 1720/2128/3339 1716/2124/3329
s 292
f 1716/2124/3331 1720/2128/3340 1718/2125/3341 1714/2121/3332
s 287
f 1706/2113/3299 1722/2129/3342 1721/2130/3343 1705/2114/3300
s 288
f 1705/2114/3303 1721/2130/3344 1723/2131/3345 1707/2115/3304
s 289
f 1707/2115/3307 1723/2131/3346 1724/2132/3347 1708/2116/3308
s 290
f 1708/2116/3311 1724/2132/3348 1722/2129/3349 1706/2113/3312
s 287
f 1722/2129/3342 1726/2133/3350 1725/2134/3351 1721/2130/3343
s 288
f 1721/2130/3344 1725/2134/3352 1727/2135/3353 1723/2131/3345
s 289
f 1723/2131/3346 1727/2135/3354 1728/2136/3355 1724/2132/3347
s 290
f 1724/2132/3348 1728/2136/3356 1726/2133/3357 1722/2129/3349
s 283
f 1718/2125/3334 1730/2137/3358 1729/2138/3359 1717/2126/3335
s off
f 1717/2126/3360 1729/2138/3361 1731/2139/3362 1719/2127/3363
s 285
f 1719/2127/3338 1731/2139/3364 1732/2140/3365 1720/2128/3339
s off
f 1720/2128/3366 1732/2140/3367 1730/2137/3368 1718/2125/3369
s 293
f 1726/2133/3370 1734/2141/3371 1733/2142/3372 1725/2134/3373
s 294
f 1725/2134/3374 1733/2142/3375 1735/2143/3376 1727/2135/3377
s 295
f 1727/2135/3378 1735/2143/3379 1736/2144/3380 1728/2136/3381
s 296
f 1728/2136/3382 1736/2144/3383 1734/2141/3384 1726/2133/3385
f 1736/2144/3383 1732/2140/3386 1731/2139/3387 1734/2141/3384
s 295
f 1735/2143/3379 1730/2137/3388 1732/2140/3389 1736/2144/3380
s 294
f 1733/2142/3375 1729/2138/3390 1730/2137/3391 1735/2143/3376
s 293
f 1734/2141/3371 1731/2139/3392 1729/2138/3393 1733/2142/3372
s 250
f 2011/2145/3394 2012/2146/3395 1739/2147/3396 1738/2148/3397
f 2010/2149/3398 2011/2145/3394 1738/2148/3397 1742/2150/3399
f 2010/2149/3398 1633/2024/3107 1634/2023/3106 1741/2151/3400
s 298
f 1745/2152/3401 1748/2153/3402 1747/2154/3403 1746/2155/3404
f 1746/2155/3404 1747/2154/3403 1750/2156/3405 1749/2157/3406
f 1751/2158/3407 1752/2159/3408 1749/2157/3406 1750/2156/3405
f 1753/2160/3409 1756/2161/3410 1755/2162/3411 1754/2163/3412
f 1758/2165/3413 1757/2166/3414 1759/2164/3415
f 1756/2161/3410 1753/2160/3409 1757/2166/3414
f 1753/2160/3409 1759/2164/3415 1757/2166/3414
f 1760/2167/3416 1761/2168/3417 1757/2166/3414 1758/2165/3413
f 1762/2169/3418 1763/2170/3419 1761/2168/3417 1760/2167/3416
f 1764/2171/3420 1752/2159/3408 1751/2158/3407 1765/2172/3421
f 1766/2173/3422 1764/2171/3420 1765/2172/3421 1767/2174/3423
f 1768/2175/3424 1766/2173/3422 1767/2174/3423 1769/2176/3425
f 1770/2177/3426 1768/2175/3424 1769/2176/3425 1771/2178/3427
f 1772/2179/3428 1770/2177/3426 1771/2178/3427 1773/2180/3429
f 1755/2162/3411 1772/2179/3428 1773/2180/3429 1754/2163/3412
s 250
f 1774/2181/3430 1775/2182/3431 1635/2022/3105 1632/2021/3104
f 1776/2183/3432 1777/2184/3433 1775/2182/3431 1774/2181/3430
f 1778/2185/3434 1779/2186/3435 1777/2184/3433 1776/2183/3432
f 1780/2187/3436 1781/2188/3437 1779/2186/3435 1778/2185/3434
f 1782/2189/3438 1126/1465/3439 1781/2188/3437 1780/2187/3436
f 1783/2190/3440 1126/1465/3439 1782/2189/3438
s 260
f 1784/2191/3441 1160/505/3442 1126/1465/3443 1783/2190/3444
s 252
usemtl blinn2SG
f 1785/2192/3445 1160/505/3446 1784/2191/3447
f 1974/2193/3448 1151/501/3449 1160/505/3446 1785/2192/3445
f 1787/2194/3450 1174/937/3451 1150/500/3452 1786/2195/3453
s 258
usemtl phong1SG
f 1134/1477/3454 1174/937/3455 1787/2194/3456 1788/2196/3457
s 250
f 1134/1477/3458 1788/2196/3459 1789/2197/3460
f 1790/2198/3461 1134/1477/3458 1789/2197/3460 1791/2199/3462
s 9
f 1564/1772/2757 1792/2200/391 1791/2202/3463
f 1792/2200/391 1790/2201/3464 1791/2202/3463
f 1424/1775/2760 1426/1778/2763 1794/2203/3465 1793/2204/3466
s 250
f 1795/2205/3467 1796/2206/3468 1793/2207/3469 1794/2208/3470
f 1797/2209/3471 1798/2210/3472 1796/2206/3468 1795/2205/3467
s 258
f 1799/2211/3473 1800/2212/3474 1798/2210/3475 1797/2209/3476
s 252
usemtl blinn2SG
f 1800/2212/3477 1799/2211/3478 1802/2213/3479 1801/2214/3480
f 1968/2215/3481 1969/2216/3482 1804/2217/3483 1803/2218/3484
f 1803/2218/3484 1804/2217/3483 1806/2219/3485 1805/2220/3486
s 260
usemtl phong1SG
f 1805/2220/3487 1806/2219/3488 1808/2221/3489 1807/2222/3490
s 250
f 1807/2222/3491 1808/2221/3492 1810/2223/3493 1809/2224/3494
f 1809/2224/3494 1810/2223/3493 1812/2225/3495 1811/2226/3496
f 1811/2226/3496 1812/2225/3495 1814/2227/3497 1813/2228/3498
f 1813/2228/3498 1814/2227/3497 1816/2229/3499 1815/2230/3500
f 1815/2230/3500 1816/2229/3499 1818/2231/3501 1817/2232/3502
f 1817/2232/3502 1818/2231/3501 1820/2233/3503 1819/2234/3504
s 9
f 1426/1778/2763 1441/1810/2803 1821/2235/3505 1794/2203/3465
s 250
f 1822/2236/3506 1795/2205/3467 1794/2208/3470 1821/2237/3507
f 1823/2238/3508 1797/2209/3471 1795/2205/3467 1822/2236/3506
s 258
f 1824/2239/3509 1799/2211/3473 1797/2209/3476 1823/2238/3510
s 252
usemtl blinn2SG
f 1799/2211/3478 1824/2239/3511 1825/2240/3512 1802/2213/3479
f 1969/2216/3482 1970/2241/3513 1826/2242/3514 1804/2217/3483
f 1804/2217/3483 1826/2242/3514 1827/2243/3515 1806/2219/3485
s 260
usemtl phong1SG
f 1806/2219/3488 1827/2243/3516 1828/2244/3517 1808/2221/3489
s 250
f 1808/2221/3492 1828/2244/3518 1829/2245/3519 1810/2223/3493
f 1810/2223/3493 1829/2245/3519 1830/2246/3520 1812/2225/3495
f 1812/2225/3495 1830/2246/3520 1831/2247/3521 1814/2227/3497
f 1814/2227/3497 1831/2247/3521 1832/2248/3522 1816/2229/3499
f 1816/2229/3499 1832/2248/3522 1833/2249/3523 1818/2231/3501
f 1818/2231/3501 1833/2249/3523 1834/2250/3524 1820/2233/3503
s 9
f 1441/1810/2803 1456/1827/2824 1835/2251/3525 1821/2235/3505
s 250
f 1836/2252/3526 1822/2236/3506 1821/2237/3507 1835/2253/3527
f 1837/2254/3528 1823/2238/3508 1822/2236/3506 1836/2252/3526
s 258
f 1838/2255/3529 1824/2239/3509 1823/2238/3510 1837/2254/3530
s 252
usemtl blinn2SG
f 1824/2239/3511 1838/2255/3531 1839/2256/3532 1825/2240/3512
f 1970/2241/3513 1971/2257/3533 1840/2258/3534 1826/2242/3514
f 1826/2242/3514 1840/2258/3534 1841/2259/3535 1827/2243/3515
s 260
usemtl phong1SG
f 1827/2243/3516 1841/2259/3536 1842/2260/3537 1828/2244/3517
s 250
f 1828/2244/3518 1842/2260/3538 1843/2261/3539 1829/2245/3519
f 1829/2245/3519 1843/2261/3539 1844/2262/3540 1830/2246/3520
f 1830/2246/3520 1844/2262/3540 1845/2263/3541 1831/2247/3521
f 1831/2247/3521 1845/2263/3541 1846/2264/3542 1832/2248/3522
f 1832/2248/3522 1846/2264/3542 1847/2265/3543 1833/2249/3523
f 1833/2249/3523 1847/2265/3543 1848/2266/3544 1834/2250/3524
s 9
f 1456/1827/2824 1471/1844/2845 1849/2267/3545 1835/2251/3525
s 250
f 1850/2268/3546 1836/2252/3526 1835/2253/3527 1849/2269/3547
f 1851/2270/3548 1837/2254/3528 1836/2252/3526 1850/2268/3546
s 258
f 1852/2271/3549 1838/2255/3529 1837/2254/3530 1851/2270/3550
s 252
usemtl blinn2SG
f 1838/2255/3531 1852/2271/3551 1853/2272/3552 1839/2256/3532
f 1971/2257/3533 1972/2273/3553 1854/2274/3554 1840/2258/3534
f 1840/2258/3534 1854/2274/3554 1855/2275/3555 1841/2259/3535
s 260
usemtl phong1SG
f 1841/2259/3536 1855/2275/3556 1856/2276/3557 1842/2260/3537
s 250
f 1842/2260/3538 1856/2276/3558 1857/2277/3559 1843/2261/3539
f 1843/2261/3539 1857/2277/3559 1858/2278/3560 1844/2262/3540
f 1844/2262/3540 1858/2278/3560 1859/2279/3561 1845/2263/3541
f 1845/2263/3541 1859/2279/3561 1860/2280/3562 1846/2264/3542
f 1846/2264/3542 1860/2280/3562 1861/2281/3563 1847/2265/3543
f 1847/2265/3543 1861/2281/3563 1862/2282/3564 1848/2266/3544
s 9
f 1471/1844/2845 1487/1861/2866 1863/2283/3565 1849/2267/3545
s 250
f 1864/2284/3566 1850/2268/3546 1849/2269/3547 1863/2285/3567
f 1865/2286/3568 1851/2270/3548 1850/2268/3546 1864/2284/3566
s 258
f 1866/2287/3569 1852/2271/3549 1851/2270/3550 1865/2286/3570
s 252
usemtl blinn2SG
f 1852/2271/3551 1866/2287/3571 1867/2288/3572 1853/2272/3552
f 1972/2273/3553 1973/2289/3573 1868/2290/3574 1854/2274/3554
f 1854/2274/3554 1868/2290/3574 1869/2291/3575 1855/2275/3555
s 260
usemtl phong1SG
f 1855/2275/3556 1869/2291/3576 1870/2292/3577 1856/2276/3557
s 250
f 1856/2276/3558 1870/2292/3578 1871/2293/3579 1857/2277/3559
f 1857/2277/3559 1871/2293/3579 1872/2294/3580 1858/2278/3560
f 1858/2278/3560 1872/2294/3580 1873/2295/3581 1859/2279/3561
f 1859/2279/3561 1873/2295/3581 1874/2296/3582 1860/2280/3562
f 1860/2280/3562 1874/2296/3582 1875/2297/3583 1861/2281/3563
f 1861/2281/3563 1875/2297/3583 1876/2298/3584 1862/2282/3564
f 1877/2299/3585 1817/2232/3502 1819/2234/3504 1878/2300/3586
f 1879/2301/3587 1815/2230/3500 1817/2232/3502 1877/2299/3585
f 1880/2302/3588 1813/2228/3498 1815/2230/3500 1879/2301/3587
f 1881/2303/3589 1811/2226/3496 1813/2228/3498 1880/2302/3588
f 1882/2304/3590 1809/2224/3494 1811/2226/3496 1881/2303/3589
f 1883/2305/3591 1807/2222/3491 1809/2224/3494 1882/2304/3590
s 260
f 1884/2306/3592 1805/2220/3487 1807/2222/3490 1883/2305/3593
s 252
usemtl blinn2SG
f 1885/2307/3594 1803/2218/3484 1805/2220/3486 1884/2306/3595
f 1967/2308/3596 1968/2215/3481 1803/2218/3484 1885/2307/3594
f 1887/2309/3597 1800/2212/3477 1801/2214/3480 1886/2310/3598
s 258
usemtl phong1SG
f 1800/2212/3474 1887/2309/3599 1888/2311/3600 1798/2210/3475
s 250
f 1798/2210/3472 1888/2311/3601 1889/2312/3602 1796/2206/3468
f 1796/2206/3468 1889/2312/3602 1890/2313/3603 1793/2207/3469
s 9
f 1516/1892/2905 1424/1775/2760 1793/2204/3466 1890/2314/3604
s 250
f 1630/2019/3095 1877/2299/3585 1878/2300/3586 1637/2026/3109
f 1607/1989/3054 1879/2301/3587 1877/2299/3585 1630/2019/3095
f 1608/1988/3053 1880/2302/3588 1879/2301/3587 1607/1989/3054
f 1611/1992/3057 1881/2303/3589 1880/2302/3588 1608/1988/3053
f 1619/2002/3067 1882/2304/3590 1881/2303/3589 1611/1992/3057
f 1628/2012/3097 1883/2305/3591 1882/2304/3590 1619/2002/3067
s 260
f 1598/1967/3080 1884/2306/3592 1883/2305/3593 1628/2012/3081
s 252
usemtl blinn2SG
f 1593/1964/3026 1885/2307/3594 1884/2306/3595 1598/1967/3029
f 1966/1963/3025 1967/2308/3596 1885/2307/3594 1593/1964/3026
f 1621/2005/3088 1887/2309/3597 1886/2310/3598 1594/2016/3089
s 258
usemtl phong1SG
f 1887/2309/3599 1621/2005/3070 1622/2008/3073 1888/2311/3600
s 250
f 1888/2311/3601 1622/2008/3102 1613/1993/3058 1889/2312/3602
f 1889/2312/3602 1613/1993/3058 1585/1996/3061 1890/2313/3603
s 9
f 1531/263/327 1516/1892/2905 1890/2314/3604 1585/1952/3015
s 250
f 1876/2298/3584 1743/2315/3605 1862/2282/3564
f 1743/2315/3605 1892/2316/3606 1862/2282/3564
f 1862/2282/3564 1892/2316/3606 1891/2317/3607
f 1892/2316/3606 1743/2315/3605 1744/2318/3608
f 1848/2266/3544 1862/2282/3564 1891/2317/3607 1893/2319/3609
f 1834/2250/3524 1848/2266/3544 1893/2319/3609 1894/2320/3610
f 1820/2233/3503 1834/2250/3524 1894/2320/3610 1895/2321/3611
f 1819/2234/3504 1820/2233/3503 1895/2321/3611 1896/2322/3612
f 1878/2300/3586 1819/2234/3504 1896/2322/3612 1897/2323/3613
f 1637/2026/3109 1878/2300/3586 1897/2323/3613 1582/1949/3012
f 1583/1948/3011 1636/2025/3108 1637/2026/3109 1582/1949/3012
s 310
f 1898/2324/3614 1745/2152/3615 1746/2155/3616 1899/2325/3617
s 311
f 1747/2154/3618 1748/2153/3619 1586/1983/3620 1599/1968/3621
s 10
f 1586/1983/3622 1748/2153/3623 1745/2152/3624 1898/2324/3625
s 310
f 1899/2325/3617 1746/2155/3616 1749/2157/3626 1900/2326/3627
s 311
f 1750/2156/3628 1747/2154/3618 1599/1968/3621 1581/1950/3629
f 1582/1949/3630 1751/2158/3631 1750/2156/3628 1581/1950/3629
s 310
f 1900/2326/3627 1749/2157/3626 1752/2159/3632 1901/2327/3633
s 311
f 1892/2316/3634 1753/2160/3635 1754/2163/3636 1891/2317/3637
s 310
f 1902/2328/3638 1755/2162/3639 1756/2161/3640 1903/2329/3641
f 1903/2329/3641 1756/2161/3640 1757/2166/3642 1904/2330/3643
s 311
f 1742/2150/3644 1758/2165/3645 1759/2164/3646 1744/2318/3647
f 1744/2318/3647 1759/2164/3646 1753/2160/3635 1892/2316/3634
f 1738/2148/3648 1760/2167/3649 1758/2165/3645 1742/2150/3644
s 310
f 1904/2330/3643 1757/2166/3642 1761/2168/3650 1905/2331/3651
s 311
f 1739/2147/3652 1762/2169/3653 1760/2167/3649 1738/2148/3648
s 310
f 1905/2331/3651 1761/2168/3650 1763/2170/3654 1906/2332/3655
s 23
f 1906/2332/3656 1763/2170/3657 1762/2169/3658 1739/2147/3659
s 311
f 1897/2323/3660 1765/2172/3661 1751/2158/3631 1582/1949/3630
s 310
f 1901/2327/3633 1752/2159/3632 1764/2171/3662 1907/2333/3663
s 311
f 1896/2322/3664 1767/2174/3665 1765/2172/3661 1897/2323/3660
s 310
f 1907/2333/3663 1764/2171/3662 1766/2173/3666 1908/2334/3667
s 311
f 1895/2321/3668 1769/2176/3669 1767/2174/3665 1896/2322/3664
s 310
f 1908/2334/3667 1766/2173/3666 1768/2175/3670 1909/2335/3671
s 311
f 1894/2320/3672 1771/2178/3673 1769/2176/3669 1895/2321/3668
s 310
f 1909/2335/3671 1768/2175/3670 1770/2177/3674 1910/2336/3675
s 311
f 1893/2319/3676 1773/2180/3677 1771/2178/3673 1894/2320/3672
s 310
f 1910/2336/3675 1770/2177/3674 1772/2179/3678 1911/2337/3679
s 311
f 1891/2317/3637 1754/2163/3636 1773/2180/3677 1893/2319/3676
s 310
f 1911/2337/3679 1772/2179/3678 1755/2162/3639 1902/2328/3638
s 9
f 1487/1861/2866 1564/1772/2757 1791/2202/3463 1863/2283/3565
s 250
f 1789/2197/3460 1864/2284/3566 1863/2285/3567 1791/2199/3462
f 1788/2196/3459 1865/2286/3568 1864/2284/3566 1789/2197/3460
s 258
f 1787/2194/3456 1866/2287/3569 1865/2286/3570 1788/2196/3457
s 252
usemtl blinn2SG
f 1866/2287/3571 1787/2194/3450 1786/2195/3453 1867/2288/3572
f 1973/2289/3573 1974/2193/3448 1785/2192/3445 1868/2290/3574
f 1868/2290/3574 1785/2192/3445 1784/2191/3447 1869/2291/3575
s 260
usemtl phong1SG
f 1869/2291/3576 1784/2191/3441 1783/2190/3444 1870/2292/3577
s 250
f 1870/2292/3578 1783/2190/3440 1782/2189/3438 1871/2293/3579
f 1871/2293/3579 1782/2189/3438 1780/2187/3436 1872/2294/3580
f 1872/2294/3580 1780/2187/3436 1778/2185/3434 1873/2295/3581
f 1873/2295/3581 1778/2185/3434 1776/2183/3432 1874/2296/3582
f 1874/2296/3582 1776/2183/3432 1774/2181/3430 1875/2297/3583
f 1875/2297/3583 1774/2181/3430 1632/2021/3104 1876/2298/3584
f 1876/2298/3584 1632/2021/3104 1633/2024/3107 1743/2315/3605
s 23
f 2039/2338/3680 2040/2339/3681 1563/2340/3682 1486/2341/3683
f 1991/503/3684 2041/2342/3685 2012/2343/3686 1740/2344/3687
s 10
f 2037/2345/3018 2038/2346/3688 1425/1945/3009
s 110
f 1913/884/1123 1912/883/1122 582/951/1220 583/950/1219
s 29
f 583/927/3689 605/926/3690 1914/976/1260 1913/975/1259
s 122
f 1915/809/1293 1914/976/1292 605/926/3691 621/982/3692
s 97
usemtl blinn2SG
f 621/982/3693 622/981/3694 1916/810/1016 1915/809/1015
s 123
usemtl phong1SG
f 606/980/3695 1917/925/1291 1916/810/1290 622/981/3696
s 112
f 584/956/3697 1918/879/1184 1917/925/1183 606/980/3698
s 103
f 584/956/1225 585/955/1224 1919/848/1059 1918/879/1118
f 585/955/1224 586/958/1228 1920/293/1060 1919/848/1059
s 15
usemtl blinn2SG
f 586/958/1231 587/959/1230 1921/294/358 1920/293/357
f 587/959/1230 823/1180/1572 1922/1179/1571 1921/294/358
f 1923/1156/1544 1922/1179/1571 823/1180/1572 806/1157/1545
f 1924/1113/1495 1923/1156/1544 806/1157/1545 789/1117/1499
f 1925/1114/1496 1924/1113/1495 789/1117/1499 755/1116/1498
f 1926/411/478 1925/1114/1496 755/1116/1498 772/961/1235
f 1927/402/469 1926/411/478 772/961/1235 588/960/1234
f 588/960/1234 589/962/1238 1928/403/470 1927/402/469
f 589/962/1238 590/963/1240 1929/309/373 1928/403/470
f 590/963/1240 591/964/1242 1930/310/374 1929/309/373
f 591/964/1242 592/965/1244 1931/325/389 1930/310/374
f 2021/1768/2751 2022/1766/2749 1931/325/389 592/965/1244
f 1492/1866/2872 1933/1867/2874 1932/1926/2992 1569/1925/2990
f 1476/1849/2851 1934/1850/2853 1933/1867/2874 1492/1866/2872
f 1461/1832/2830 1935/1833/2832 1934/1850/2853 1476/1849/2851
f 1446/1815/2809 1936/1816/2811 1935/1833/2832 1461/1832/2830
f 1431/1788/2776 1937/1789/2778 1936/1816/2811 1446/1815/2809
f 1419/1787/2775 1938/1790/2779 1937/1789/2778 1431/1788/2776
f 1511/1888/2899 1939/1886/2897 1938/1790/2779 1419/1787/2775
f 1526/967/1246 1940/287/351 1939/1886/2897 1511/1888/2899
f 1941/288/352 1940/287/351 1526/967/1246 593/966/1245
s 90
usemtl phong1SG
f 593/966/1251 594/968/1250 1942/773/968 1941/288/967
s 8
f 594/968/1419 695/970/1254 1943/738/932 1942/773/1418
f 1944/739/933 1943/738/932 695/970/1254 571/969/1253
s 200
f 1946/1571/2357 1945/1552/2356 1243/1567/3699 1253/1570/3700
s 203
f 1947/1583/2381 1946/1571/2380 1253/1570/2375 1264/1582/2378
s 206
f 1948/1590/2403 1947/1583/2402 1264/1582/3701 1276/1594/3702
s 12
f 1949/1598/2421 1948/1590/2420 1276/1594/2415 1288/1597/2418
s 210
usemtl blinn2SG
f 1950/1605/2433 1949/1598/2432 1288/1597/3703 1294/1604/3704
s 212
usemtl phong1SG
f 1951/1612/2449 1950/1605/2448 1294/1604/2443 1300/1611/2446
s 214
f 1952/277/2463 1951/1612/2462 1300/1611/3705 1306/1618/3706
s 13
usemtl blinn2SG
f 1306/1618/3707 1307/1617/3708 1953/278/342 1952/277/341
f 1590/2088/3709 1954/1959/3021 1953/278/342 1307/1617/3708
s 278
usemtl phong1SG
f 1955/2085/3234 1954/1959/3233 1590/2088/3710 1677/2083/3711
s 212
f 1956/2080/3224 1955/2085/3223 1677/2083/3220 1673/2078/3219
s 276
usemtl blinn2SG
f 1957/2075/3212 1956/2080/3211 1673/2078/3712 1669/2073/3713
s 12
usemtl phong1SG
f 1958/2069/3203 1957/2075/3202 1669/2073/3199 1665/2072/3198
s 272
f 1959/2062/3187 1958/2069/3186 1665/2072/3714 1658/2060/3715
s 203
f 1960/2052/3167 1959/2062/3166 1658/2060/3163 1649/2050/3162
s 267
f 1961/2035/3147 1960/2052/3146 1649/2050/3716 1640/2049/3717
s 264
f 1962/2036/3125 1961/2035/3124 1640/2049/3718 1617/2347/3719
s 250
f 1625/2017/3101 1964/2009/3099 1963/1997/3062 1616/2000/3065
s 259
f 1595/2015/3092 1965/1962/3075 1964/2009/3074 1625/2017/3093
s 252
usemtl blinn2SG
f 1966/1963/3025 1965/1962/3024 1595/2015/3086 1594/2016/3089
f 1594/2016/3089 1886/2310/3598 1967/2308/3596 1966/1963/3025
f 1886/2310/3598 1801/2214/3480 1968/2215/3481 1967/2308/3596
f 1801/2214/3480 1802/2213/3479 1969/2216/3482 1968/2215/3481
f 1802/2213/3479 1825/2240/3512 1970/2241/3513 1969/2216/3482
f 1825/2240/3512 1839/2256/3532 1971/2257/3533 1970/2241/3513
f 1839/2256/3532 1853/2272/3552 1972/2273/3553 1971/2257/3533
f 1853/2272/3552 1867/2288/3572 1973/2289/3573 1972/2273/3553
f 1867/2288/3572 1786/2195/3453 1974/2193/3448 1973/2289/3573
f 1786/2195/3453 1150/500/3452 1151/501/3449 1974/2193/3448
s off
usemtl phong1SG
f 1563/2348/3720 2040/2349/3721 1739/2350/3722
s 318
f 2038/2351/3723 2039/2352/3724 1486/2353/3725 1425/1956/3726
s 319
f 1383/2355/3727 1382/2356/3728 2046/2354/3729
f 1382/2356/3728 1425/1956/3730 2046/2354/3729
f 1486/2353/3731 2046/2354/3729 1425/1956/3730
s 320
f 1987/302/3732 1988/700/3733 309/699/3734 290/303/3735
s 321
f 1994/698/3736 1995/484/3737 290/303/3738 309/699/3739
s 63
f 202/382/1071 1976/380/759 1975/604/758 712/855/1073
s 30
f 202/382/3740 231/385/3741 1977/349/446 1976/380/445
s 28
f 231/385/3742 232/384/3743 1978/350/415 1977/349/414
f 232/384/3743 233/387/3744 1979/378/443 1978/350/415
s 19
f 233/2357/3745 221/2358/3746 1980/389/456 1979/388/455
f 1981/846/1057 1980/389/456 221/2358/3746 727/2359/3747
f 1982/847/1058 1981/846/1057 727/2359/3747 562/2360/3748
f 1983/985/1317 1982/847/1058 562/2360/3748 633/2361/3749
f 1984/899/1141 1983/985/1317 633/2361/3749 628/2362/3750
f 628/2362/3750 528/2363/3751 1985/433/500 1984/899/1141
f 528/2363/3751 263/2364/565 1986/301/365 1985/433/500
f 263/2364/565 242/2365/564 1987/302/366 1986/301/365
s 320
f 220/2366/3752 1988/700/3733 1987/302/3732 242/2365/3753
s 23
f 452/2367/3754 1989/317/381 1988/700/888 220/2366/3755
f 222/2368/3756 1990/318/382 1989/317/381 452/2367/3754
s 63
f 711/605/761 391/627/784 395/625/782 1975/604/758
s 23
f 323/2369/3757 326/2370/3758 1992/496/604 1991/503/611
f 326/2370/3758 450/2371/3759 1993/497/605 1992/496/604
f 1994/698/886 1993/497/605 450/2371/3759 324/2372/3760
s 321
f 342/2373/3761 1995/484/3737 1994/698/3736 324/2372/3762
s 19
f 1996/485/593 1995/484/592 342/2373/744 363/2374/747
f 1997/572/681 1996/485/593 363/2374/747 531/2375/3763
f 1998/901/1143 1997/572/681 531/2375/3763 630/2376/3764
f 1999/983/1315 1998/901/1143 630/2376/3764 631/2377/3765
f 631/2377/3765 564/2378/3766 2000/843/1054 1999/983/1315
f 2001/844/1055 2000/843/1054 564/2378/3766 725/2379/3767
f 725/2379/3767 325/2380/3768 2002/534/643 2001/844/1055
f 2003/535/644 2002/534/643 325/2380/3768 333/2381/3769
s 28
f 2004/510/618 2003/526/634 333/2382/3770 332/2383/3771
f 332/2383/3771 331/2384/3772 2005/511/619 2004/510/618
s 30
f 2006/527/636 2005/511/635 331/2384/3773 310/2385/3774
s 63
f 2007/606/763 2006/527/762 310/2385/3775 710/2386/3776
f 710/2386/3776 392/1357/1872 397/640/797 2007/606/763
s 197
f 1945/1552/2331 2008/1551/2319 571/2387/3777 1243/1567/3778
s 250
f 1615/2004/3069 1618/2003/3068 2009/1998/3063 1963/1997/3062
f 1741/2151/3400 1737/2388/3779 2011/2145/3394 2010/2149/3398
f 1737/2388/3779 1740/2389/3780 2012/2146/3395 2011/2145/3394
f 2010/2149/3398 1742/2150/3399 1633/2024/3107
f 1743/2315/3605 1633/2024/3107 1744/2318/3608
f 1633/2024/3107 1742/2150/3399 1744/2318/3608
s 23
f 2040/2349/3781 2041/2342/3685 2013/2390/3782 1563/2348/3682
s 8
f 2015/1724/2705 2014/1726/2707 1401/1911/3783 1402/1912/3784
f 2016/1725/2706 2015/1724/2705 1402/1912/3784 1403/1914/3785
f 2018/1770/2754 2017/1771/2756 1565/1922/2986 1566/1921/2985
f 2019/1769/2755 2018/1770/2754 1566/1921/2985 1567/1923/2987
s 89
f 2020/1767/2753 2019/1769/2752 1567/1923/2989 1568/1924/2988
s 15
usemtl blinn2SG
f 1568/1924/2991 1569/1925/2990 2021/1768/2751 2020/1767/2750
f 1569/1925/2990 1932/1926/2992 2022/1766/2749 2021/1768/2751
f 2023/1765/2747 2022/1766/2749 1932/1926/2992 1570/1927/2993
f 1570/1927/2993 1571/1928/2994 2024/1764/2748 2023/1765/2747
s 93
usemtl phong1SG
f 1571/1928/2996 1572/1929/2995 2025/1763/2746 2024/1764/2745
s 8
f 1572/1929/2998 1573/1930/2997 2026/1762/2743 2025/1763/2744
f 1573/1930/2997 1574/1931/2999 2027/1761/2742 2026/1762/2743
f 1574/1931/2999 1575/1932/3000 2028/1760/2741 2027/1761/2742
f 1575/1932/3000 1576/1933/3001 2029/1759/2740 2028/1760/2741
f 1576/1933/3001 1577/1934/3002 2030/1758/2739 2029/1759/2740
f 1577/1934/3002 1578/1935/3003 2031/1214/1623 2030/1758/2739
f 1578/1935/3003 1579/1936/3004 2032/1215/1624 2031/1214/1623
f 2032/1215/1624 1579/1936/3004 2014/1726/2707
f 2014/1726/2707 1579/1936/3004 1401/1911/3783
f 1532/1896/2907 1533/1897/2910 1579/1936/3004
f 1533/1897/2910 1401/1911/3783 1579/1936/3004
s 23
f 2013/2390/3782 307/331/395 2044/1941/3007
f 2042/330/396 2044/1941/3007 307/331/395
s 254
f 1580/1974/3036 1601/2391/3786 2033/1970/3037
s 27
f 1601/2391/3787 1602/2392/3788 2034/1971/3033 2033/1970/3032
f 1602/2392/3788 1603/2393/3789 2035/1979/3044 2034/1971/3033
s 10
f 2036/1954/3017 2035/1976/3041 1603/2394/3790 1587/2395/3791
f 2037/1955/3018 2036/1954/3017 1587/2395/3791 1586/2396/3622
f 1586/2397/3622 1898/2398/3625 2038/2346/3688 2037/2345/3018
s 318
f 1906/2399/3792 2039/2352/3724 2038/2351/3723 1898/2400/3793
s 23
f 1906/2401/3656 1739/2402/3659 2040/2339/3681 2039/2338/3680
f 1739/2350/3794 2012/2343/3686 2041/2342/3685 2040/2349/3781
f 2041/2342/3685 1991/503/3684 2013/2390/3782
f 2013/2390/3782 1991/503/3684 307/331/395
f 218/2403/3795 2043/328/393 1990/318/382 222/2368/3756
f 2042/330/396 2045/329/394 2043/328/393
f 2044/1941/3007 2042/330/396 2016/1942/3008
f 2042/330/396 2043/328/393 2016/1942/3008
f 2016/1942/3008 2043/328/393 218/2403/3795
f 2047/1938/3006 2046/1937/3005 1486/2341/3683 1563/2340/3682
f 2044/1941/3007 2047/1940/3006 1563/2348/3682 2013/2390/3782
s 8
f 223/364/429 2048/343/408 201/257/321
s 244
f 2050/1731/2928 2049/1905/2927 1386/1906/2935 1538/1735/2938
s 234
f 2051/1732/2713 2050/1731/2712 1538/1735/2716 1539/1734/2715
s 245
f 1539/1734/2933 1398/258/2932 2052/342/2930 2051/1732/2929
s 8
f 2048/343/408 2052/342/407 1398/258/322 201/257/321
s 27
f 2054/347/412 2053/346/411 303/1973/3035 304/1972/3034
f 2055/365/430 2054/347/412 304/1972/3034 305/1980/3045
s 10
f 305/1975/3040 306/1953/3016 2056/265/329 2055/361/426
f 306/1953/3016 1425/1956/3009 2057/266/330 2056/265/329
s off
f 223/364/3796 201/257/3797 1240/2404/3798 303/2405/3799
s 323
usemtl phong2SG
f 2058/2406/3800 2059/2407/3801 2079/2408/3802 2078/2409/3803
f 2059/2407/3801 2060/2410/3804 2080/2411/3805 2079/2408/3802
f 2060/2410/3804 2061/2412/3806 2081/2413/3807 2080/2411/3805
f 2061/2414/3806 2062/2415/3808 2082/2416/3809 2081/2417/3807
f 2062/2415/3808 2063/2418/3810 2083/2419/3811 2082/2416/3809
f 2063/2420/3810 2064/2421/3812 2084/2422/3813 2083/2423/3811
f 2064/2421/3812 2065/2424/3814 2085/2425/3815 2084/2422/3813
f 2065/2424/3814 2066/2426/3816 2086/2427/3817 2085/2425/3815
f 2066/2426/3816 2067/2428/3818 2087/2429/3819 2086/2427/3817
f 2067/2428/3818 2068/2430/3820 2088/2431/3821 2087/2429/3819
f 2068/2430/3820 2069/2432/3822 2089/2433/3823 2088/2431/3821
f 2069/2432/3822 2070/2434/3824 2090/2435/3825 2089/2433/3823
f 2070/2434/3824 2071/2436/3826 2091/2437/3827 2090/2435/3825
f 2071/2438/3826 2072/2439/3828 2092/2440/3829 2091/2441/3827
f 2072/2439/3828 2073/2442/3830 2093/2443/3831 2092/2440/3829
f 2073/2444/3830 2074/2445/3832 2094/2446/3833 2093/2447/3831
f 2074/2445/3832 2075/2448/3834 2095/2449/3835 2094/2446/3833
f 2075/2448/3834 2076/2450/3836 2096/2451/3837 2095/2449/3835
f 2076/2450/3836 2077/2452/3838 2097/2453/3839 2096/2451/3837
f 2077/2452/3838 2058/2406/3800 2078/2409/3803 2097/2453/3839
s 324
f 2158/2455/3840 2160/2456/3841 2159/2454/3842
f 2159/2454/3842 2160/2456/3841 2177/2473/3843
f 2160/2456/3841 2161/2457/3844 2177/2473/3843
f 2177/2473/3843 2161/2457/3844 2176/2472/3845
f 2161/2457/3844 2162/2458/3846 2176/2472/3845
f 2176/2472/3845 2162/2458/3846 2175/2471/3847
f 2162/2458/3846 2163/2459/3848 2175/2471/3847
f 2163/2459/3848 2164/2460/3849 2175/2471/3847
f 2175/2471/3847 2164/2460/3849 2174/2470/3850
f 2164/2460/3849 2165/2461/3851 2174/2470/3850
f 2174/2470/3850 2165/2461/3851 2173/2469/3852
f 2173/2469/3852 2165/2461/3851 2172/2468/3853
f 2165/2461/3851 2166/2462/3854 2172/2468/3853
f 2172/2468/3853 2166/2462/3854 2171/2467/3855
f 2166/2462/3854 2167/2463/3856 2171/2467/3855
f 2167/2463/3856 2168/2464/3857 2171/2467/3855
f 2171/2467/3855 2168/2464/3857 2170/2466/3858
f 2168/2464/3857 2169/2465/3859 2170/2466/3858
s 325
f 2118/2474/3860 2119/2475/3861 2137/2493/3862
f 2119/2475/3861 2120/2476/3863 2137/2493/3862
f 2120/2476/3863 2121/2477/3864 2137/2493/3862
f 2121/2477/3864 2122/2478/3865 2137/2493/3862
f 2122/2478/3865 2123/2479/3866 2137/2493/3862
f 2123/2479/3866 2124/2480/3867 2137/2493/3862
f 2124/2480/3867 2125/2481/3868 2137/2493/3862
f 2125/2481/3868 2126/2482/3869 2137/2493/3862
f 2126/2482/3869 2127/2483/3870 2137/2493/3862
f 2127/2483/3870 2128/2484/3871 2137/2493/3862
f 2137/2493/3862 2128/2484/3871 2136/2492/3872
f 2128/2484/3871 2129/2485/3873 2136/2492/3872
f 2136/2492/3872 2129/2485/3873 2135/2491/3874
f 2129/2485/3873 2130/2486/3875 2135/2491/3874
f 2130/2486/3875 2131/2487/3876 2135/2491/3874
f 2135/2491/3874 2131/2487/3876 2134/2490/3877
f 2131/2487/3876 2132/2488/3878 2134/2490/3877
f 2132/2488/3878 2133/2489/3879 2134/2490/3877
s 326
f 2218/2494/3880 2219/2495/3881 2220/2496/3882 2221/2497/3883
f 2219/2495/3881 2222/2498/3884 2223/2499/3885 2220/2496/3882
f 2222/2498/3884 2224/2500/3886 2225/2501/3887 2223/2499/3885
f 2224/2500/3886 2226/2502/3888 2227/2503/3889 2225/2501/3887
f 2226/2502/3888 2228/2504/3890 2229/2505/3891 2227/2503/3889
f 2228/2504/3890 2230/2506/3892 2231/2507/3893 2229/2505/3891
f 2230/2506/3892 2232/2508/3894 2233/2509/3895 2231/2507/3893
f 2232/2508/3894 2234/2510/3896 2235/2511/3897 2233/2509/3895
f 2234/2510/3896 2236/2512/3898 2237/2513/3899 2235/2511/3897
f 2236/2512/3898 2238/2514/3900 2239/2515/3901 2237/2513/3899
f 2238/2514/3900 2240/2516/3902 2241/2517/3903 2239/2515/3901
f 2240/2516/3902 2242/2518/3904 2243/2519/3905 2241/2517/3903
f 2242/2518/3904 2244/2520/3906 2245/2521/3907 2243/2519/3905
f 2244/2520/3906 2246/2522/3908 2247/2523/3909 2245/2521/3907
f 2246/2522/3908 2248/2524/3910 2249/2525/3911 2247/2523/3909
f 2248/2524/3910 2250/2526/3912 2251/2527/3913 2249/2525/3911
f 2250/2526/3912 2252/2528/3914 2253/2529/3915 2251/2527/3913
f 2252/2528/3914 2254/2530/3916 2255/2531/3917 2253/2529/3915
f 2254/2530/3916 2256/2532/3918 2257/2533/3919 2255/2531/3917
f 2256/2532/3918 2218/2494/3880 2221/2497/3883 2257/2533/3919
s 327
f 2098/2534/3920 2099/2535/3921 2119/2475/3922 2118/2474/3923
f 2099/2535/3921 2100/2536/3924 2120/2476/3925 2119/2475/3922
f 2100/2536/3924 2101/2537/3926 2121/2477/3927 2120/2476/3925
f 2101/2537/3926 2102/2538/3928 2122/2478/3929 2121/2477/3927
f 2102/2538/3928 2103/2539/3930 2123/2479/3931 2122/2478/3929
f 2103/2539/3930 2104/2540/3932 2124/2480/3933 2123/2479/3931
f 2104/2540/3932 2105/2541/3934 2125/2481/3935 2124/2480/3933
f 2105/2541/3934 2106/2542/3936 2126/2482/3937 2125/2481/3935
f 2106/2542/3936 2107/2543/3938 2127/2483/3939 2126/2482/3937
f 2107/2543/3938 2108/2544/3940 2128/2484/3941 2127/2483/3939
f 2108/2544/3940 2109/2545/3942 2129/2485/3943 2128/2484/3941
f 2109/2545/3942 2110/2546/3944 2130/2486/3945 2129/2485/3943
f 2110/2546/3944 2111/2547/3946 2131/2487/3947 2130/2486/3945
f 2111/2547/3946 2112/2548/3948 2132/2488/3949 2131/2487/3947
f 2112/2548/3948 2113/2549/3950 2133/2489/3951 2132/2488/3949
f 2113/2549/3950 2114/2550/3952 2134/2490/3953 2133/2489/3951
f 2114/2550/3952 2115/2551/3954 2135/2491/3955 2134/2490/3953
f 2115/2551/3954 2116/2552/3956 2136/2492/3957 2135/2491/3955
f 2116/2552/3956 2117/2553/3958 2137/2493/3959 2136/2492/3957
f 2117/2553/3958 2098/2534/3920 2118/2474/3923 2137/2493/3959
s 328
f 2179/2554/3960 2178/2555/3961 2180/2556/3962 2181/2557/3963
f 2178/2555/3961 2182/2558/3964 2183/2559/3965 2180/2556/3962
f 2182/2558/3964 2184/2560/3966 2185/2561/3967 2183/2559/3965
f 2184/2560/3966 2186/2562/3968 2187/2563/3969 2185/2561/3967
f 2186/2562/3968 2188/2564/3970 2189/2565/3971 2187/2563/3969
f 2188/2564/3970 2190/2566/3972 2191/2567/3973 2189/2565/3971
f 2190/2566/3972 2192/2568/3974 2193/2569/3975 2191/2567/3973
f 2192/2568/3974 2194/2570/3976 2195/2571/3977 2193/2569/3975
f 2194/2570/3976 2196/2572/3978 2197/2573/3979 2195/2571/3977
f 2196/2572/3978 2198/2574/3980 2199/2575/3981 2197/2573/3979
f 2198/2574/3980 2200/2576/3982 2201/2577/3983 2199/2575/3981
f 2200/2576/3982 2202/2578/3984 2203/2579/3985 2201/2577/3983
f 2202/2578/3984 2204/2580/3986 2205/2581/3987 2203/2579/3985
f 2204/2580/3986 2206/2582/3988 2207/2583/3989 2205/2581/3987
f 2206/2582/3988 2208/2584/3990 2209/2585/3991 2207/2583/3989
f 2208/2584/3990 2210/2586/3992 2211/2587/3993 2209/2585/3991
f 2210/2586/3992 2212/2588/3994 2213/2589/3995 2211/2587/3993
f 2212/2588/3994 2214/2590/3996 2215/2591/3997 2213/2589/3995
f 2214/2590/3996 2216/2592/3998 2217/2593/3999 2215/2591/3997
f 2216/2592/3998 2179/2554/3960 2181/2557/3963 2217/2593/3999
s 329
f 2139/2594/4000 2138/2595/4001 2158/2455/4002 2159/2454/4003
f 2138/2595/4001 2140/2596/4004 2160/2456/4005 2158/2455/4002
f 2140/2596/4004 2141/2597/4006 2161/2457/4007 2160/2456/4005
f 2141/2597/4006 2142/2598/4008 2162/2458/4009 2161/2457/4007
f 2142/2598/4008 2143/2599/4010 2163/2459/4011 2162/2458/4009
f 2143/2599/4010 2144/2600/4012 2164/2460/4013 2163/2459/4011
f 2144/2600/4012 2145/2601/4014 2165/2461/4015 2164/2460/4013
f 2145/2601/4014 2146/2602/4016 2166/2462/4017 2165/2461/4015
f 2146/2602/4016 2147/2603/4018 2167/2463/4019 2166/2462/4017
f 2147/2603/4018 2148/2604/4020 2168/2464/4021 2167/2463/4019
f 2148/2604/4020 2149/2605/4022 2169/2465/4023 2168/2464/4021
f 2149/2605/4022 2150/2606/4024 2170/2466/4025 2169/2465/4023
f 2150/2606/4024 2151/2607/4026 2171/2467/4027 2170/2466/4025
f 2151/2607/4026 2152/2608/4028 2172/2468/4029 2171/2467/4027
f 2152/2608/4028 2153/2609/4030 2173/2469/4031 2172/2468/4029
f 2153/2609/4030 2154/2610/4032 2174/2470/4033 2173/2469/4031
f 2154/2610/4032 2155/2611/4034 2175/2471/4035 2174/2470/4033
f 2155/2611/4034 2156/2612/4036 2176/2472/4037 2175/2471/4035
f 2156/2612/4036 2157/2613/4038 2177/2473/4039 2176/2472/4037
f 2157/2613/4038 2139/2594/4000 2159/2454/4003 2177/2473/4039
s 323
f 2058/2406/3800 2077/2452/3838 2178/2614/4040 2179/2615/4041
s 329
f 2138/2595/4001 2139/2594/4000 2181/2557/4042 2180/2556/4043
s 323
f 2077/2452/3838 2076/2450/3836 2182/2616/4044 2178/2614/4040
s 329
f 2140/2596/4004 2138/2595/4001 2180/2556/4043 2183/2559/4045
s 323
f 2076/2450/3836 2075/2448/3834 2184/2617/4046 2182/2616/4044
s 329
f 2141/2597/4006 2140/2596/4004 2183/2559/4045 2185/2561/4047
s 323
f 2075/2448/3834 2074/2445/3832 2186/2618/4048 2184/2617/4046
s 329
f 2142/2598/4008 2141/2597/4006 2185/2561/4047 2187/2563/4049
s 323
f 2074/2445/3832 2073/2444/3830 2188/2619/4050 2186/2618/4048
s 329
f 2143/2599/4010 2142/2598/4008 2187/2563/4049 2189/2565/4051
s 323
f 2073/2442/3830 2072/2439/3828 2190/2620/4052 2188/2621/4050
s 329
f 2144/2600/4012 2143/2599/4010 2189/2565/4051 2191/2567/4053
s 323
f 2072/2439/3828 2071/2438/3826 2192/2622/4054 2190/2620/4052
s 329
f 2145/2601/4014 2144/2600/4012 2191/2567/4053 2193/2569/4055
s 323
f 2071/2436/3826 2070/2434/3824 2194/2623/4056 2192/2624/4054
s 329
f 2146/2602/4016 2145/2601/4014 2193/2569/4055 2195/2571/4057
s 323
f 2070/2434/3824 2069/2432/3822 2196/2625/4058 2194/2623/4056
s 329
f 2147/2603/4018 2146/2602/4016 2195/2571/4057 2197/2573/4059
s 323
f 2069/2432/3822 2068/2430/3820 2198/2626/4060 2196/2625/4058
s 329
f 2148/2604/4020 2147/2603/4018 2197/2573/4059 2199/2575/4061
s 323
f 2068/2430/3820 2067/2428/3818 2200/2627/4062 2198/2626/4060
s 329
f 2149/2605/4022 2148/2604/4020 2199/2575/4061 2201/2577/4063
s 323
f 2067/2428/3818 2066/2426/3816 2202/2628/4064 2200/2627/4062
s 329
f 2150/2606/4024 2149/2605/4022 2201/2577/4063 2203/2579/4065
s 323
f 2066/2426/3816 2065/2424/3814 2204/2629/4066 2202/2628/4064
s 329
f 2151/2607/4026 2150/2606/4024 2203/2579/4065 2205/2581/4067
s 323
f 2065/2424/3814 2064/2421/3812 2206/2630/4068 2204/2629/4066
s 329
f 2152/2608/4028 2151/2607/4026 2205/2581/4067 2207/2583/4069
s 323
f 2064/2421/3812 2063/2420/3810 2208/2631/4070 2206/2630/4068
s 329
f 2153/2609/4030 2152/2608/4028 2207/2583/4069 2209/2585/4071
s 323
f 2063/2418/3810 2062/2415/3808 2210/2632/4072 2208/2633/4070
s 329
f 2154/2610/4032 2153/2609/4030 2209/2585/4071 2211/2587/4073
s 323
f 2062/2415/3808 2061/2414/3806 2212/2634/4074 2210/2632/4072
s 329
f 2155/2611/4034 2154/2610/4032 2211/2587/4073 2213/2589/4075
s 323
f 2061/2412/3806 2060/2410/3804 2214/2635/4076 2212/2636/4074
s 329
f 2156/2612/4036 2155/2611/4034 2213/2589/4075 2215/2591/4077
s 323
f 2060/2410/3804 2059/2407/3801 2216/2637/4078 2214/2635/4076
s 329
f 2157/2613/4038 2156/2612/4036 2215/2591/4077 2217/2593/4079
s 323
f 2059/2407/3801 2058/2406/3800 2179/2615/4041 2216/2637/4078
s 329
f 2139/2594/4000 2157/2613/4038 2217/2593/4079 2181/2557/4042
s 323
f 2078/2409/3803 2079/2408/3802 2219/2638/4080 2218/2639/4081
s 327
f 2099/2535/3921 2098/2534/3920 2221/2497/4082 2220/2496/4083
s 323
f 2079/2408/3802 2080/2411/3805 2222/2640/4084 2219/2638/4080
s 327
f 2100/2536/3924 2099/2535/3921 2220/2496/4083 2223/2499/4085
s 323
f 2080/2411/3805 2081/2413/3807 2224/2641/4086 2222/2640/4084
s 327
f 2101/2537/3926 2100/2536/3924 2223/2499/4085 2225/2501/4087
s 323
f 2081/2417/3807 2082/2416/3809 2226/2642/4088 2224/2643/4086
s 327
f 2102/2538/3928 2101/2537/3926 2225/2501/4087 2227/2503/4089
s 323
f 2082/2416/3809 2083/2419/3811 2228/2644/4090 2226/2642/4088
s 327
f 2103/2539/3930 2102/2538/3928 2227/2503/4089 2229/2505/4091
s 323
f 2083/2423/3811 2084/2422/3813 2230/2645/4092 2228/2646/4090
s 327
f 2104/2540/3932 2103/2539/3930 2229/2505/4091 2231/2507/4093
s 323
f 2084/2422/3813 2085/2425/3815 2232/2647/4094 2230/2645/4092
s 327
f 2105/2541/3934 2104/2540/3932 2231/2507/4093 2233/2509/4095
s 323
f 2085/2425/3815 2086/2427/3817 2234/2648/4096 2232/2647/4094
s 327
f 2106/2542/3936 2105/2541/3934 2233/2509/4095 2235/2511/4097
s 323
f 2086/2427/3817 2087/2429/3819 2236/2649/4098 2234/2648/4096
s 327
f 2107/2543/3938 2106/2542/3936 2235/2511/4097 2237/2513/4099
s 323
f 2087/2429/3819 2088/2431/3821 2238/2650/4100 2236/2649/4098
s 327
f 2108/2544/3940 2107/2543/3938 2237/2513/4099 2239/2515/4101
s 323
f 2088/2431/3821 2089/2433/3823 2240/2651/4102 2238/2650/4100
s 327
f 2109/2545/3942 2108/2544/3940 2239/2515/4101 2241/2517/4103
s 323
f 2089/2433/3823 2090/2435/3825 2242/2652/4104 2240/2651/4102
s 327
f 2110/2546/3944 2109/2545/3942 2241/2517/4103 2243/2519/4105
s 323
f 2090/2435/3825 2091/2437/3827 2244/2653/4106 2242/2652/4104
s 327
f 2111/2547/3946 2110/2546/3944 2243/2519/4105 2245/2521/4107
s 323
f 2091/2441/3827 2092/2440/3829 2246/2654/4108 2244/2655/4106
s 327
f 2112/2548/3948 2111/2547/3946 2245/2521/4107 2247/2523/4109
s 323
f 2092/2440/3829 2093/2443/3831 2248/2656/4110 2246/2654/4108
s 327
f 2113/2549/3950 2112/2548/3948 2247/2523/4109 2249/2525/4111
s 323
f 2093/2447/3831 2094/2446/3833 2250/2657/4112 2248/2658/4110
s 327
f 2114/2550/3952 2113/2549/3950 2249/2525/4111 2251/2527/4113
s 323
f 2094/2446/3833 2095/2449/3835 2252/2659/4114 2250/2657/4112
s 327
f 2115/2551/3954 2114/2550/3952 2251/2527/4113 2253/2529/4115
s 323
f 2095/2449/3835 2096/2451/3837 2254/2660/4116 2252/2659/4114
s 327
f 2116/2552/3956 2115/2551/3954 2253/2529/4115 2255/2531/4117
s 323
f 2096/2451/3837 2097/2453/3839 2256/2661/4118 2254/2660/4116
s 327
f 2117/2553/3958 2116/2552/3956 2255/2531/4117 2257/2533/4119
s 323
f 2097/2453/3839 2078/2409/3803 2218/2639/4081 2256/2661/4118
s 327
f 2098/2534/3920 2117/2553/3958 2257/2533/4119 2221/2497/4082
s 330
f 2258/2662/4120 2259/2663/4121 2279/2664/4122 2278/2665/4123
f 2259/2663/4121 2260/2666/4124 2280/2667/4125 2279/2664/4122
f 2260/2666/4124 2261/2668/4126 2281/2669/4127 2280/2667/4125
f 2261/2670/4126 2262/2671/4128 2282/2672/4129 2281/2673/4127
f 2262/2671/4128 2263/2674/4130 2283/2675/4131 2282/2672/4129
f 2263/2676/4130 2264/2677/4132 2284/2678/4133 2283/2679/4131
f 2264/2677/4132 2265/2680/4134 2285/2681/4135 2284/2678/4133
f 2265/2680/4134 2266/2682/4136 2286/2683/4137 2285/2681/4135
f 2266/2682/4136 2267/2684/4138 2287/2685/4139 2286/2683/4137
f 2267/2684/4138 2268/2686/4140 2288/2687/4141 2287/2685/4139
f 2268/2686/4140 2269/2688/4142 2289/2689/4143 2288/2687/4141
f 2269/2688/4142 2270/2690/4144 2290/2691/4145 2289/2689/4143
f 2270/2690/4144 2271/2692/4146 2291/2693/4147 2290/2691/4145
f 2271/2694/4146 2272/2695/4148 2292/2696/4149 2291/2697/4147
f 2272/2695/4148 2273/2698/4150 2293/2699/4151 2292/2696/4149
f 2273/2700/4150 2274/2701/4152 2294/2702/4153 2293/2703/4151
f 2274/2701/4152 2275/2704/4154 2295/2705/4155 2294/2702/4153
f 2275/2704/4154 2276/2706/4156 2296/2707/4157 2295/2705/4155
f 2276/2706/4156 2277/2708/4158 2297/2709/4159 2296/2707/4157
f 2277/2708/4158 2258/2662/4120 2278/2665/4123 2297/2709/4159
s 331
f 2358/2711/4160 2360/2712/4161 2359/2710/4162
f 2359/2710/4162 2360/2712/4161 2377/2729/4163
f 2360/2712/4161 2361/2713/4164 2377/2729/4163
f 2377/2729/4163 2361/2713/4164 2376/2728/4165
f 2361/2713/4164 2362/2714/4166 2376/2728/4165
f 2376/2728/4165 2362/2714/4166 2375/2727/4167
f 2362/2714/4166 2363/2715/4168 2375/2727/4167
f 2363/2715/4168 2364/2716/4169 2375/2727/4167
f 2375/2727/4167 2364/2716/4169 2374/2726/4170
f 2364/2716/4169 2365/2717/4171 2374/2726/4170
f 2374/2726/4170 2365/2717/4171 2373/2725/4172
f 2373/2725/4172 2365/2717/4171 2372/2724/4173
f 2365/2717/4171 2366/2718/4174 2372/2724/4173
f 2372/2724/4173 2366/2718/4174 2371/2723/4175
f 2366/2718/4174 2367/2719/4176 2371/2723/4175
f 2367/2719/4176 2368/2720/4177 2371/2723/4175
f 2371/2723/4175 2368/2720/4177 2370/2722/4178
f 2368/2720/4177 2369/2721/4179 2370/2722/4178
s 332
f 2318/2730/4180 2319/2731/4181 2337/2749/4182
f 2319/2731/4181 2320/2732/4183 2337/2749/4182
f 2320/2732/4183 2321/2733/4184 2337/2749/4182
f 2321/2733/4184 2322/2734/4185 2337/2749/4182
f 2322/2734/4185 2323/2735/4186 2337/2749/4182
f 2323/2735/4186 2324/2736/4187 2337/2749/4182
f 2324/2736/4187 2325/2737/4188 2337/2749/4182
f 2325/2737/4188 2326/2738/4189 2337/2749/4182
f 2326/2738/4189 2327/2739/4190 2337/2749/4182
f 2327/2739/4190 2328/2740/4191 2337/2749/4182
f 2337/2749/4182 2328/2740/4191 2336/2748/4192
f 2328/2740/4191 2329/2741/4193 2336/2748/4192
f 2336/2748/4192 2329/2741/4193 2335/2747/4194
f 2329/2741/4193 2330/2742/4195 2335/2747/4194
f 2330/2742/4195 2331/2743/4196 2335/2747/4194
f 2335/2747/4194 2331/2743/4196 2334/2746/4197
f 2331/2743/4196 2332/2744/4198 2334/2746/4197
f 2332/2744/4198 2333/2745/4199 2334/2746/4197
s 333
f 2418/2750/4200 2419/2751/4201 2420/2752/4202 2421/2753/4203
f 2419/2751/4201 2422/2754/4204 2423/2755/4205 2420/2752/4202
f 2422/2754/4204 2424/2756/4206 2425/2757/4207 2423/2755/4205
f 2424/2756/4206 2426/2758/4208 2427/2759/4209 2425/2757/4207
f 2426/2758/4208 2428/2760/4210 2429/2761/4211 2427/2759/4209
f 2428/2760/4210 2430/2762/4212 2431/2763/4213 2429/2761/4211
f 2430/2762/4212 2432/2764/4214 2433/2765/4215 2431/2763/4213
f 2432/2764/4214 2434/2766/4216 2435/2767/4217 2433/2765/4215
f 2434/2766/4216 2436/2768/4218 2437/2769/4219 2435/2767/4217
f 2436/2768/4218 2438/2770/4220 2439/2771/4221 2437/2769/4219
f 2438/2770/4220 2440/2772/4222 2441/2773/4223 2439/2771/4221
f 2440/2772/4222 2442/2774/4224 2443/2775/4225 2441/2773/4223
f 2442/2774/4224 2444/2776/4226 2445/2777/4227 2443/2775/4225
f 2444/2776/4226 2446/2778/4228 2447/2779/4229 2445/2777/4227
f 2446/2778/4228 2448/2780/4230 2449/2781/4231 2447/2779/4229
f 2448/2780/4230 2450/2782/4232 2451/2783/4233 2449/2781/4231
f 2450/2782/4232 2452/2784/4234 2453/2785/4235 2451/2783/4233
f 2452/2784/4234 2454/2786/4236 2455/2787/4237 2453/2785/4235
f 2454/2786/4236 2456/2788/4238 2457/2789/4239 2455/2787/4237
f 2456/2788/4238 2418/2750/4200 2421/2753/4203 2457/2789/4239
s 334
f 2298/2790/4240 2299/2791/4241 2319/2731/4242 2318/2730/4243
f 2299/2791/4241 2300/2792/4244 2320/2732/4245 2319/2731/4242
f 2300/2792/4244 2301/2793/4246 2321/2733/4247 2320/2732/4245
f 2301/2793/4246 2302/2794/4248 2322/2734/4249 2321/2733/4247
f 2302/2794/4248 2303/2795/4250 2323/2735/4251 2322/2734/4249
f 2303/2795/4250 2304/2796/4252 2324/2736/4253 2323/2735/4251
f 2304/2796/4252 2305/2797/4254 2325/2737/4255 2324/2736/4253
f 2305/2797/4254 2306/2798/4256 2326/2738/4257 2325/2737/4255
f 2306/2798/4256 2307/2799/4258 2327/2739/4259 2326/2738/4257
f 2307/2799/4258 2308/2800/4260 2328/2740/4261 2327/2739/4259
f 2308/2800/4260 2309/2801/4262 2329/2741/4263 2328/2740/4261
f 2309/2801/4262 2310/2802/4264 2330/2742/4265 2329/2741/4263
f 2310/2802/4264 2311/2803/4266 2331/2743/4267 2330/2742/4265
f 2311/2803/4266 2312/2804/4268 2332/2744/4269 2331/2743/4267
f 2312/2804/4268 2313/2805/4270 2333/2745/4271 2332/2744/4269
f 2313/2805/4270 2314/2806/4272 2334/2746/4273 2333/2745/4271
f 2314/2806/4272 2315/2807/4274 2335/2747/4275 2334/2746/4273
f 2315/2807/4274 2316/2808/4276 2336/2748/4277 2335/2747/4275
f 2316/2808/4276 2317/2809/4278 2337/2749/4279 2336/2748/4277
f 2317/2809/4278 2298/2790/4240 2318/2730/4243 2337/2749/4279
s 335
f 2379/2810/4280 2378/2811/4281 2380/2812/4282 2381/2813/4283
f 2378/2811/4281 2382/2814/4284 2383/2815/4285 2380/2812/4282
f 2382/2814/4284 2384/2816/4286 2385/2817/4287 2383/2815/4285
f 2384/2816/4286 2386/2818/4288 2387/2819/4289 2385/2817/4287
f 2386/2818/4288 2388/2820/4290 2389/2821/4291 2387/2819/4289
f 2388/2820/4290 2390/2822/4292 2391/2823/4293 2389/2821/4291
f 2390/2822/4292 2392/2824/4294 2393/2825/4295 2391/2823/4293
f 2392/2824/4294 2394/2826/4296 2395/2827/4297 2393/2825/4295
f 2394/2826/4296 2396/2828/4298 2397/2829/4299 2395/2827/4297
f 2396/2828/4298 2398/2830/4300 2399/2831/4301 2397/2829/4299
f 2398/2830/4300 2400/2832/4302 2401/2833/4303 2399/2831/4301
f 2400/2832/4302 2402/2834/4304 2403/2835/4305 2401/2833/4303
f 2402/2834/4304 2404/2836/4306 2405/2837/4307 2403/2835/4305
f 2404/2836/4306 2406/2838/4308 2407/2839/4309 2405/2837/4307
f 2406/2838/4308 2408/2840/4310 2409/2841/4311 2407/2839/4309
f 2408/2840/4310 2410/2842/4312 2411/2843/4313 2409/2841/4311
f 2410/2842/4312 2412/2844/4314 2413/2845/4315 2411/2843/4313
f 2412/2844/4314 2414/2846/4316 2415/2847/4317 2413/2845/4315
f 2414/2846/4316 2416/2848/4318 2417/2849/4319 2415/2847/4317
f 2416/2848/4318 2379/2810/4280 2381/2813/4283 2417/2849/4319
s 336
f 2339/2850/4320 2338/2851/4321 2358/2711/4322 2359/2710/4323
f 2338/2851/4321 2340/2852/4324 2360/2712/4325 2358/2711/4322
f 2340/2852/4324 2341/2853/4326 2361/2713/4327 2360/2712/4325
f 2341/2853/4326 2342/2854/4328 2362/2714/4329 2361/2713/4327
f 2342/2854/4328 2343/2855/4330 2363/2715/4331 2362/2714/4329
f 2343/2855/4330 2344/2856/4332 2364/2716/4333 2363/2715/4331
f 2344/2856/4332 2345/2857/4334 2365/2717/4335 2364/2716/4333
f 2345/2857/4334 2346/2858/4336 2366/2718/4337 2365/2717/4335
f 2346/2858/4336 2347/2859/4338 2367/2719/4339 2366/2718/4337
f 2347/2859/4338 2348/2860/4340 2368/2720/4341 2367/2719/4339
f 2348/2860/4340 2349/2861/4342 2369/2721/4343 2368/2720/4341
f 2349/2861/4342 2350/2862/4344 2370/2722/4345 2369/2721/4343
f 2350/2862/4344 2351/2863/4346 2371/2723/4347 2370/2722/4345
f 2351/2863/4346 2352/2864/4348 2372/2724/4349 2371/2723/4347
f 2352/2864/4348 2353/2865/4350 2373/2725/4351 2372/2724/4349
f 2353/2865/4350 2354/2866/4352 2374/2726/4353 2373/2725/4351
f 2354/2866/4352 2355/2867/4354 2375/2727/4355 2374/2726/4353
f 2355/2867/4354 2356/2868/4356 2376/2728/4357 2375/2727/4355
f 2356/2868/4356 2357/2869/4358 2377/2729/4359 2376/2728/4357
f 2357/2869/4358 2339/2850/4320 2359/2710/4323 2377/2729/4359
s 330
f 2258/2662/4120 2277/2708/4158 2378/2870/4360 2379/2871/4361
s 336
f 2338/2851/4321 2339/2850/4320 2381/2813/4362 2380/2812/4363
s 330
f 2277/2708/4158 2276/2706/4156 2382/2872/4364 2378/2870/4360
s 336
f 2340/2852/4324 2338/2851/4321 2380/2812/4363 2383/2815/4365
s 330
f 2276/2706/4156 2275/2704/4154 2384/2873/4366 2382/2872/4364
s 336
f 2341/2853/4326 2340/2852/4324 2383/2815/4365 2385/2817/4367
s 330
f 2275/2704/4154 2274/2701/4152 2386/2874/4368 2384/2873/4366
s 336
f 2342/2854/4328 2341/2853/4326 2385/2817/4367 2387/2819/4369
s 330
f 2274/2701/4152 2273/2700/4150 2388/2875/4370 2386/2874/4368
s 336
f 2343/2855/4330 2342/2854/4328 2387/2819/4369 2389/2821/4371
s 330
f 2273/2698/4150 2272/2695/4148 2390/2876/4372 2388/2877/4370
s 336
f 2344/2856/4332 2343/2855/4330 2389/2821/4371 2391/2823/4373
s 330
f 2272/2695/4148 2271/2694/4146 2392/2878/4374 2390/2876/4372
s 336
f 2345/2857/4334 2344/2856/4332 2391/2823/4373 2393/2825/4375
s 330
f 2271/2692/4146 2270/2690/4144 2394/2879/4376 2392/2880/4374
s 336
f 2346/2858/4336 2345/2857/4334 2393/2825/4375 2395/2827/4377
s 330
f 2270/2690/4144 2269/2688/4142 2396/2881/4378 2394/2879/4376
s 336
f 2347/2859/4338 2346/2858/4336 2395/2827/4377 2397/2829/4379
s 330
f 2269/2688/4142 2268/2686/4140 2398/2882/4380 2396/2881/4378
s 336
f 2348/2860/4340 2347/2859/4338 2397/2829/4379 2399/2831/4381
s 330
f 2268/2686/4140 2267/2684/4138 2400/2883/4382 2398/2882/4380
s 336
f 2349/2861/4342 2348/2860/4340 2399/2831/4381 2401/2833/4383
s 330
f 2267/2684/4138 2266/2682/4136 2402/2884/4384 2400/2883/4382
s 336
f 2350/2862/4344 2349/2861/4342 2401/2833/4383 2403/2835/4385
s 330
f 2266/2682/4136 2265/2680/4134 2404/2885/4386 2402/2884/4384
s 336
f 2351/2863/4346 2350/2862/4344 2403/2835/4385 2405/2837/4387
s 330
f 2265/2680/4134 2264/2677/4132 2406/2886/4388 2404/2885/4386
s 336
f 2352/2864/4348 2351/2863/4346 2405/2837/4387 2407/2839/4389
s 330
f 2264/2677/4132 2263/2676/4130 2408/2887/4390 2406/2886/4388
s 336
f 2353/2865/4350 2352/2864/4348 2407/2839/4389 2409/2841/4391
s 330
f 2263/2674/4130 2262/2671/4128 2410/2888/4392 2408/2889/4390
s 336
f 2354/2866/4352 2353/2865/4350 2409/2841/4391 2411/2843/4393
s 330
f 2262/2671/4128 2261/2670/4126 2412/2890/4394 2410/2888/4392
s 336
f 2355/2867/4354 2354/2866/4352 2411/2843/4393 2413/2845/4395
s 330
f 2261/2668/4126 2260/2666/4124 2414/2891/4396 2412/2892/4394
s 336
f 2356/2868/4356 2355/2867/4354 2413/2845/4395 2415/2847/4397
s 330
f 2260/2666/4124 2259/2663/4121 2416/2893/4398 2414/2891/4396
s 336
f 2357/2869/4358 2356/2868/4356 2415/2847/4397 2417/2849/4399
s 330
f 2259/2663/4121 2258/2662/4120 2379/2871/4361 2416/2893/4398
s 336
f 2339/2850/4320 2357/2869/4358 2417/2849/4399 2381/2813/4362
s 330
f 2278/2665/4123 2279/2664/4122 2419/2894/4400 2418/2895/4401
s 334
f 2299/2791/4241 2298/2790/4240 2421/2753/4402 2420/2752/4403
s 330
f 2279/2664/4122 2280/2667/4125 2422/2896/4404 2419/2894/4400
s 334
f 2300/2792/4244 2299/2791/4241 2420/2752/4403 2423/2755/4405
s 330
f 2280/2667/4125 2281/2669/4127 2424/2897/4406 2422/2896/4404
s 334
f 2301/2793/4246 2300/2792/4244 2423/2755/4405 2425/2757/4407
s 330
f 2281/2673/4127 2282/2672/4129 2426/2898/4408 2424/2899/4406
s 334
f 2302/2794/4248 2301/2793/4246 2425/2757/4407 2427/2759/4409
s 330
f 2282/2672/4129 2283/2675/4131 2428/2900/4410 2426/2898/4408
s 334
f 2303/2795/4250 2302/2794/4248 2427/2759/4409 2429/2761/4411
s 330
f 2283/2679/4131 2284/2678/4133 2430/2901/4412 2428/2902/4410
s 334
f 2304/2796/4252 2303/2795/4250 2429/2761/4411 2431/2763/4413
s 330
f 2284/2678/4133 2285/2681/4135 2432/2903/4414 2430/2901/4412
s 334
f 2305/2797/4254 2304/2796/4252 2431/2763/4413 2433/2765/4415
s 330
f 2285/2681/4135 2286/2683/4137 2434/2904/4416 2432/2903/4414
s 334
f 2306/2798/4256 2305/2797/4254 2433/2765/4415 2435/2767/4417
s 330
f 2286/2683/4137 2287/2685/4139 2436/2905/4418 2434/2904/4416
s 334
f 2307/2799/4258 2306/2798/4256 2435/2767/4417 2437/2769/4419
s 330
f 2287/2685/4139 2288/2687/4141 2438/2906/4420 2436/2905/4418
s 334
f 2308/2800/4260 2307/2799/4258 2437/2769/4419 2439/2771/4421
s 330
f 2288/2687/4141 2289/2689/4143 2440/2907/4422 2438/2906/4420
s 334
f 2309/2801/4262 2308/2800/4260 2439/2771/4421 2441/2773/4423
s 330
f 2289/2689/4143 2290/2691/4145 2442/2908/4424 2440/2907/4422
s 334
f 2310/2802/4264 2309/2801/4262 2441/2773/4423 2443/2775/4425
s 330
f 2290/2691/4145 2291/2693/4147 2444/2909/4426 2442/2908/4424
s 334
f 2311/2803/4266 2310/2802/4264 2443/2775/4425 2445/2777/4427
s 330
f 2291/2697/4147 2292/2696/4149 2446/2910/4428 2444/2911/4426
s 334
f 2312/2804/4268 2311/2803/4266 2445/2777/4427 2447/2779/4429
s 330
f 2292/2696/4149 2293/2699/4151 2448/2912/4430 2446/2910/4428
s 334
f 2313/2805/4270 2312/2804/4268 2447/2779/4429 2449/2781/4431
s 330
f 2293/2703/4151 2294/2702/4153 2450/2913/4432 2448/2914/4430
s 334
f 2314/2806/4272 2313/2805/4270 2449/2781/4431 2451/2783/4433
s 330
f 2294/2702/4153 2295/2705/4155 2452/2915/4434 2450/2913/4432
s 334
f 2315/2807/4274 2314/2806/4272 2451/2783/4433 2453/2785/4435
s 330
f 2295/2705/4155 2296/2707/4157 2454/2916/4436 2452/2915/4434
s 334
f 2316/2808/4276 2315/2807/4274 2453/2785/4435 2455/2787/4437
s 330
f 2296/2707/4157 2297/2709/4159 2456/2917/4438 2454/2916/4436
s 334
f 2317/2809/4278 2316/2808/4276 2455/2787/4437 2457/2789/4439
s 330
f 2297/2709/4159 2278/2665/4123 2418/2895/4401 2456/2917/4438
s 334
f 2298/2790/4240 2317/2809/4278 2457/2789/4439 2421/2753/4402
s 337
f 2458/2918/4440 2459/2919/4441 2479/2920/4442 2478/2921/4443
f 2459/2919/4441 2460/2922/4444 2480/2923/4445 2479/2920/4442
f 2460/2922/4444 2461/2924/4446 2481/2925/4447 2480/2923/4445
f 2461/2926/4446 2462/2927/4448 2482/2928/4449 2481/2929/4447
f 2462/2927/4448 2463/2930/4450 2483/2931/4451 2482/2928/4449
f 2463/2932/4450 2464/2933/4452 2484/2934/4453 2483/2935/4451
f 2464/2933/4452 2465/2936/4454 2485/2937/4455 2484/2934/4453
f 2465/2936/4454 2466/2938/4456 2486/2939/4457 2485/2937/4455
f 2466/2938/4456 2467/2940/4458 2487/2941/4459 2486/2939/4457
f 2467/2940/4458 2468/2942/4460 2488/2943/4461 2487/2941/4459
f 2468/2942/4460 2469/2944/4462 2489/2945/4463 2488/2943/4461
f 2469/2944/4462 2470/2946/4464 2490/2947/4465 2489/2945/4463
f 2470/2946/4464 2471/2948/4466 2491/2949/4467 2490/2947/4465
f 2471/2950/4466 2472/2951/4468 2492/2952/4469 2491/2953/4467
f 2472/2951/4468 2473/2954/4470 2493/2955/4471 2492/2952/4469
f 2473/2956/4470 2474/2957/4472 2494/2958/4473 2493/2959/4471
f 2474/2957/4472 2475/2960/4474 2495/2961/4475 2494/2958/4473
f 2475/2960/4474 2476/2962/4476 2496/2963/4477 2495/2961/4475
f 2476/2962/4476 2477/2964/4478 2497/2965/4479 2496/2963/4477
f 2477/2964/4478 2458/2918/4440 2478/2921/4443 2497/2965/4479
s 338
f 2558/2967/4480 2560/2968/4481 2559/2966/4482
f 2559/2966/4482 2560/2968/4481 2577/2985/4483
f 2560/2968/4481 2561/2969/4484 2577/2985/4483
f 2577/2985/4483 2561/2969/4484 2576/2984/4485
f 2561/2969/4484 2562/2970/4486 2576/2984/4485
f 2576/2984/4485 2562/2970/4486 2575/2983/4487
f 2562/2970/4486 2563/2971/4488 2575/2983/4487
f 2563/2971/4488 2564/2972/4489 2575/2983/4487
f 2575/2983/4487 2564/2972/4489 2574/2982/4490
f 2564/2972/4489 2565/2973/4491 2574/2982/4490
f 2574/2982/4490 2565/2973/4491 2573/2981/4492
f 2573/2981/4492 2565/2973/4491 2572/2980/4493
f 2565/2973/4491 2566/2974/4494 2572/2980/4493
f 2572/2980/4493 2566/2974/4494 2571/2979/4495
f 2566/2974/4494 2567/2975/4496 2571/2979/4495
f 2567/2975/4496 2568/2976/4497 2571/2979/4495
f 2571/2979/4495 2568/2976/4497 2570/2978/4498
f 2568/2976/4497 2569/2977/4499 2570/2978/4498
s 339
f 2518/2986/4500 2519/2987/4501 2537/3005/4502
f 2519/2987/4501 2520/2988/4503 2537/3005/4502
f 2520/2988/4503 2521/2989/4504 2537/3005/4502
f 2521/2989/4504 2522/2990/4505 2537/3005/4502
f 2522/2990/4505 2523/2991/4506 2537/3005/4502
f 2523/2991/4506 2524/2992/4507 2537/3005/4502
f 2524/2992/4507 2525/2993/4508 2537/3005/4502
f 2525/2993/4508 2526/2994/4509 2537/3005/4502
f 2526/2994/4509 2527/2995/4510 2537/3005/4502
f 2527/2995/4510 2528/2996/4511 2537/3005/4502
f 2537/3005/4502 2528/2996/4511 2536/3004/4512
f 2528/2996/4511 2529/2997/4513 2536/3004/4512
f 2536/3004/4512 2529/2997/4513 2535/3003/4514
f 2529/2997/4513 2530/2998/4515 2535/3003/4514
f 2530/2998/4515 2531/2999/4516 2535/3003/4514
f 2535/3003/4514 2531/2999/4516 2534/3002/4517
f 2531/2999/4516 2532/3000/4518 2534/3002/4517
f 2532/3000/4518 2533/3001/4519 2534/3002/4517
s 340
f 2618/3006/4520 2619/3007/4521 2620/3008/4522 2621/3009/4523
f 2619/3007/4521 2622/3010/4524 2623/3011/4525 2620/3008/4522
f 2622/3010/4524 2624/3012/4526 2625/3013/4527 2623/3011/4525
f 2624/3012/4526 2626/3014/4528 2627/3015/4529 2625/3013/4527
f 2626/3014/4528 2628/3016/4530 2629/3017/4531 2627/3015/4529
f 2628/3016/4530 2630/3018/4532 2631/3019/4533 2629/3017/4531
f 2630/3018/4532 2632/3020/4534 2633/3021/4535 2631/3019/4533
f 2632/3020/4534 2634/3022/4536 2635/3023/4537 2633/3021/4535
f 2634/3022/4536 2636/3024/4538 2637/3025/4539 2635/3023/4537
f 2636/3024/4538 2638/3026/4540 2639/3027/4541 2637/3025/4539
f 2638/3026/4540 2640/3028/4542 2641/3029/4543 2639/3027/4541
f 2640/3028/4542 2642/3030/4544 2643/3031/4545 2641/3029/4543
f 2642/3030/4544 2644/3032/4546 2645/3033/4547 2643/3031/4545
f 2644/3032/4546 2646/3034/4548 2647/3035/4549 2645/3033/4547
f 2646/3034/4548 2648/3036/4550 2649/3037/4551 2647/3035/4549
f 2648/3036/4550 2650/3038/4552 2651/3039/4553 2649/3037/4551
f 2650/3038/4552 2652/3040/4554 2653/3041/4555 2651/3039/4553
f 2652/3040/4554 2654/3042/4556 2655/3043/4557 2653/3041/4555
f 2654/3042/4556 2656/3044/4558 2657/3045/4559 2655/3043/4557
f 2656/3044/4558 2618/3006/4520 2621/3009/4523 2657/3045/4559
s 341
f 2498/3046/4560 2499/3047/4561 2519/2987/4562 2518/2986/4563
f 2499/3047/4561 2500/3048/4564 2520/2988/4565 2519/2987/4562
f 2500/3048/4564 2501/3049/4566 2521/2989/4567 2520/2988/4565
f 2501/3049/4566 2502/3050/4568 2522/2990/4569 2521/2989/4567
f 2502/3050/4568 2503/3051/4570 2523/2991/4571 2522/2990/4569
f 2503/3051/4570 2504/3052/4572 2524/2992/4573 2523/2991/4571
f 2504/3052/4572 2505/3053/4574 2525/2993/4575 2524/2992/4573
f 2505/3053/4574 2506/3054/4576 2526/2994/4577 2525/2993/4575
f 2506/3054/4576 2507/3055/4578 2527/2995/4579 2526/2994/4577
f 2507/3055/4578 2508/3056/4580 2528/2996/4581 2527/2995/4579
f 2508/3056/4580 2509/3057/4582 2529/2997/4583 2528/2996/4581
f 2509/3057/4582 2510/3058/4584 2530/2998/4585 2529/2997/4583
f 2510/3058/4584 2511/3059/4586 2531/2999/4587 2530/2998/4585
f 2511/3059/4586 2512/3060/4588 2532/3000/4589 2531/2999/4587
f 2512/3060/4588 2513/3061/4590 2533/3001/4591 2532/3000/4589
f 2513/3061/4590 2514/3062/4592 2534/3002/4593 2533/3001/4591
f 2514/3062/4592 2515/3063/4594 2535/3003/4595 2534/3002/4593
f 2515/3063/4594 2516/3064/4596 2536/3004/4597 2535/3003/4595
f 2516/3064/4596 2517/3065/4598 2537/3005/4599 2536/3004/4597
f 2517/3065/4598 2498/3046/4560 2518/2986/4563 2537/3005/4599
s 342
f 2579/3066/4600 2578/3067/4601 2580/3068/4602 2581/3069/4603
f 2578/3067/4601 2582/3070/4604 2583/3071/4605 2580/3068/4602
f 2582/3070/4604 2584/3072/4606 2585/3073/4607 2583/3071/4605
f 2584/3072/4606 2586/3074/4608 2587/3075/4609 2585/3073/4607
f 2586/3074/4608 2588/3076/4610 2589/3077/4611 2587/3075/4609
f 2588/3076/4610 2590/3078/4612 2591/3079/4613 2589/3077/4611
f 2590/3078/4612 2592/3080/4614 2593/3081/4615 2591/3079/4613
f 2592/3080/4614 2594/3082/4616 2595/3083/4617 2593/3081/4615
f 2594/3082/4616 2596/3084/4618 2597/3085/4619 2595/3083/4617
f 2596/3084/4618 2598/3086/4620 2599/3087/4621 2597/3085/4619
f 2598/3086/4620 2600/3088/4622 2601/3089/4623 2599/3087/4621
f 2600/3088/4622 2602/3090/4624 2603/3091/4625 2601/3089/4623
f 2602/3090/4624 2604/3092/4626 2605/3093/4627 2603/3091/4625
f 2604/3092/4626 2606/3094/4628 2607/3095/4629 2605/3093/4627
f 2606/3094/4628 2608/3096/4630 2609/3097/4631 2607/3095/4629
f 2608/3096/4630 2610/3098/4632 2611/3099/4633 2609/3097/4631
f 2610/3098/4632 2612/3100/4634 2613/3101/4635 2611/3099/4633
f 2612/3100/4634 2614/3102/4636 2615/3103/4637 2613/3101/4635
f 2614/3102/4636 2616/3104/4638 2617/3105/4639 2615/3103/4637
f 2616/3104/4638 2579/3066/4600 2581/3069/4603 2617/3105/4639
s 343
f 2539/3106/4640 2538/3107/4641 2558/2967/4642 2559/2966/4643
f 2538/3107/4641 2540/3108/4644 2560/2968/4645 2558/2967/4642
f 2540/3108/4644 2541/3109/4646 2561/2969/4647 2560/2968/4645
f 2541/3109/4646 2542/3110/4648 2562/2970/4649 2561/2969/4647
f 2542/3110/4648 2543/3111/4650 2563/2971/4651 2562/2970/4649
f 2543/3111/4650 2544/3112/4652 2564/2972/4653 2563/2971/4651
f 2544/3112/4652 2545/3113/4654 2565/2973/4655 2564/2972/4653
f 2545/3113/4654 2546/3114/4656 2566/2974/4657 2565/2973/4655
f 2546/3114/4656 2547/3115/4658 2567/2975/4659 2566/2974/4657
f 2547/3115/4658 2548/3116/4660 2568/2976/4661 2567/2975/4659
f 2548/3116/4660 2549/3117/4662 2569/2977/4663 2568/2976/4661
f 2549/3117/4662 2550/3118/4664 2570/2978/4665 2569/2977/4663
f 2550/3118/4664 2551/3119/4666 2571/2979/4667 2570/2978/4665
f 2551/3119/4666 2552/3120/4668 2572/2980/4669 2571/2979/4667
f 2552/3120/4668 2553/3121/4670 2573/2981/4671 2572/2980/4669
f 2553/3121/4670 2554/3122/4672 2574/2982/4673 2573/2981/4671
f 2554/3122/4672 2555/3123/4674 2575/2983/4675 2574/2982/4673
f 2555/3123/4674 2556/3124/4676 2576/2984/4677 2575/2983/4675
f 2556/3124/4676 2557/3125/4678 2577/2985/4679 2576/2984/4677
f 2557/3125/4678 2539/3106/4640 2559/2966/4643 2577/2985/4679
s 337
f 2458/2918/4440 2477/2964/4478 2578/3126/4680 2579/3127/4681
s 343
f 2538/3107/4641 2539/3106/4640 2581/3069/4682 2580/3068/4683
s 337
f 2477/2964/4478 2476/2962/4476 2582/3128/4684 2578/3126/4680
s 343
f 2540/3108/4644 2538/3107/4641 2580/3068/4683 2583/3071/4685
s 337
f 2476/2962/4476 2475/2960/4474 2584/3129/4686 2582/3128/4684
s 343
f 2541/3109/4646 2540/3108/4644 2583/3071/4685 2585/3073/4687
s 337
f 2475/2960/4474 2474/2957/4472 2586/3130/4688 2584/3129/4686
s 343
f 2542/3110/4648 2541/3109/4646 2585/3073/4687 2587/3075/4689
s 337
f 2474/2957/4472 2473/2956/4470 2588/3131/4690 2586/3130/4688
s 343
f 2543/3111/4650 2542/3110/4648 2587/3075/4689 2589/3077/4691
s 337
f 2473/2954/4470 2472/2951/4468 2590/3132/4692 2588/3133/4690
s 343
f 2544/3112/4652 2543/3111/4650 2589/3077/4691 2591/3079/4693
s 337
f 2472/2951/4468 2471/2950/4466 2592/3134/4694 2590/3132/4692
s 343
f 2545/3113/4654 2544/3112/4652 2591/3079/4693 2593/3081/4695
s 337
f 2471/2948/4466 2470/2946/4464 2594/3135/4696 2592/3136/4694
s 343
f 2546/3114/4656 2545/3113/4654 2593/3081/4695 2595/3083/4697
s 337
f 2470/2946/4464 2469/2944/4462 2596/3137/4698 2594/3135/4696
s 343
f 2547/3115/4658 2546/3114/4656 2595/3083/4697 2597/3085/4699
s 337
f 2469/2944/4462 2468/2942/4460 2598/3138/4700 2596/3137/4698
s 343
f 2548/3116/4660 2547/3115/4658 2597/3085/4699 2599/3087/4701
s 337
f 2468/2942/4460 2467/2940/4458 2600/3139/4702 2598/3138/4700
s 343
f 2549/3117/4662 2548/3116/4660 2599/3087/4701 2601/3089/4703
s 337
f 2467/2940/4458 2466/2938/4456 2602/3140/4704 2600/3139/4702
s 343
f 2550/3118/4664 2549/3117/4662 2601/3089/4703 2603/3091/4705
s 337
f 2466/2938/4456 2465/2936/4454 2604/3141/4706 2602/3140/4704
s 343
f 2551/3119/4666 2550/3118/4664 2603/3091/4705 2605/3093/4707
s 337
f 2465/2936/4454 2464/2933/4452 2606/3142/4708 2604/3141/4706
s 343
f 2552/3120/4668 2551/3119/4666 2605/3093/4707 2607/3095/4709
s 337
f 2464/2933/4452 2463/2932/4450 2608/3143/4710 2606/3142/4708
s 343
f 2553/3121/4670 2552/3120/4668 2607/3095/4709 2609/3097/4711
s 337
f 2463/2930/4450 2462/2927/4448 2610/3144/4712 2608/3145/4710
s 343
f 2554/3122/4672 2553/3121/4670 2609/3097/4711 2611/3099/4713
s 337
f 2462/2927/4448 2461/2926/4446 2612/3146/4714 2610/3144/4712
s 343
f 2555/3123/4674 2554/3122/4672 2611/3099/4713 2613/3101/4715
s 337
f 2461/2924/4446 2460/2922/4444 2614/3147/4716 2612/3148/4714
s 343
f 2556/3124/4676 2555/3123/4674 2613/3101/4715 2615/3103/4717
s 337
f 2460/2922/4444 2459/2919/4441 2616/3149/4718 2614/3147/4716
s 343
f 2557/3125/4678 2556/3124/4676 2615/3103/4717 2617/3105/4719
s 337
f 2459/2919/4441 2458/2918/4440 2579/3127/4681 2616/3149/4718
s 343
f 2539/3106/4640 2557/3125/4678 2617/3105/4719 2581/3069/4682
s 337
f 2478/2921/4443 2479/2920/4442 2619/3150/4720 2618/3151/4721
s 341
f 2499/3047/4561 2498/3046/4560 2621/3009/4722 2620/3008/4723
s 337
f 2479/2920/4442 2480/2923/4445 2622/3152/4724 2619/3150/4720
s 341
f 2500/3048/4564 2499/3047/4561 2620/3008/4723 2623/3011/4725
s 337
f 2480/2923/4445 2481/2925/4447 2624/3153/4726 2622/3152/4724
s 341
f 2501/3049/4566 2500/3048/4564 2623/3011/4725 2625/3013/4727
s 337
f 2481/2929/4447 2482/2928/4449 2626/3154/4728 2624/3155/4726
s 341
f 2502/3050/4568 2501/3049/4566 2625/3013/4727 2627/3015/4729
s 337
f 2482/2928/4449 2483/2931/4451 2628/3156/4730 2626/3154/4728
s 341
f 2503/3051/4570 2502/3050/4568 2627/3015/4729 2629/3017/4731
s 337
f 2483/2935/4451 2484/2934/4453 2630/3157/4732 2628/3158/4730
s 341
f 2504/3052/4572 2503/3051/4570 2629/3017/4731 2631/3019/4733
s 337
f 2484/2934/4453 2485/2937/4455 2632/3159/4734 2630/3157/4732
s 341
f 2505/3053/4574 2504/3052/4572 2631/3019/4733 2633/3021/4735
s 337
f 2485/2937/4455 2486/2939/4457 2634/3160/4736 2632/3159/4734
s 341
f 2506/3054/4576 2505/3053/4574 2633/3021/4735 2635/3023/4737
s 337
f 2486/2939/4457 2487/2941/4459 2636/3161/4738 2634/3160/4736
s 341
f 2507/3055/4578 2506/3054/4576 2635/3023/4737 2637/3025/4739
s 337
f 2487/2941/4459 2488/2943/4461 2638/3162/4740 2636/3161/4738
s 341
f 2508/3056/4580 2507/3055/4578 2637/3025/4739 2639/3027/4741
s 337
f 2488/2943/4461 2489/2945/4463 2640/3163/4742 2638/3162/4740
s 341
f 2509/3057/4582 2508/3056/4580 2639/3027/4741 2641/3029/4743
s 337
f 2489/2945/4463 2490/2947/4465 2642/3164/4744 2640/3163/4742
s 341
f 2510/3058/4584 2509/3057/4582 2641/3029/4743 2643/3031/4745
s 337
f 2490/2947/4465 2491/2949/4467 2644/3165/4746 2642/3164/4744
s 341
f 2511/3059/4586 2510/3058/4584 2643/3031/4745 2645/3033/4747
s 337
f 2491/2953/4467 2492/2952/4469 2646/3166/4748 2644/3167/4746
s 341
f 2512/3060/4588 2511/3059/4586 2645/3033/4747 2647/3035/4749
s 337
f 2492/2952/4469 2493/2955/4471 2648/3168/4750 2646/3166/4748
s 341
f 2513/3061/4590 2512/3060/4588 2647/3035/4749 2649/3037/4751
s 337
f 2493/2959/4471 2494/2958/4473 2650/3169/4752 2648/3170/4750
s 341
f 2514/3062/4592 2513/3061/4590 2649/3037/4751 2651/3039/4753
s 337
f 2494/2958/4473 2495/2961/4475 2652/3171/4754 2650/3169/4752
s 341
f 2515/3063/4594 2514/3062/4592 2651/3039/4753 2653/3041/4755
s 337
f 2495/2961/4475 2496/2963/4477 2654/3172/4756 2652/3171/4754
s 341
f 2516/3064/4596 2515/3063/4594 2653/3041/4755 2655/3043/4757
s 337
f 2496/2963/4477 2497/2965/4479 2656/3173/4758 2654/3172/4756
s 341
f 2517/3065/4598 2516/3064/4596 2655/3043/4757 2657/3045/4759
s 337
f 2497/2965/4479 2478/2921/4443 2618/3151/4721 2656/3173/4758
s 341
f 2498/3046/4560 2517/3065/4598 2657/3045/4759 2621/3009/4722
