# This file uses centimeters as units for non-parametric coordinates.

mtllib TV_KiarraLockhart.mtl
g default
v -2.448398 1.342891 3.243301
v -2.449921 1.408356 3.309271
v -2.541530 1.429353 3.288115
v -2.540337 1.362414 3.221165
v 0.036258 1.387175 3.242810
v 0.035074 1.453625 3.309271
v -0.058900 1.451948 3.309271
v -0.057715 1.385499 3.242810
v -2.565157 7.894427 3.309271
v -2.566688 7.960381 3.243792
v -2.657517 7.937602 3.221165
v -2.656324 7.870662 3.288115
v -0.080491 7.938216 3.309271
v -0.081676 8.004666 3.242810
v -0.175649 8.002990 3.242810
v -0.174465 7.936542 3.309271
v -2.566332 7.960384 -3.243302
v -2.565521 7.894909 -3.309271
v -2.656324 7.870662 -3.288115
v -2.657517 7.937602 -3.221165
v -0.081676 8.004666 -3.242811
v -0.080491 7.938216 -3.309271
v -0.174465 7.936542 -3.309271
v -0.175649 8.002990 -3.242811
v -2.449574 1.408852 -3.309271
v -2.448755 1.342887 -3.243792
v -2.540337 1.362414 -3.221165
v -2.541530 1.429353 -3.288115
v 0.035074 1.453625 -3.309271
v 0.036258 1.387175 -3.242811
v -0.057715 1.385499 -3.242811
v -0.058900 1.451948 -3.309271
v -2.479582 3.044237 3.309271
v -2.570190 3.055475 3.288270
v -2.567352 2.957806 3.288801
v -2.477906 2.950264 3.309271
v 2.473585 1.498321 3.173875
v 2.472334 1.568483 3.240335
v 2.408520 1.494583 3.309271
v 2.409681 1.429472 3.244148
v 2.379327 3.036562 3.309271
v 2.445648 3.065904 3.243524
v 2.443770 3.171293 3.242401
v 2.378171 3.130706 3.309271
v -2.567195 7.960369 1.607641
v -2.657202 7.937763 1.594791
v -2.656113 7.938313 1.692496
v -2.567195 7.960369 1.701630
v 2.359270 7.912749 3.241573
v 2.358086 7.979199 3.171398
v 2.291746 8.046963 3.244148
v 2.292907 7.981853 3.309271
v 2.290036 8.046932 1.701894
v 2.358029 7.982385 1.673739
v 2.358048 7.981265 1.568335
v 2.290557 8.046940 1.607746
v -2.525081 5.597261 -3.309271
v -2.615319 5.587723 -3.288270
v -2.615936 5.683901 -3.288801
v -2.526756 5.691234 -3.309271
v 2.358063 7.980437 -3.173874
v 2.359315 7.910273 -3.240335
v 2.292907 7.981853 -3.309271
v 2.291746 8.046963 -3.244149
v 2.330656 5.777935 -3.309271
v 2.397618 5.760953 -3.243202
v 2.399368 5.662748 -3.242556
v 2.332628 5.683908 -3.309271
v -2.449261 1.342879 -1.607641
v -2.540015 1.362264 -1.594791
v -2.538908 1.361754 -1.692497
v -2.449261 1.342879 -1.701630
v 2.472379 1.566007 -3.241572
v 2.473563 1.499557 -3.171398
v 2.409681 1.429472 -3.244149
v 2.408520 1.494583 -3.309271
v 2.407969 1.429442 -1.701894
v 2.473620 1.496370 -1.673740
v 2.473600 1.497491 -1.568335
v 2.408491 1.429451 -1.607746
v 2.435901 1.771556 -3.033499
v 2.437074 1.705776 -2.968378
v 2.438270 1.638684 -3.033499
v 2.437074 1.705778 -3.100603
v 2.437074 1.705777 2.967709
v 2.435913 1.770886 3.033499
v 2.437074 1.705778 3.100603
v 2.438270 1.638684 3.033499
v 2.438266 1.638918 -1.603049
v 2.437074 1.705777 -1.563691
v 2.437074 1.705777 -1.469491
v 2.438247 1.639968 -1.497624
v 2.328968 7.771812 -2.967709
v 2.330128 7.706701 -3.033499
v 2.328968 7.771812 -3.100603
v 2.327772 7.838905 -3.033499
v 2.365631 5.714562 -3.088377
v 2.363955 5.808601 -3.007430
v 2.367101 5.632063 -3.018714
v 2.367374 5.616803 -3.093454
v 2.330140 7.706032 3.033499
v 2.328968 7.771812 2.968378
v 2.327772 7.838905 3.033499
v 2.328968 7.771812 3.100603
v 2.327776 7.838671 1.603049
v 2.328968 7.771812 1.563691
v 2.328968 7.771812 1.469491
v 2.327796 7.837621 1.497624
v 2.411586 3.135999 3.100368
v 2.410884 3.175350 3.033499
v 2.409205 3.269535 3.033499
v 2.409707 3.241408 3.099319
v 2.045802 1.698804 -2.967038
v 2.044617 1.765253 -3.033499
v 2.044618 1.765253 3.033499
v 2.045802 1.698804 2.967038
v 1.938921 7.696074 -3.028612
v 1.937696 7.764841 -2.964550
v 1.937696 7.764838 2.969187
v 1.938839 7.700686 3.037866
v -3.307841 1.717080 -2.853241
v -3.309113 1.783824 -2.919791
v -3.223704 1.743973 -2.960771
v -3.222523 1.677652 -2.894440
v -3.309029 1.783659 2.919830
v -3.307926 1.717118 2.853073
v -3.222523 1.677652 2.894440
v -3.223703 1.743973 2.960771
v -4.069360 2.155233 -2.536033
v -3.992214 2.098536 -2.591999
v -3.991500 2.032999 -2.526719
v -4.068151 2.087388 -2.468176
v -4.066903 2.086117 -1.332699
v -3.990588 2.032577 -1.344998
v -3.991289 2.032900 -1.247844
v -4.066903 2.086117 -1.238711
v -3.411898 7.555814 2.853241
v -3.410790 7.489066 2.919791
v -3.326857 7.531933 2.960771
v -3.328036 7.598255 2.894440
v -4.068151 2.087388 2.468176
v -3.991042 2.032785 2.526238
v -3.992658 2.098049 2.591779
v -4.069360 2.155233 2.536033
v -4.088368 3.290553 2.537323
v -4.012809 3.279598 2.592217
v -4.015240 3.376724 2.591880
v -4.090043 3.384527 2.537323
v -3.410710 7.489236 -2.919830
v -3.411979 7.555775 -2.853073
v -3.328036 7.598255 -2.894440
v -3.326857 7.531933 -2.960771
v -4.159048 7.067361 2.533773
v -4.082519 7.150494 2.591868
v -4.083652 7.215843 2.527685
v -4.154110 7.150888 2.479889
v -4.151263 7.155258 1.332699
v -4.082174 7.216591 1.346100
v -4.083657 7.215839 1.247844
v -4.151263 7.155258 1.238710
v -4.154110 7.150888 -2.479890
v -4.082963 7.216192 -2.526963
v -4.083346 7.151344 -2.591474
v -4.159048 7.067361 -2.533773
v -4.126976 5.456898 -2.537323
v -4.051491 5.450094 -2.592218
v -4.050484 5.354426 -2.591880
v -4.125231 5.359048 -2.537323
v -3.247961 3.109697 -2.960810
v -3.332916 3.128657 -2.919870
v -3.334631 3.224832 -2.919870
v -3.249674 3.205874 -2.960810
v -3.327955 7.598297 -1.528501
v -3.411816 7.555855 -1.508031
v -3.411816 7.555855 -1.411839
v -3.327955 7.598297 -1.432309
v -3.291871 5.573443 2.960810
v -3.376240 5.559657 2.919870
v -3.374552 5.464884 2.919870
v -3.290181 5.478672 2.960810
v -3.222438 1.677614 1.528501
v -3.307760 1.717042 1.508031
v -3.307760 1.717042 1.411839
v -3.222438 1.677614 1.432309
v -0.086362 2.992885 3.309271
v 0.007612 2.994559 3.309271
v 0.005937 3.088534 3.309271
v -0.088036 3.086859 3.309271
v -0.175649 8.002990 1.701630
v -0.081676 8.004666 1.701630
v -0.081676 8.004666 1.607641
v -0.175649 8.002990 1.607641
v -0.135210 5.733855 -3.309271
v -0.041236 5.735531 -3.309271
v -0.039562 5.641558 -3.309271
v -0.133535 5.639882 -3.309271
v -0.057715 1.385499 -1.701630
v 0.036258 1.387175 -1.701630
v 0.036258 1.387175 -1.607641
v -0.057715 1.385499 -1.607641
v -2.565976 7.960388 0.048213
v -2.567195 7.960369 -0.046994
v -2.657202 7.937763 -0.048213
v -2.657202 7.937763 0.048213
v -2.567195 7.960369 -1.701630
v -2.657202 7.937763 -1.693478
v -2.656113 7.938313 -1.596304
v -2.567195 7.960369 -1.607641
v -3.411816 7.555855 -0.046994
v -3.411816 7.555855 0.046994
v -3.327955 7.598297 0.046994
v -3.327955 7.598297 -0.046994
v -3.411816 7.555855 1.508031
v -3.327955 7.598297 1.528501
v -3.327955 7.598297 1.432309
v -3.411816 7.555855 1.411839
v -4.151263 7.155258 0.046994
v -4.082174 7.216591 0.048657
v -4.083657 7.215839 -0.046994
v -4.151263 7.155258 -0.046994
v -4.151263 7.155258 -1.238711
v -4.082174 7.216591 -1.246504
v -4.083657 7.215839 -1.344036
v -4.151263 7.155258 -1.332699
v -4.066903 2.086117 -0.046994
v -3.990588 2.032577 -0.047770
v -3.991289 2.032900 0.046994
v -4.066903 2.086117 0.046994
v -4.066903 2.086117 1.238710
v -3.990588 2.032577 1.247219
v -3.991289 2.032900 1.344036
v -4.066903 2.086117 1.332699
v -3.307760 1.717042 0.046994
v -3.307760 1.717042 -0.046994
v -3.222438 1.677614 -0.046994
v -3.222438 1.677614 0.046994
v -3.307760 1.717042 -1.508031
v -3.222438 1.677614 -1.528501
v -3.222438 1.677614 -1.432309
v -3.307760 1.717042 -1.411839
v -2.448042 1.342901 -0.048213
v -2.449261 1.342879 0.046994
v -2.540015 1.362264 0.048213
v -2.540015 1.362264 -0.048213
v -2.449261 1.342879 1.701630
v -2.540015 1.362264 1.693479
v -2.538908 1.361754 1.596304
v -2.449261 1.342879 1.607641
v 0.036258 1.387175 -0.046994
v 0.036258 1.387175 0.046994
v -0.057715 1.385499 0.046994
v -0.057715 1.385499 -0.046994
v 0.036258 1.387175 1.701630
v -0.057715 1.385499 1.701630
v -0.057715 1.385499 1.607641
v 0.036258 1.387175 1.607641
v 2.473607 1.497082 -0.046994
v 2.473607 1.497082 0.046994
v 2.408341 1.429448 0.046994
v 2.408341 1.429448 -0.046994
v 2.473618 1.496442 1.673761
v 2.408155 1.429446 1.701762
v 2.408491 1.429451 1.607746
v 2.473600 1.497491 1.568335
v 2.437074 1.705777 -0.046994
v 2.437074 1.705777 0.046994
v 2.438258 1.639328 0.046994
v 2.438258 1.639328 -0.046994
v 2.437074 1.705777 1.563639
v 2.438269 1.638731 1.603292
v 2.438247 1.639968 1.497624
v 2.437074 1.705777 1.469491
v 2.328968 7.771812 0.046994
v 2.328968 7.771812 -0.046994
v 2.327784 7.838262 -0.046994
v 2.327784 7.838262 0.046994
v 2.328968 7.771812 -1.563638
v 2.327773 7.838858 -1.603292
v 2.327796 7.837621 -1.497624
v 2.328968 7.771812 -1.469491
v 2.358041 7.981677 0.046994
v 2.358041 7.981677 -0.046994
v 2.290408 8.046939 -0.046994
v 2.290408 8.046939 0.046994
v 2.358031 7.982315 -1.673761
v 2.290221 8.046936 -1.701762
v 2.290557 8.046940 -1.607746
v 2.358048 7.981265 -1.568335
v -0.081676 8.004666 0.046994
v -0.081676 8.004666 -0.046994
v -0.175649 8.002990 -0.046994
v -0.175649 8.002990 0.046994
v -0.081676 8.004666 -1.701630
v -0.175649 8.002990 -1.701630
v -0.175649 8.002990 -1.607641
v -0.081676 8.004666 -1.607641
v 2.045802 1.698804 0.046994
v 2.045802 1.698804 -0.046994
v 1.937696 7.764841 -0.046994
v 1.937696 7.764841 0.046994
v -2.506151 4.603440 3.309271
v -2.509066 4.698608 3.309271
v -2.599466 4.698220 3.288270
v -2.597750 4.601808 3.288270
v -2.526756 5.691234 3.309271
v -2.617054 5.684954 3.288270
v -2.614246 5.589130 3.288801
v -2.525081 5.597261 3.309271
v -3.360626 4.683434 2.919870
v -3.358949 4.589461 2.919870
v -3.274360 4.590969 2.960810
v -3.276036 4.684943 2.960810
v -3.332916 3.128657 2.919870
v -3.247961 3.109697 2.960810
v -3.249674 3.205874 2.960810
v -3.334631 3.224832 2.919870
v -4.111148 4.568746 2.537323
v -4.035925 4.576620 2.592217
v -4.038313 4.671358 2.591880
v -4.112840 4.663701 2.537323
v -4.125231 5.359049 2.537323
v -4.049775 5.353757 2.592217
v -4.052176 5.449198 2.591880
v -4.126976 5.456898 2.537323
v -4.112840 4.663701 -2.537323
v -4.037627 4.672146 -2.592218
v -4.036637 4.577384 -2.591880
v -4.111148 4.568746 -2.537323
v -4.090043 3.384527 -2.537323
v -4.014552 3.377360 -2.592218
v -4.013525 3.280549 -2.591880
v -4.088368 3.290553 -2.537323
v -3.358949 4.589461 -2.919870
v -3.360625 4.683434 -2.919870
v -3.276036 4.684943 -2.960810
v -3.274360 4.590969 -2.960810
v -3.376240 5.559657 -2.919870
v -3.291871 5.573443 -2.960810
v -3.290181 5.478673 -2.960810
v -3.374552 5.464884 -2.919870
v -2.507868 4.699852 -3.309271
v -2.507391 4.604638 -3.309271
v -2.597750 4.601808 -3.288270
v -2.599467 4.698220 -3.288270
v -2.477906 2.950264 -3.309271
v -2.568432 2.956804 -3.288270
v -2.569066 3.053982 -3.288800
v -2.479582 3.044237 -3.309271
v -0.023546 4.742908 -3.309271
v -0.021871 4.648933 -3.309271
v -0.115845 4.647258 -3.309271
v -0.117520 4.741230 -3.309271
v 0.007612 2.994559 -3.309271
v -0.086362 2.992885 -3.309271
v -0.088036 3.086859 -3.309271
v 0.005937 3.088534 -3.309271
v 2.414987 4.786366 -3.242811
v 2.416662 4.692392 -3.242811
v 2.350212 4.691208 -3.309271
v 2.348537 4.785181 -3.309271
v 2.445648 3.065883 -3.243450
v 2.379511 3.036699 -3.309271
v 2.378171 3.130706 -3.309271
v 2.443770 3.171293 -3.242401
v 2.382183 4.785782 -3.033499
v 2.383858 4.691807 -3.033499
v 2.383858 4.691808 -3.099958
v 2.382184 4.785781 -3.099958
v 2.410883 3.175404 -3.033499
v 2.411590 3.135757 -3.100556
v 2.409707 3.241408 -3.099319
v 2.409205 3.269535 -3.033499
v 2.383858 4.691807 3.033499
v 2.382183 4.785782 3.033499
v 2.382184 4.785781 3.099958
v 2.383858 4.691808 3.099958
v 2.365242 5.736405 3.202391
v 2.365514 5.721147 3.110219
v 2.367272 5.622483 3.109621
v 2.367096 5.632352 3.109718
v 2.416662 4.692392 3.242810
v 2.414987 4.786366 3.242810
v 2.348537 4.785181 3.309271
v 2.350212 4.691208 3.309271
v 2.397619 5.760975 3.243149
v 2.330751 5.777870 3.309271
v 2.332628 5.683908 3.309271
v 2.399368 5.662748 3.242556
v -0.021871 4.648933 3.309271
v -0.023546 4.742908 3.309271
v -0.117520 4.741230 3.309271
v -0.115845 4.647258 3.309271
v -0.041236 5.735531 3.309271
v -0.135210 5.733855 3.309271
v -0.133535 5.639882 3.309271
v -0.039562 5.641558 3.309271
v 1.992587 4.684779 -3.033499
v 1.990915 4.778644 -3.028953
v 1.990915 4.778597 3.038652
v 1.992588 4.684764 3.033499
v 2.045802 1.698804 1.563744
v 2.045802 1.698804 1.469755
v 1.937696 7.764841 1.469755
v 1.937696 7.764838 1.563744
v 1.937696 7.764841 -1.563743
v 1.937696 7.764841 -1.469755
v 2.045802 1.698804 -1.469755
v 2.045802 1.698804 -1.563743
v 2.019613 3.168326 -3.033499
v 2.017938 3.262300 -3.033499
v 2.017939 3.262300 3.033499
v 2.019613 3.168325 3.033499
v 1.970227 5.939428 3.157782
v 1.972198 5.828834 3.154378
v 1.970299 5.935458 -2.916643
v 1.967103 6.114738 -2.916251
v -4.444116 3.381820 2.113673
v -4.442377 3.284243 2.117275
v -4.407485 3.281262 2.200969
v -4.409291 3.382441 2.200969
v -4.444054 3.378218 1.238710
v -4.442377 3.284243 1.238710
v -4.442377 3.284243 1.332699
v -4.444054 3.378218 1.332699
v -4.392079 2.416732 1.235108
v -4.394606 2.419299 1.332699
v -4.428460 2.503392 1.336302
v -4.428460 2.503392 1.235108
v -4.428460 2.503392 2.113673
v -4.392079 2.416732 2.138464
v -4.393194 2.479226 2.200969
v -4.393194 2.479226 -2.200969
v -4.389833 2.414449 -2.136831
v -4.428460 2.503392 -2.113673
v -4.428460 2.503392 -1.235108
v -4.428396 2.499791 -1.332699
v -4.392079 2.416732 -1.336302
v -4.392079 2.416732 -1.235108
v -4.444054 3.378218 -1.332699
v -4.442377 3.284243 -1.332699
v -4.442377 3.284243 -1.238711
v -4.444054 3.378218 -1.238711
v -4.409291 3.382441 -2.200969
v -4.410031 3.284819 -2.198356
v -4.442312 3.280642 -2.113673
v -4.444116 3.381820 -2.113673
v -4.500910 6.568677 1.236546
v -4.500948 6.570841 1.332699
v -4.474933 6.659003 1.334864
v -4.474933 6.659003 1.236546
v -4.479173 5.348955 1.332699
v -4.480876 5.444530 1.332699
v -4.480706 5.435019 1.238710
v -4.479036 5.341046 1.238710
v -4.446744 5.484131 2.200969
v -4.451056 5.586730 2.198356
v -4.483521 5.592936 2.113673
v -4.481687 5.490031 2.113673
v -4.500910 6.568677 2.115110
v -4.466590 6.597720 2.200969
v -4.474933 6.659003 2.136226
v -4.481688 5.490031 -2.113673
v -4.483470 5.589941 -2.117275
v -4.448623 5.589480 -2.200969
v -4.446745 5.484131 -2.200969
v -4.479036 5.341046 -1.238711
v -4.480706 5.435019 -1.238711
v -4.480876 5.444530 -1.332699
v -4.479173 5.348955 -1.332699
v -4.474934 6.659003 -1.236546
v -4.476116 6.657191 -1.332699
v -4.500911 6.568676 -1.334864
v -4.500911 6.568676 -1.236546
v -4.500885 6.567241 -2.113673
v -4.474934 6.659003 -2.136226
v -4.466591 6.597722 -2.200969
v -4.500910 6.568677 -0.049160
v -4.500948 6.570841 0.046994
v -4.474933 6.659003 0.049159
v -4.474933 6.659003 -0.049159
v -4.479036 5.341046 0.046994
v -4.480706 5.435019 0.046994
v -4.480706 5.435019 -0.046995
v -4.479036 5.341046 -0.046994
v -4.444054 3.378218 -0.046994
v -4.442377 3.284243 -0.046994
v -4.442377 3.284243 0.046994
v -4.444054 3.378218 0.046994
v -4.392079 2.416732 -0.050597
v -4.394606 2.419299 0.046994
v -4.428460 2.503392 0.050597
v -4.428460 2.503392 -0.050597
v -4.465662 4.590811 2.113673
v -4.463910 4.492482 2.117275
v -4.429067 4.492158 2.200969
v -4.430891 4.594394 2.200969
v -4.466960 4.663719 1.238710
v -4.465286 4.569743 1.238710
v -4.465205 4.565189 1.332699
v -4.466888 4.659565 1.332699
v -4.466960 4.663719 -0.046994
v -4.465286 4.569743 -0.046994
v -4.465286 4.569743 0.046994
v -4.466960 4.663719 0.046994
v -4.466888 4.659565 -1.332699
v -4.465205 4.565189 -1.332699
v -4.465286 4.569743 -1.238711
v -4.466960 4.663719 -1.238711
v -4.430891 4.594394 -2.200969
v -4.431602 4.495230 -2.198356
v -4.463855 4.489200 -2.113673
v -4.465662 4.590811 -2.113673
v -2.554473 1.094404 3.483171
v -2.653488 1.115447 3.459356
v -2.653026 1.115249 1.818513
v -2.555352 1.094387 1.827266
v -2.556118 1.165287 3.554601
v 0.012882 1.140157 3.482649
v 0.011600 1.212095 3.554603
v -2.654779 1.187873 3.531795
v -2.586130 2.821448 3.554602
v -2.682399 2.829545 3.532570
v -3.387491 1.525784 3.180183
v -3.386107 1.454010 3.108496
v 0.113745 1.141955 3.482650
v 0.012883 1.140157 1.827265
v 0.113794 1.141956 1.827265
v 0.112461 1.213895 3.554602
v 2.662994 1.187405 3.484060
v 2.661737 1.257923 3.554584
v 0.083016 2.869018 3.554602
v -0.017896 2.867220 3.554602
v -2.679877 8.131063 3.554602
v -2.778062 8.105492 3.531795
v -2.735769 5.758046 3.532000
v -2.638585 5.764794 3.554602
v -2.681531 8.202473 3.483701
v -0.112512 8.176291 3.554603
v -0.113794 8.248234 3.482650
v -2.779353 8.177919 3.459358
v -2.682028 8.202464 1.827265
v -2.777730 8.178722 1.817457
v -3.499590 7.813394 3.108423
v -3.498210 7.741721 3.180212
v -0.011548 8.178092 3.554602
v -0.070351 5.810563 3.554602
v 0.030561 5.812361 3.554602
v -0.012832 8.250032 3.482650
v 2.537575 8.224932 3.554584
v 2.536317 8.295444 3.484055
v -0.012882 8.250032 1.827265
v -0.113794 8.248234 1.827265
v -2.681150 8.202478 -3.483171
v -2.779353 8.177919 -3.459356
v -2.778898 8.178133 -1.818513
v -2.682029 8.202465 -1.827266
v -2.680268 8.131584 -3.554601
v -0.113794 8.248234 -3.482649
v -0.112512 8.176291 -3.554603
v -2.778062 8.105494 -3.531796
v -2.638585 5.764793 -3.554603
v -2.734570 5.756916 -3.532570
v -3.498374 7.741637 -3.180131
v -3.499551 7.813413 -3.108443
v -0.012832 8.250032 -3.482650
v -0.113794 8.248234 -1.827265
v -0.012882 8.250032 -1.827265
v -0.011548 8.178092 -3.554602
v 2.536318 8.295444 -3.484060
v 2.537576 8.224926 -3.554584
v 0.030561 5.812361 -3.554602
v -0.070351 5.810563 -3.554602
v -2.555745 1.165823 -3.554601
v -2.654778 1.187875 -3.531795
v -2.683559 2.828468 -3.531999
v -2.586131 2.821450 -3.554603
v -2.554855 1.094398 -3.483701
v 0.011600 1.212096 -3.554603
v 0.012883 1.140157 -3.482650
v -2.653489 1.115447 -3.459358
v -2.555351 1.094388 -1.827265
v -2.651838 1.114704 -1.817457
v -3.386271 1.454085 -3.108418
v -3.387444 1.525764 -3.180205
v 0.112461 1.213895 -3.554602
v -0.017896 2.867220 -3.554602
v 0.083016 2.869018 -3.554602
v 0.113745 1.141955 -3.482650
v 2.661738 1.257919 -3.554584
v 2.662994 1.187405 -3.484055
v 0.113795 1.141956 -1.827265
v 0.012882 1.140157 -1.827265
v -2.587929 2.922363 3.554602
v -0.019695 2.968132 3.554602
v -2.685447 2.934426 3.532000
v -2.616458 4.596683 3.554602
v -2.715039 4.594927 3.532000
v -3.415203 3.095927 3.180314
v -3.413362 2.992649 3.180314
v 2.732064 1.261913 3.408229
v 2.661230 1.187355 1.827406
v 2.732100 1.259893 1.797338
v 2.730714 1.337658 3.479985
v 2.729352 1.414090 3.257433
v 2.728072 1.485761 3.329119
v 2.702058 2.945649 3.483413
v 2.630256 2.914130 3.554603
v 2.629013 3.015225 3.554602
v 0.081217 2.969931 3.554602
v 2.700039 3.058818 3.482210
v 2.700703 3.021544 3.328864
v 2.698685 3.134886 3.327733
v 2.670931 4.692222 3.482649
v 2.598990 4.690941 3.554603
v -2.682028 8.202465 1.726337
v -0.113794 8.248234 1.726337
v -2.778898 8.178133 1.712538
v -2.680719 8.202489 0.051773
v -2.778898 8.178133 0.051773
v -3.499276 7.813554 1.538060
v -3.499276 7.813554 1.641354
v 2.609301 8.150369 3.481315
v 2.578095 5.857833 3.554602
v 2.650481 5.839702 3.483011
v 2.608023 8.222112 3.405561
v 2.611988 7.999632 3.329082
v 2.610711 8.071270 3.257433
v 2.607962 8.225540 1.797315
v 2.534353 8.295428 1.827549
v 2.534911 8.295439 1.726449
v -0.012882 8.250032 1.726337
v 2.607984 8.224339 1.684129
v 2.610715 8.071015 1.721407
v 2.610736 8.069883 1.608052
v 2.607975 8.224775 0.050464
v 2.534752 8.295435 0.050464
v -2.636787 5.663881 -3.554602
v -0.068553 5.709651 -3.554602
v -2.733907 5.653634 -3.532000
v -2.618303 4.700213 -3.554603
v -2.716885 4.698458 -3.532000
v -3.458698 5.536531 -3.180314
v -3.460509 5.638300 -3.180314
v 2.607999 8.223444 -3.408229
v 2.534553 8.295432 -1.827406
v 2.607963 8.225463 -1.797338
v 2.609349 8.147701 -3.479984
v 2.610712 8.071270 -3.257432
v 2.611989 7.999523 -3.329191
v 2.650481 5.839677 -3.483067
v 2.577993 5.857904 -3.554602
v 2.580107 5.756935 -3.554602
v 0.032359 5.711450 -3.554602
v 2.652361 5.734222 -3.482376
v 2.651352 5.790782 -3.316070
v 2.653228 5.685496 -3.321518
v 2.669132 4.793135 -3.482650
v 2.597192 4.791852 -3.554602
v -2.555351 1.094383 -1.726337
v 0.012882 1.140157 -1.726337
v -2.653026 1.115253 -1.712538
v -2.554043 1.094409 -0.051773
v -2.653026 1.115253 -0.051773
v -3.385937 1.453933 -1.538060
v -3.385937 1.453933 -1.641354
v 2.730762 1.334991 -3.481316
v 2.630453 2.914277 -3.554603
v 2.702058 2.945626 -3.483335
v 2.732040 1.263244 -3.405562
v 2.728072 1.485763 -3.329118
v 2.729352 1.414087 -3.257434
v 2.732102 1.259817 -1.797315
v 2.661030 1.187351 -1.827549
v 2.661588 1.187361 -1.726449
v 0.113795 1.141956 -1.726337
v 2.732080 1.261019 -1.684129
v 2.729348 1.414342 -1.721407
v 2.729326 1.415473 -1.608034
v 2.732085 1.260581 -0.050464
v 2.661429 1.187359 -0.050464
v 2.635738 1.810641 -2.990050
v 2.700710 3.021284 -3.329065
v 2.610410 3.196908 -2.990032
v 2.637549 1.746225 -2.926273
v 2.281323 1.805012 -2.990032
v 2.282483 1.739918 -2.924925
v 2.636190 1.746220 -1.539168
v 2.636887 1.746213 2.936309
v 2.729351 1.414141 1.721668
v 2.636263 1.746222 1.549813
v 2.636414 1.809992 3.000747
v 2.282485 1.739916 2.935623
v 2.281325 1.805015 3.000728
v 2.610338 3.196854 3.000728
v 2.635744 1.746214 -1.446331
v 2.282482 1.739918 -1.539220
v 2.282482 1.739918 -1.446384
v 2.636114 1.746219 -0.041070
v 2.729340 1.414786 -0.050464
v 2.530141 7.736064 -2.925608
v 2.610712 8.071217 -1.721668
v 2.529516 7.736033 -1.539117
v 2.532013 7.672334 -2.990092
v 2.175738 7.729726 -2.922460
v 2.176938 7.662371 -2.985188
v 2.583608 5.798162 -2.964414
v 2.582264 5.623670 -2.975557
v 2.204771 6.100794 -2.874255
v 2.207927 5.923652 -2.874645
v 2.581973 4.787505 -2.990066
v 2.669133 4.793130 -3.328448
v 2.531235 7.671605 3.000707
v 2.651233 5.797562 3.339389
v 2.557106 5.726350 3.018687
v 2.530798 7.736069 2.936974
v 2.176860 7.666879 3.005057
v 2.175739 7.729724 2.937751
v 2.529443 7.736029 1.549865
v 2.528997 7.736024 1.457044
v 2.175740 7.729724 1.549916
v 2.175740 7.729724 1.457080
v 2.529366 7.736029 0.051766
v 2.610723 8.070572 0.050464
v 2.608238 3.289653 3.000728
v 2.256638 3.190499 3.000728
v 2.254983 3.283321 3.000728
v 2.583562 4.694720 3.000723
v 2.670931 4.692222 3.328421
v -3.477565 1.496273 -3.064335
v -3.477556 1.496270 -1.619373
v -3.479422 1.568679 -3.136073
v -4.211998 1.835670 -2.713574
v -4.212774 1.906529 -2.784153
v -3.504590 3.013007 -3.136351
v -3.413362 2.992649 -3.180314
v -3.478824 1.568264 3.136359
v -3.504590 3.013007 3.136351
v -3.478112 1.496523 3.063932
v -4.213254 1.906000 2.783917
v -4.211507 1.835444 2.713056
v -3.477556 1.496270 1.619373
v -3.385937 1.453933 1.641354
v -4.295748 1.967466 -2.723921
v -4.294442 1.894207 -2.650646
v -4.639999 2.245590 -2.294776
v -4.643573 2.315438 -2.364018
v -4.316044 3.186852 -2.725414
v -4.235528 3.176113 -2.784106
v -4.210881 1.835140 -1.444303
v -4.292980 1.892739 -1.431096
v -4.292980 1.892739 -1.330168
v -4.642362 2.247961 -1.326297
v -4.642359 2.247958 -1.434963
v -4.211637 1.835487 -1.339975
v -3.477556 1.496270 -1.516079
v -4.210881 1.835138 -0.051297
v -4.292980 1.892739 -0.050464
v -3.589290 7.767997 3.064358
v -3.589328 7.767978 1.619373
v -3.588685 7.695511 3.136038
v -4.311018 7.402712 2.714617
v -4.309761 7.332064 2.784011
v -3.551110 5.623495 3.136351
v -3.460509 5.638300 3.180314
v -4.294442 1.894207 2.650647
v -4.295748 1.967469 2.723922
v -4.643615 2.315439 2.363937
v -4.642365 2.247964 2.296532
v -4.292981 1.892739 1.431096
v -4.211637 1.835487 1.443269
v -4.234761 3.175093 2.784468
v -4.316044 3.186851 2.725414
v -4.317846 3.287766 2.725415
v -4.660851 3.285524 2.364024
v -4.658915 3.176875 2.364024
v -4.237369 3.279390 2.784106
v -3.506430 3.116285 3.136351
v -4.259582 4.567878 2.784468
v -4.340508 4.559418 2.725414
v -3.587909 7.696046 -3.136418
v -3.551110 5.623495 -3.136351
v -3.590099 7.767589 -3.063821
v -4.310658 7.332981 -2.783587
v -4.310273 7.403088 -2.713838
v -3.589328 7.767978 -1.619373
v -3.499276 7.813554 -1.641354
v -4.392074 7.242708 2.721488
v -4.386835 7.332762 2.663226
v -4.731432 6.804364 2.294132
v -4.722389 6.738333 2.364020
v -4.357502 5.513144 2.725414
v -4.277032 5.504879 2.784105
v -4.309299 7.403605 1.445486
v -4.383688 7.337566 1.431096
v -4.383687 7.337567 1.330168
v -4.731403 6.804439 1.327842
v -4.731403 6.804439 1.433420
v -4.310890 7.402799 1.339976
v -3.589328 7.767978 1.516079
v -4.309302 7.403608 0.052250
v -4.383687 7.337567 0.050465
v -4.386835 7.332762 -2.663224
v -4.392075 7.242708 -2.721486
v -4.722436 6.738331 -2.363933
v -4.731406 6.804436 -2.294135
v -4.383687 7.337565 -1.431095
v -4.310892 7.402798 -1.443269
v -4.276299 5.505841 -2.784468
v -4.357502 5.513145 -2.725414
v -4.355628 5.408072 -2.725415
v -4.701074 5.542383 -2.364022
v -4.703089 5.655511 -2.364024
v -4.275217 5.403109 -2.784106
v -3.549299 5.521725 -3.136351
v -4.261411 4.670455 -2.784469
v -4.342322 4.661386 -2.725414
v -3.415203 3.095927 -3.180314
v -2.684240 2.932822 -3.532570
v -3.506430 3.116285 -3.136351
v -4.236631 3.280075 -2.784468
v -3.532543 4.581667 -3.136351
v -3.441707 4.583286 -3.180314
v -3.499276 7.813554 -1.538060
v -2.777730 8.178722 -1.714164
v -3.589328 7.767978 -1.516079
v -4.309302 7.403608 -1.338536
v -3.589328 7.767978 -0.050464
v -3.499276 7.813554 -0.050464
v -3.458698 5.536531 3.180314
v -2.732756 5.655146 3.532570
v -3.549299 5.521725 3.136351
v -4.274459 5.402390 2.784468
v -3.534341 4.682579 3.136351
v -3.443506 4.684197 3.180314
v -3.385937 1.453933 1.538060
v -2.651838 1.114704 1.714164
v -3.477556 1.496270 1.516079
v -4.210880 1.835138 1.339304
v -3.477556 1.496270 0.050464
v -3.385937 1.453933 0.050464
v 0.051355 4.645538 3.554602
v -0.049557 4.643739 3.554602
v -0.012882 8.250032 0.050464
v -0.113794 8.248234 0.050464
v 0.049557 4.746451 -3.554602
v -0.051355 4.744650 -3.554602
v 0.113795 1.141956 -0.050464
v 0.012882 1.140157 -0.050464
v -2.682028 8.202465 -0.050464
v -0.113794 8.248234 -0.050464
v -2.778898 8.178133 -0.051773
v -2.682029 8.202464 -1.726338
v -3.499276 7.813554 0.050464
v -0.113794 8.248234 -1.726337
v -3.589328 7.767978 0.050464
v -4.310890 7.402798 -0.050464
v -4.383687 7.337567 -0.050464
v -4.731404 6.804439 -0.052790
v -4.731403 6.804439 0.052788
v -4.383687 7.337568 -1.330167
v -4.732675 6.802488 -1.431095
v -4.731406 6.804437 -1.327842
v -4.292980 1.892739 0.050464
v -4.645079 2.250725 0.050462
v -4.642365 2.247963 -0.054335
v -4.211636 1.835487 0.050464
v -3.477556 1.496270 -0.050464
v -4.292980 1.892739 1.330168
v -4.645079 2.250725 1.431094
v -4.642366 2.247964 1.326297
v -3.385937 1.453933 -0.050464
v -2.653026 1.115253 0.051773
v -2.555351 1.094383 0.050464
v 0.012882 1.140157 0.050464
v -2.555351 1.094383 1.726338
v 0.012883 1.140157 1.726338
v 0.113795 1.141956 0.050464
v 2.661429 1.187359 0.050464
v 0.113794 1.141956 1.726338
v 2.661588 1.187362 1.726449
v 2.732085 1.260581 0.050464
v 2.729340 1.414786 0.050464
v 2.732077 1.261023 1.683504
v 2.729326 1.415473 1.607883
v 2.636114 1.746219 0.051766
v 2.282482 1.739918 -0.041070
v 2.282482 1.739918 0.051766
v 2.635744 1.746214 1.457080
v 2.282482 1.739918 1.457080
v 2.282482 1.739918 1.549916
v 2.529366 7.736029 -0.041070
v 2.175740 7.729724 0.051766
v 2.175740 7.729724 -0.041070
v 2.610723 8.070572 -0.050464
v 2.528997 7.736024 -1.446419
v 2.610736 8.069883 -1.607922
v 2.607975 8.224775 -0.050464
v 2.175740 7.729724 -1.446384
v 2.175740 7.729724 -1.539220
v 2.607983 8.224339 -1.683523
v 2.534752 8.295434 -0.050464
v 2.534911 8.295438 -1.726449
v -0.012882 8.250032 -0.050464
v -0.012882 8.250032 -1.726337
v -2.619591 4.698882 3.554602
v -0.051355 4.744650 3.554602
v -2.716884 4.698456 3.532000
v -2.636787 5.663882 3.554602
v -3.441707 4.583286 3.180314
v -0.068553 5.709651 3.554602
v -3.532543 4.581667 3.136351
v -4.262144 4.669609 2.784106
v -4.342322 4.661386 2.725415
v -4.684047 4.586959 2.364023
v -4.682093 4.477174 2.364024
v -4.355628 5.408072 2.725415
v -4.705709 5.652557 2.361213
v -4.701076 5.542382 2.364020
v -4.340508 4.559418 -2.725415
v -4.684821 4.480472 -2.361213
v -4.684050 4.586960 -2.364020
v -4.260346 4.568696 -2.784106
v -3.534341 4.682579 -3.136351
v -4.317846 3.287766 -2.725415
v -4.661652 3.180696 -2.361213
v -4.660857 3.285524 -2.364018
v -3.443506 4.684197 -3.180314
v -2.715040 4.594928 -3.532000
v -2.617790 4.597970 -3.554602
v -0.049557 4.643739 -3.554602
v -2.587928 2.922362 -3.554603
v -0.019695 2.968132 -3.554602
v 0.051355 4.645538 -3.554602
v 2.598990 4.690941 -3.554602
v 0.081217 2.969931 -3.554602
v 2.629013 3.015225 -3.554602
v 2.670931 4.692222 -3.482649
v 2.670931 4.692222 -3.328421
v 2.700039 3.058818 -3.482210
v 2.698682 3.135052 -3.327733
v 2.583570 4.694705 -2.990034
v 2.228289 4.781024 -2.985543
v 2.229941 4.688346 -2.990032
v 2.608238 3.289615 -2.990032
v 2.254981 3.283321 -2.990032
v 2.256637 3.190499 -2.990032
v 2.581857 4.787557 3.000686
v 2.229943 4.688352 3.000728
v 2.228291 4.781053 3.005821
v 2.669133 4.793139 3.328405
v 2.560265 5.623621 3.018355
v 2.653120 5.691618 3.338748
v 2.669132 4.793135 3.482650
v 2.209801 5.818398 3.120146
v 2.207854 5.927606 3.123505
v 2.652370 5.733748 3.482376
v 2.597192 4.791852 3.554602
v 2.580097 5.757533 3.554602
v 0.049557 4.746451 3.554602
v 0.032359 5.711450 3.554602
v -4.698393 3.284855 2.269927
v -4.719649 4.477518 2.273795
v -4.696527 3.180074 2.273795
v -4.698326 3.280984 1.431096
v -4.696527 3.180072 1.431096
v -4.681579 2.341396 2.269906
v -4.698326 3.280984 1.330168
v -4.721040 4.555592 1.431096
v -4.721127 4.560485 1.330168
v -4.696527 3.180072 1.330168
v -4.698326 3.280984 0.050464
v -4.696527 3.180072 0.050464
v -4.681579 2.341380 1.326297
v -4.681579 2.341380 1.434963
v -4.681579 2.341380 0.054331
v -4.681581 2.341386 -2.269901
v -4.696457 3.176206 -2.269919
v -4.681509 2.337503 -1.431094
v -4.681579 2.341375 -1.326297
v -4.681578 2.341378 -0.054335
v -4.696527 3.180072 -1.330168
v -4.696527 3.180072 -1.431096
v -4.698326 3.280984 -1.431096
v -4.698326 3.280984 -1.330168
v -4.721127 4.560485 -1.330168
v -4.721040 4.555592 -1.431096
v -4.698393 3.284855 -2.269919
v -4.696527 3.180072 -0.050464
v -4.698326 3.280984 -0.050464
v -4.719589 4.473994 -2.269919
v -4.759384 6.707155 1.327842
v -4.759426 6.709480 0.050463
v -4.759425 6.709479 1.431095
v -4.737686 5.489645 1.330168
v -4.737869 5.499857 1.431096
v -4.759384 6.707137 2.271451
v -4.736039 5.397226 1.431096
v -4.735892 5.388732 1.330168
v -4.722926 4.661397 1.330168
v -4.722846 4.656937 1.431096
v -4.738739 5.548718 2.269921
v -4.740708 5.659220 2.269919
v -4.737686 5.489645 0.050464
v -4.735892 5.388732 0.050464
v -4.721530 4.583109 2.269924
v -4.738740 5.548718 -2.269925
v -4.721531 4.583109 -2.269921
v -4.740652 5.656003 -2.273795
v -4.736039 5.397226 -1.431096
v -4.737869 5.499857 -1.431096
v -4.759357 6.705590 -2.269908
v -4.735892 5.388732 -1.330168
v -4.722846 4.656937 -1.431096
v -4.722926 4.661397 -1.330168
v -4.737686 5.489645 -1.330168
v -4.735892 5.388732 -0.050464
v -4.737686 5.489645 -0.050464
v -4.759386 6.707152 -1.327842
v -4.759385 6.707150 -1.433420
v -4.759384 6.707154 -0.052790
v -4.722926 4.661397 -0.050464
v -4.722926 4.661397 0.050464
v -4.721127 4.560485 0.050464
v -4.721127 4.560485 -0.050464
v 0.346557 11.475052 2.372897
v 0.339454 11.476115 2.382224
v 0.331020 11.479283 2.375351
v 0.338166 11.478226 2.366086
v 0.528426 11.447603 2.425582
v 0.529182 11.447414 2.437327
v 0.517868 11.447384 2.437983
v 0.517181 11.447590 2.426256
v 0.698917 11.478537 2.344457
v 0.707149 11.479641 2.352795
v 0.699584 11.476412 2.360590
v 0.691406 11.475351 2.352225
v 0.319087 11.616022 2.049864
v 0.311065 11.623212 2.045126
v 0.318628 11.626389 2.037307
v 0.326599 11.619205 2.042094
v 0.489578 11.646955 1.968738
v 0.489033 11.655437 1.960597
v 0.500344 11.655416 1.959916
v 0.500824 11.646965 1.968064
v 0.671448 11.619501 2.021420
v 0.678760 11.626736 2.015698
v 0.687193 11.623518 2.022549
v 0.679839 11.616333 2.028234
v 0.259846 11.544817 2.217274
v 0.249107 11.548932 2.219770
v 0.248492 11.553427 2.209385
v 0.259224 11.549311 2.206962
v 0.758159 11.549751 2.177051
v 0.769107 11.553929 2.178155
v 0.769722 11.549383 2.188517
v 0.758781 11.545258 2.187363
v 0.300325 11.516768 2.430719
v 0.304080 11.509166 2.422771
v 0.312375 11.506019 2.429289
v 0.308620 11.513633 2.437454
v 0.521889 11.479311 2.504149
v 0.521463 11.472421 2.494797
v 0.532441 11.472396 2.493965
v 0.533005 11.479319 2.503480
v 0.736718 11.514003 2.411790
v 0.732225 11.506464 2.404169
v 0.739453 11.509525 2.396451
v 0.744143 11.517151 2.404110
v 0.284067 11.690977 2.030480
v 0.288096 11.680084 2.030097
v 0.280864 11.676840 2.037738
v 0.276642 11.687828 2.038159
v 0.498896 11.725675 1.938124
v 0.498859 11.714130 1.939472
v 0.487876 11.713972 1.940225
v 0.487780 11.725665 1.938791
v 0.720459 11.688213 2.011553
v 0.716241 11.677386 2.011497
v 0.707940 11.680347 2.004898
v 0.712163 11.691347 2.004814
v 0.201816 11.604443 2.234523
v 0.207416 11.595182 2.230288
v 0.208169 11.590697 2.240314
v 0.202431 11.600001 2.244716
v 0.818968 11.600539 2.207749
v 0.812903 11.591368 2.203979
v 0.812147 11.595667 2.193874
v 0.818353 11.604980 2.197556
v 0.281676 11.592913 2.489104
v 0.284327 11.583929 2.482294
v 0.292521 11.580624 2.488442
v 0.289971 11.589780 2.495841
v 0.525749 11.551832 2.569574
v 0.525663 11.543409 2.561620
v 0.536372 11.543176 2.560556
v 0.536865 11.551844 2.568908
v 0.762079 11.590185 2.467538
v 0.759159 11.581413 2.460564
v 0.766105 11.584171 2.452816
v 0.769504 11.593332 2.459858
v 0.262984 11.784708 2.048514
v 0.265401 11.773510 2.046817
v 0.258437 11.770027 2.054249
v 0.255559 11.781561 2.056194
v 0.499313 11.823065 1.946478
v 0.498896 11.811511 1.945755
v 0.488169 11.811028 1.946508
v 0.488197 11.823057 1.947144
v 0.743385 11.781981 2.026946
v 0.740231 11.770991 2.025084
v 0.732019 11.773575 2.018622
v 0.735090 11.785112 2.020208
v 0.172836 11.689373 2.273279
v 0.176523 11.679237 2.269058
v 0.177397 11.674588 2.278728
v 0.173451 11.684933 2.283472
v 0.852226 11.685526 2.242778
v 0.848035 11.675688 2.238326
v 0.847144 11.679617 2.228343
v 0.851611 11.689968 2.232585
v 0.251000 11.700158 2.576770
v 0.250738 11.689953 2.572335
v 0.259034 11.686823 2.579083
v 0.259295 11.697025 2.583508
v 0.531602 11.653200 2.668660
v 0.531339 11.642994 2.664231
v 0.542462 11.643005 2.663570
v 0.542718 11.653210 2.667995
v 0.802824 11.697487 2.550920
v 0.802564 11.687284 2.546495
v 0.809997 11.690437 2.538817
v 0.810250 11.700640 2.543242
v 0.228358 11.920490 2.070687
v 0.228105 11.910288 2.066250
v 0.220671 11.907143 2.073934
v 0.220932 11.917339 2.078365
v 0.499579 11.964788 1.952947
v 0.499329 11.954582 1.948515
v 0.488206 11.954577 1.949177
v 0.488463 11.964779 1.953614
v 0.780179 11.917822 2.044837
v 0.779927 11.907615 2.040407
v 0.771631 11.910761 2.033668
v 0.771884 11.920958 2.038100
v 0.125393 11.810872 2.329084
v 0.125135 11.800671 2.324649
v 0.125745 11.796232 2.334850
v 0.126008 11.806433 2.339280
v 0.905787 11.807108 2.292529
v 0.905531 11.796897 2.288098
v 0.904920 11.801348 2.277903
v 0.905172 11.811549 2.282334
v 0.287928 11.821465 2.587732
v 0.283418 11.810848 2.588769
v 0.291517 11.807550 2.595251
v 0.296223 11.818329 2.594471
v 0.531454 11.780467 2.668024
v 0.531863 11.769141 2.670410
v 0.542718 11.768918 2.669659
v 0.542570 11.780478 2.667358
v 0.767262 11.818729 2.566229
v 0.772222 11.808267 2.566367
v 0.779473 11.811108 2.558763
v 0.774687 11.821873 2.558547
v 0.269296 12.012826 2.148122
v 0.263901 12.006003 2.140480
v 0.256640 12.002693 2.147879
v 0.261871 12.009671 2.155797
v 0.505103 12.051094 2.046321
v 0.504260 12.045132 2.036430
v 0.493392 12.044887 2.036978
v 0.493987 12.051086 2.046988
v 0.748626 12.010098 2.126616
v 0.752701 12.003426 2.118072
v 0.744591 12.006253 2.111389
v 0.740331 12.013231 2.119878
v 0.179340 11.917706 2.372384
v 0.172426 11.908958 2.369267
v 0.173020 11.904380 2.379122
v 0.179954 11.913265 2.382576
v 0.857216 11.913849 2.341971
v 0.863695 11.905315 2.337582
v 0.863088 11.909419 2.327519
v 0.856601 11.918293 2.331778
v 0.385628 11.978491 2.540482
v 0.378338 11.971644 2.545877
v 0.386876 11.968634 2.552768
v 0.393923 11.975355 2.547218
v 0.532206 11.953299 2.590004
v 0.526791 11.945877 2.596617
v 0.538384 11.945889 2.595923
v 0.664346 11.975588 2.531006
v 0.671921 11.968619 2.535820
v 0.679443 11.972023 2.527994
v 0.671772 11.978735 2.523328
v 0.378095 12.089693 2.284833
v 0.370322 12.088781 2.276597
v 0.362808 12.085703 2.284566
v 0.370670 12.086548 2.292513
v 0.515452 12.111528 2.215794
v 0.504106 12.111645 2.216628
v 0.510235 12.111988 2.225831
v 0.656810 12.086792 2.275354
v 0.663900 12.085756 2.266535
v 0.655372 12.089096 2.259789
v 0.648515 12.089928 2.268618
v 0.313528 12.030836 2.413321
v 0.314250 12.026461 2.423798
v 0.322647 12.032467 2.419825
v 0.719791 12.032813 2.396015
v 0.728712 12.026563 2.399099
v 0.728071 12.031196 2.388468
v 0.520784 12.035780 2.400708
v 0.513358 12.032633 2.408388
v 0.521654 12.029501 2.415126
v 0.529079 12.032648 2.407445
v 0.384580 11.484142 2.330134
v 0.378641 11.488682 2.339660
v 0.370286 11.491825 2.332901
v 0.376346 11.487255 2.323447
v 0.339357 11.537691 2.209301
v 0.331460 11.544905 2.212921
v 0.330845 11.549347 2.202727
v 0.338742 11.542131 2.199107
v 0.523772 11.472229 2.349371
v 0.524400 11.476220 2.359914
v 0.513284 11.476210 2.360580
v 0.512655 11.472218 2.350037
v 0.678285 11.542431 2.178751
v 0.686545 11.549662 2.181403
v 0.687160 11.545218 2.191597
v 0.678900 11.537991 2.188944
v 0.655901 11.487498 2.306686
v 0.663010 11.492083 2.315352
v 0.655560 11.488910 2.323083
v 0.648530 11.484374 2.314311
v 0.361743 11.592726 2.081409
v 0.354995 11.602480 2.078969
v 0.362445 11.605650 2.071236
v 0.369114 11.595849 2.073785
v 0.493870 11.607891 2.038679
v 0.493605 11.618341 2.034407
v 0.504721 11.618349 2.033739
v 0.504986 11.607901 2.038013
v 0.633064 11.596077 2.057961
v 0.639365 11.605874 2.054660
v 0.647719 11.602734 2.061420
v 0.641299 11.592969 2.064651
v 0.384298 11.461337 2.320025
v 0.384309 11.471471 2.324642
v 0.376014 11.474611 2.317908
v 0.376002 11.464474 2.313291
v 0.339047 11.514793 2.199169
v 0.338996 11.525138 2.203691
v 0.338428 11.529663 2.193691
v 0.338433 11.519237 2.188970
v 0.523419 11.449344 2.339193
v 0.523307 11.459599 2.343935
v 0.512341 11.459744 2.344622
v 0.512294 11.449338 2.339864
v 0.677882 11.519535 2.168623
v 0.678012 11.529758 2.173409
v 0.678587 11.525519 2.183531
v 0.678497 11.515086 2.178818
v 0.655520 11.464718 2.296522
v 0.655591 11.474852 2.301144
v 0.648166 11.471704 2.308824
v 0.648086 11.461565 2.304211
v 0.361406 11.569880 2.071394
v 0.361415 11.580042 2.075950
v 0.368841 11.583188 2.068272
v 0.368841 11.573029 2.063704
v 0.493512 11.584970 2.028592
v 0.493701 11.595292 2.033160
v 0.504673 11.595430 2.032598
v 0.504637 11.584982 2.027925
v 0.632628 11.573259 2.047896
v 0.632699 11.583418 2.052455
v 0.640994 11.580286 2.059190
v 0.640925 11.570124 2.054633
v 0.462333 8.090914 0.710851
v 0.453963 8.094110 0.704026
v 0.461835 8.086967 0.700470
v 0.435415 8.133747 0.594273
v 0.436012 8.129298 0.604484
v 0.428005 8.136239 0.608207
v 0.427388 8.140696 0.598035
v 0.572467 8.133864 0.586058
v 0.573082 8.129422 0.596251
v 0.561966 8.129413 0.596919
v 0.561351 8.133855 0.586725
v 0.580355 8.082956 0.722283
v 0.569255 8.082900 0.722926
v 0.568919 8.079098 0.712388
v 0.580048 8.079123 0.711684
v 0.706187 8.141217 0.581454
v 0.706800 8.136758 0.591615
v 0.698728 8.129530 0.588733
v 0.698086 8.133977 0.578526
v 0.684815 8.087206 0.686990
v 0.692530 8.094514 0.689880
v 0.685013 8.091192 0.697549
v 0.449587 8.176081 0.495961
v 0.441649 8.183083 0.499878
v 0.449126 8.186422 0.492183
v 0.565516 8.184074 0.470824
v 0.554380 8.184079 0.471458
v 0.553813 8.194513 0.467372
v 0.564924 8.194551 0.466713
v 0.672396 8.176223 0.482716
v 0.671831 8.186708 0.478868
v 0.680211 8.183573 0.485680
v 0.252609 11.679672 -2.370970
v 0.243560 11.686250 -2.367307
v 0.237523 11.682802 -2.376255
v 0.246598 11.676275 -2.379870
v 0.411268 11.715761 -2.270319
v 0.409031 11.723953 -2.262166
v 0.397983 11.723244 -2.264588
v 0.400283 11.715086 -2.272724
v 0.598991 11.697886 -2.302657
v 0.604942 11.705353 -2.295777
v 0.595355 11.707783 -2.290246
v 0.589468 11.700335 -2.297160
v 0.322777 11.549412 -2.692040
v 0.317048 11.550339 -2.702279
v 0.326633 11.547853 -2.707789
v 0.332301 11.546961 -2.697536
v 0.510500 11.531536 -2.724379
v 0.512958 11.531740 -2.735886
v 0.524005 11.532395 -2.733446
v 0.521486 11.532209 -2.721972
v 0.669159 11.567619 -2.623725
v 0.678429 11.569443 -2.630747
v 0.684465 11.572840 -2.621779
v 0.675170 11.571022 -2.614828
v 0.215955 11.610773 -2.545651
v 0.205459 11.614337 -2.549605
v 0.207968 11.610150 -2.559833
v 0.218439 11.606636 -2.555832
v 0.705814 11.636534 -2.449049
v 0.716531 11.641364 -2.448453
v 0.714021 11.645498 -2.438206
v 0.703330 11.640671 -2.438869
v 0.198303 11.744985 -2.373432
v 0.203059 11.734426 -2.372447
v 0.209054 11.737627 -2.363785
v 0.204244 11.748345 -2.364634
v 0.388827 11.792613 -2.241836
v 0.389993 11.781146 -2.243349
v 0.400757 11.781657 -2.241091
v 0.399686 11.793276 -2.239457
v 0.622423 11.773993 -2.273006
v 0.619172 11.762873 -2.273947
v 0.628397 11.760344 -2.279396
v 0.631838 11.771571 -2.278440
v 0.302287 11.585075 -2.766396
v 0.305047 11.577539 -2.757992
v 0.295816 11.579884 -2.752467
v 0.292872 11.587496 -2.760962
v 0.535882 11.566462 -2.797568
v 0.534225 11.559269 -2.788591
v 0.523457 11.558573 -2.790774
v 0.525024 11.565796 -2.799947
v 0.726406 11.614086 -2.665970
v 0.721159 11.605989 -2.659494
v 0.715159 11.602600 -2.668081
v 0.720464 11.610722 -2.674769
v 0.162456 11.659022 -2.590709
v 0.167872 11.650091 -2.585617
v 0.165586 11.654045 -2.575600
v 0.160000 11.663112 -2.580646
v 0.762253 11.700047 -2.448693
v 0.756345 11.690322 -2.446324
v 0.758626 11.686180 -2.456264
v 0.764708 11.695959 -2.458755
v 0.174210 11.837753 -2.392619
v 0.177467 11.826908 -2.390188
v 0.183439 11.829727 -2.381688
v 0.180152 11.841117 -2.383822
v 0.384216 11.890053 -2.248062
v 0.385189 11.878524 -2.247483
v 0.395728 11.878697 -2.245302
v 0.395075 11.890720 -2.245683
v 0.641320 11.869398 -2.282772
v 0.639283 11.858024 -2.282018
v 0.648211 11.855230 -2.287346
v 0.650735 11.866977 -2.288206
v 0.287916 11.661658 -2.825420
v 0.289420 11.652820 -2.818089
v 0.280474 11.654878 -2.812468
v 0.278501 11.664080 -2.819985
v 0.545020 11.641006 -2.860134
v 0.543515 11.632313 -2.852626
v 0.532957 11.631414 -2.854517
v 0.534161 11.640341 -2.862514
v 0.755024 11.693302 -2.715576
v 0.751236 11.683929 -2.709919
v 0.745244 11.680381 -2.718127
v 0.749083 11.689937 -2.724372
v 0.134320 11.743152 -2.631765
v 0.137797 11.733419 -2.626538
v 0.135699 11.737020 -2.616613
v 0.131865 11.747242 -2.621704
v 0.794914 11.787911 -2.476429
v 0.790905 11.777427 -2.473569
v 0.792985 11.773096 -2.483203
v 0.797369 11.783822 -2.486491
v 0.134675 11.971781 -2.417145
v 0.134399 11.961447 -2.413017
v 0.140340 11.964821 -2.404214
v 0.140616 11.975145 -2.408347
v 0.376297 12.031660 -2.251557
v 0.376019 12.021331 -2.247424
v 0.386882 12.022003 -2.245041
v 0.387155 12.032328 -2.249178
v 0.671552 12.007699 -2.292010
v 0.671275 11.997375 -2.287876
v 0.680698 11.994960 -2.293310
v 0.680966 12.005283 -2.297446
v 0.264159 11.769409 -2.914597
v 0.263892 11.759077 -2.910470
v 0.254469 11.761503 -2.905038
v 0.254744 11.771827 -2.909163
v 0.559414 11.745456 -2.955058
v 0.559148 11.735125 -2.950924
v 0.548285 11.734459 -2.953312
v 0.548555 11.744790 -2.957436
v 0.801033 11.805328 -2.789465
v 0.800765 11.795000 -2.785330
v 0.794824 11.791644 -2.794138
v 0.795091 11.801968 -2.798264
v 0.088225 11.863153 -2.691782
v 0.087954 11.852823 -2.687656
v 0.085492 11.856920 -2.677592
v 0.085770 11.867246 -2.681720
v 0.847482 11.913961 -2.514823
v 0.847209 11.903627 -2.510687
v 0.849671 11.899544 -2.520755
v 0.849937 11.909870 -2.524887
v 0.180931 12.068712 -2.485434
v 0.175154 12.061502 -2.478453
v 0.180952 12.064550 -2.469760
v 0.186873 12.072077 -2.476634
v 0.390465 12.120892 -2.341193
v 0.389001 12.114626 -2.331563
v 0.399604 12.115042 -2.329144
v 0.401323 12.121557 -2.338814
v 0.646997 12.100289 -2.375813
v 0.650570 12.093515 -2.367128
v 0.659763 12.090914 -2.372341
v 0.656412 12.097863 -2.381246
v 0.294401 11.893006 -2.917262
v 0.290368 11.882285 -2.918949
v 0.281163 11.884411 -2.913546
v 0.284987 11.895419 -2.911827
v 0.550935 11.872404 -2.951891
v 0.551938 11.861172 -2.954521
v 0.541322 11.860283 -2.956750
v 0.540076 11.871740 -2.954271
v 0.760465 11.924583 -2.807649
v 0.765781 11.914296 -2.807632
v 0.759970 11.910774 -2.816131
v 0.754523 11.921221 -2.816447
v 0.141141 11.974318 -2.724045
v 0.134299 11.965263 -2.721753
v 0.131893 11.969018 -2.711826
v 0.138685 11.978408 -2.713984
v 0.800254 12.018979 -2.569028
v 0.806635 12.010540 -2.564324
v 0.809029 12.006305 -2.574061
v 0.802710 12.014891 -2.579092
v 0.304185 12.156107 -2.602079
v 0.295063 12.154331 -2.595541
v 0.301213 12.157913 -2.586666
v 0.310127 12.159468 -2.593280
v 0.429947 12.187988 -2.514102
v 0.422258 12.186852 -2.505873
v 0.433583 12.187548 -2.503392
v 0.574285 12.175669 -2.535400
v 0.579589 12.174905 -2.525380
v 0.589162 12.172571 -2.531066
v 0.583699 12.173248 -2.540832
v 0.373339 12.054204 -2.852304
v 0.367825 12.046991 -2.859133
v 0.358261 12.049656 -2.853578
v 0.363925 12.056628 -2.846872
v 0.525158 12.035044 -2.878647
v 0.514050 12.034560 -2.881063
v 0.517678 12.041885 -2.873608
v 0.643436 12.073765 -2.785629
v 0.652349 12.067560 -2.788976
v 0.646207 12.064314 -2.797984
v 0.637494 12.070404 -2.794429
v 0.272517 12.096397 -2.741865
v 0.270101 12.100744 -2.731632
v 0.279839 12.103040 -2.736352
v 0.667782 12.126833 -2.651352
v 0.674894 12.125499 -2.642646
v 0.677455 12.121233 -2.653141
v 0.475547 12.112041 -2.700969
v 0.466133 12.114463 -2.695537
v 0.472074 12.117827 -2.686738
v 0.481489 12.115406 -2.692173
v 0.300899 11.659906 -2.396160
v 0.293305 11.669192 -2.394503
v 0.287313 11.665815 -2.403339
v 0.295000 11.656570 -2.404894
v 0.293626 11.608215 -2.525729
v 0.285927 11.615040 -2.530382
v 0.288383 11.610950 -2.540446
v 0.296081 11.604124 -2.535791
v 0.428618 11.679132 -2.339553
v 0.427026 11.689411 -2.335163
v 0.416167 11.688745 -2.337543
v 0.417759 11.678465 -2.341932
v 0.627758 11.624470 -2.463122
v 0.635842 11.632265 -2.464318
v 0.633386 11.636354 -2.454254
v 0.625303 11.628561 -2.453061
v 0.568079 11.673319 -2.345062
v 0.573255 11.683355 -2.340689
v 0.563800 11.685792 -2.335209
v 0.558733 11.675723 -2.339668
v 0.353308 11.559469 -2.643832
v 0.348514 11.563946 -2.654010
v 0.357969 11.561505 -2.659489
v 0.362654 11.557064 -2.649225
v 0.492766 11.553550 -2.649298
v 0.494743 11.557889 -2.659536
v 0.505602 11.558552 -2.657156
v 0.503624 11.554216 -2.646919
v 0.620488 11.572878 -2.592731
v 0.628464 11.578102 -2.600191
v 0.634455 11.581484 -2.591359
v 0.626386 11.576219 -2.583998
v 0.300623 11.636708 -2.386990
v 0.300604 11.647093 -2.391011
v 0.294663 11.643736 -2.399811
v 0.294680 11.633348 -2.395788
v 0.293320 11.584932 -2.516518
v 0.293288 11.595392 -2.520766
v 0.295750 11.591501 -2.530744
v 0.295778 11.580839 -2.526585
v 0.428284 11.655821 -2.330391
v 0.428128 11.666367 -2.334445
v 0.417427 11.665840 -2.336881
v 0.417416 11.655160 -2.332773
v 0.627362 11.601181 -2.453932
v 0.627424 11.611761 -2.457873
v 0.624970 11.615938 -2.448010
v 0.624905 11.605267 -2.443864
v 0.567725 11.650089 -2.335972
v 0.567763 11.660482 -2.339974
v 0.558348 11.662904 -2.334540
v 0.558299 11.652512 -2.330531
v 0.352952 11.536302 -2.634585
v 0.352950 11.546663 -2.638666
v 0.362365 11.544243 -2.644098
v 0.362379 11.533875 -2.640023
v 0.492399 11.530277 -2.640053
v 0.492585 11.540779 -2.644192
v 0.503293 11.541594 -2.641870
v 0.503267 11.530945 -2.637673
v 0.620053 11.549685 -2.583562
v 0.620108 11.560053 -2.587624
v 0.626051 11.563416 -2.578829
v 0.625996 11.553047 -2.574764
v 0.403972 8.139389 -1.078033
v 0.397987 8.136002 -1.086954
v 0.405654 8.129269 -1.082315
v 0.412047 8.084990 -1.192599
v 0.409569 8.089085 -1.182524
v 0.401707 8.095778 -1.186944
v 0.404158 8.091715 -1.197003
v 0.545923 8.093201 -1.163263
v 0.543467 8.097290 -1.153200
v 0.532608 8.096624 -1.155579
v 0.535064 8.092535 -1.165642
v 0.513727 8.153774 -1.034790
v 0.502885 8.153062 -1.037148
v 0.504779 8.142948 -1.041593
v 0.515660 8.143600 -1.039247
v 0.676495 8.108708 -1.137439
v 0.674043 8.112762 -1.127386
v 0.666198 8.104826 -1.126298
v 0.668632 8.100729 -1.136380
v 0.623501 8.142581 -1.034696
v 0.631009 8.150543 -1.035926
v 0.621489 8.152824 -1.030401
v 0.455008 8.047230 -1.284178
v 0.447171 8.054110 -1.288495
v 0.456661 8.051819 -1.294059
v 0.573684 8.046968 -1.277018
v 0.562815 8.046288 -1.279434
v 0.564454 8.050714 -1.289613
v 0.575309 8.051405 -1.287249
v 0.672620 8.060621 -1.236379
v 0.674207 8.065252 -1.246434
v 0.680211 8.068675 -1.237564
vt 0.070354 0.107639
vt 0.071287 0.104574
vt 0.795458 0.303710
vt 0.795898 0.302019
vt 0.876564 0.303460
vt 0.124103 0.104588
vt 0.123734 0.107611
vt 0.876529 0.305188
vt 0.792472 0.304594
vt 0.794511 0.356000
vt 0.734261 0.301848
vt 0.791597 0.356343
vt 0.879714 0.305245
vt 0.084772 0.680640
vt 0.482726 0.523494
vt 0.083300 0.680224
vt 0.479560 0.524422
vt 0.082981 0.609020
vt 0.084482 0.609061
vt 0.084470 0.606237
vt 0.478174 0.445737
vt 0.481285 0.445513
vt 0.394194 0.525908
vt 0.070747 0.193641
vt 0.070733 0.190400
vt 0.390838 0.525968
vt 0.389438 0.447319
vt 0.392793 0.447259
vt 0.123924 0.190400
vt 0.879733 0.303517
vt 0.959835 0.304934
vt 0.960202 0.306635
vt 0.878784 0.357502
vt 0.065080 0.298044
vt 0.063041 0.296259
vt 0.112354 0.296781
vt 0.875598 0.357446
vt 0.113182 0.298477
vt 0.062918 0.300269
vt 0.082968 0.606210
vt 0.791551 0.523641
vt 0.069578 0.302603
vt 0.067421 0.304708
vt 0.060923 0.298322
vt 0.082636 0.535026
vt 0.062593 0.348066
vt 0.060697 0.347399
vt 0.062614 0.351436
vt 0.067224 0.350355
vt 0.475420 0.292843
vt 0.478633 0.293809
vt 0.479589 0.348280
vt 0.476430 0.347885
vt 0.475157 0.291203
vt 0.736394 0.303963
vt 0.067243 0.353730
vt 0.060681 0.350398
vt 0.062374 0.400182
vt 0.390068 0.294382
vt 0.060446 0.400244
vt 0.061931 0.503988
vt 0.059942 0.505996
vt 0.060282 0.435066
vt 0.123932 0.193642
vt 0.293990 0.104574
vt 0.294940 0.107627
vt 0.241543 0.107611
vt 0.241143 0.104623
vt 0.294544 0.190400
vt 0.062203 0.434536
vt 0.064210 0.506137
vt 0.066551 0.499422
vt 0.294530 0.193641
vt 0.068704 0.501568
vt 0.062057 0.508103
vt 0.112620 0.505959
vt 0.111771 0.507799
vt 0.116013 0.505903
vt 0.114908 0.501308
vt 0.118305 0.501256
vt 0.114792 0.507783
vt 0.164794 0.505633
vt 0.164675 0.507486
vt 0.266862 0.505001
vt 0.268632 0.506873
vt 0.220110 0.507155
vt 0.219526 0.505336
vt 0.268955 0.502742
vt 0.262432 0.500511
vt 0.264527 0.498372
vt 0.270682 0.504776
vt 0.268823 0.434477
vt 0.270439 0.435000
vt 0.268793 0.431367
vt 0.263942 0.433036
vt 0.264092 0.429929
vt 0.270431 0.432033
vt 0.268710 0.403641
vt 0.270337 0.403699
vt 0.268341 0.302261
vt 0.270004 0.300460
vt 0.270153 0.348752
vt 0.268554 0.349381
vt 0.266134 0.300144
vt 0.263933 0.306622
vt 0.261843 0.304507
vt 0.267956 0.298387
vt 0.219244 0.299563
vt 0.219823 0.297898
vt 0.731112 0.308936
vt 0.728887 0.306729
vt 0.737293 0.507666
vt 0.735160 0.509818
vt 0.729694 0.504041
vt 0.731920 0.501799
vt 0.530525 0.509818
vt 0.528392 0.507667
vt 0.533766 0.501797
vt 0.535991 0.504042
vt 0.529291 0.303963
vt 0.531424 0.301848
vt 0.536799 0.306730
vt 0.534572 0.308936
vt 0.736617 0.351993
vt 0.736622 0.355063
vt 0.731317 0.357357
vt 0.731304 0.354166
vt 0.686591 0.509830
vt 0.683493 0.509821
vt 0.680764 0.504044
vt 0.683982 0.504044
vt 0.528688 0.438108
vt 0.528709 0.435062
vt 0.534051 0.433016
vt 0.534038 0.436181
vt 0.579566 0.301839
vt 0.582637 0.301846
vt 0.585321 0.306727
vt 0.582129 0.306727
vt 0.537520 0.307375
vt 0.582469 0.307375
vt 0.535276 0.309614
vt 0.543575 0.312902
vt 0.541248 0.315227
vt 0.535085 0.354454
vt 0.534381 0.354166
vt 0.730414 0.309606
vt 0.730600 0.354454
vt 0.728155 0.307379
vt 0.724433 0.315206
vt 0.722089 0.312898
vt 0.683216 0.307375
vt 0.788586 0.522665
vt 0.683555 0.306727
vt 0.542643 0.316655
vt 0.545079 0.314239
vt 0.554733 0.323646
vt 0.552353 0.326001
vt 0.542449 0.356956
vt 0.541086 0.356908
vt 0.789918 0.448664
vt 0.084110 0.534690
vt 0.390132 0.292729
vt 0.241346 0.193642
vt 0.130776 0.606239
vt 0.130782 0.609061
vt 0.280483 0.680237
vt 0.585334 0.312892
vt 0.278993 0.680630
vt 0.279298 0.609061
vt 0.585464 0.314201
vt 0.588805 0.314201
vt 0.587690 0.323711
vt 0.583990 0.323711
vt 0.588763 0.312898
vt 0.585682 0.307375
vt 0.631155 0.312892
vt 0.631172 0.314201
vt 0.728960 0.503279
vt 0.683636 0.503278
vt 0.731204 0.501001
vt 0.722842 0.496747
vt 0.725133 0.494396
vt 0.730939 0.435926
vt 0.731647 0.436181
vt 0.720606 0.314239
vt 0.723042 0.316655
vt 0.241353 0.190400
vt 0.238289 0.107611
vt 0.238110 0.190400
vt 0.237763 0.104588
vt 0.184307 0.107653
vt 0.184305 0.104588
vt 0.241167 0.275209
vt 0.237930 0.275227
vt 0.215931 0.299564
vt 0.238103 0.193642
vt 0.217028 0.304071
vt 0.184260 0.193642
vt 0.213708 0.304071
vt 0.216877 0.297864
vt 0.184260 0.190400
vt 0.167921 0.299059
vt 0.167796 0.297355
vt 0.253598 0.316492
vt 0.264071 0.351571
vt 0.253703 0.356965
vt 0.251747 0.314594
vt 0.251599 0.318183
vt 0.249736 0.316300
vt 0.211370 0.314234
vt 0.079359 0.313028
vt 0.115421 0.303059
vt 0.120547 0.313406
vt 0.077429 0.314891
vt 0.080215 0.314780
vt 0.078299 0.316654
vt 0.077265 0.355942
vt 0.208657 0.314211
vt 0.210056 0.315944
vt 0.207388 0.315920
vt 0.167482 0.313834
vt 0.167918 0.303597
vt 0.252184 0.490375
vt 0.217288 0.500756
vt 0.211556 0.490562
vt 0.254066 0.488486
vt 0.250104 0.489222
vt 0.280799 0.609020
vt 0.279311 0.606237
vt 0.232998 0.609061
vt 0.233004 0.606239
vt 0.280811 0.606210
vt 0.279669 0.534690
vt 0.792854 0.448931
vt 0.875798 0.525126
vt 0.872610 0.525069
vt 0.873942 0.450376
vt 0.877128 0.450433
vt 0.713329 0.326001
vt 0.794454 0.359187
vt 0.875541 0.360632
vt 0.711026 0.323711
vt 0.680221 0.314201
vt 0.680320 0.312898
vt 0.724605 0.356878
vt 0.723236 0.356956
vt 0.723249 0.360297
vt 0.713445 0.358965
vt 0.713432 0.355268
vt 0.724612 0.360305
vt 0.730613 0.357666
vt 0.724784 0.402772
vt 0.723411 0.402475
vt 0.534474 0.501012
vt 0.534746 0.435926
vt 0.536735 0.503272
vt 0.540559 0.494432
vt 0.542874 0.496754
vt 0.386715 0.294442
vt 0.391049 0.349407
vt 0.387694 0.349467
vt 0.386792 0.292789
vt 0.582048 0.503278
vt 0.251902 0.487257
vt 0.301964 0.295905
vt 0.302373 0.294279
vt 0.253274 0.433248
vt 0.478114 0.442382
vt 0.392733 0.443904
vt 0.481261 0.442085
vt 0.477500 0.410345
vt 0.253559 0.428113
vt 0.248602 0.441969
vt 0.248600 0.436841
vt 0.253829 0.403556
vt 0.264213 0.403631
vt 0.076719 0.489262
vt 0.066536 0.433272
vt 0.076441 0.431137
vt 0.078622 0.491185
vt 0.077476 0.488159
vt 0.079454 0.490001
vt 0.120114 0.490987
vt 0.122881 0.490973
vt 0.120279 0.489815
vt 0.123001 0.489802
vt 0.164624 0.490780
vt 0.164797 0.501023
vt 0.077255 0.358695
vt 0.078135 0.356987
vt 0.078124 0.359694
vt 0.077084 0.400417
vt 0.067014 0.400193
vt 0.164943 0.299029
vt 0.164940 0.303568
vt 0.164828 0.297325
vt 0.116568 0.298546
vt 0.791505 0.359652
vt 0.793553 0.412050
vt 0.790572 0.411998
vt 0.115347 0.296810
vt 0.118805 0.303132
vt 0.959208 0.358927
vt 0.581703 0.504044
vt 0.723651 0.491996
vt 0.721670 0.494964
vt 0.711512 0.479365
vt 0.713849 0.477048
vt 0.723533 0.434206
vt 0.724899 0.433750
vt 0.680759 0.496764
vt 0.680562 0.495102
vt 0.677197 0.495102
vt 0.678376 0.479367
vt 0.681997 0.479367
vt 0.677267 0.496749
vt 0.680396 0.503278
vt 0.634574 0.496764
vt 0.634525 0.495102
vt 0.544015 0.494964
vt 0.542034 0.491996
vt 0.551838 0.477048
vt 0.554172 0.479367
vt 0.585122 0.495102
vt 0.584993 0.496749
vt 0.540779 0.433781
vt 0.542152 0.434206
vt 0.542165 0.430706
vt 0.551976 0.436013
vt 0.551963 0.439889
vt 0.540799 0.430382
vt 0.534759 0.432739
vt 0.540887 0.406159
vt 0.542261 0.405863
vt 0.534368 0.357357
vt 0.529054 0.355021
vt 0.529076 0.351957
vt 0.535071 0.357666
vt 0.541066 0.360331
vt 0.534881 0.403343
vt 0.534175 0.403407
vt 0.584921 0.504044
vt 0.582148 0.509830
vt 0.579058 0.509821
vt 0.585288 0.503278
vt 0.588471 0.496764
vt 0.631259 0.503278
vt 0.631270 0.504044
vt 0.731634 0.433016
vt 0.736984 0.435104
vt 0.736989 0.438144
vt 0.730925 0.432739
vt 0.724892 0.430357
vt 0.730816 0.406496
vt 0.731523 0.406538
vt 0.680364 0.306727
vt 0.683091 0.301839
vt 0.686154 0.301846
vt 0.680003 0.307375
vt 0.676897 0.312892
vt 0.634412 0.307375
vt 0.634402 0.306727
vt 0.634374 0.509821
vt 0.631311 0.509821
vt 0.634415 0.504044
vt 0.634425 0.503278
vt 0.631169 0.496749
vt 0.631160 0.495102
vt 0.631032 0.479367
vt 0.634652 0.479367
vt 0.588488 0.495102
vt 0.583762 0.479308
vt 0.959169 0.362118
vt 0.281144 0.535026
vt 0.164753 0.313810
vt 0.181012 0.107611
vt 0.587308 0.479367
vt 0.634513 0.314201
vt 0.166877 0.315557
vt 0.164191 0.315533
vt 0.123292 0.313434
vt 0.123406 0.315167
vt 0.120702 0.315143
vt 0.167372 0.490767
vt 0.164061 0.489614
vt 0.166764 0.489602
vt 0.167798 0.501007
vt 0.208829 0.490573
vt 0.634561 0.323787
vt 0.878727 0.360688
vt 0.630993 0.323711
vt 0.213932 0.500735
vt 0.634502 0.312898
vt 0.631272 0.307375
vt 0.676880 0.314201
vt 0.681574 0.323787
vt 0.677995 0.323711
vt 0.631283 0.306727
vt 0.167795 0.505616
vt 0.958221 0.415026
vt 0.133764 0.680654
vt 0.130950 0.680654
vt 0.480696 0.410370
vt 0.207546 0.489416
vt 0.181017 0.190400
vt 0.631325 0.301846
vt 0.634360 0.301846
vt 0.736838 0.403851
vt 0.736851 0.406899
vt 0.731510 0.403407
vt 0.730803 0.403343
vt 0.180972 0.104588
vt 0.126988 0.107611
vt 0.210231 0.489404
vt 0.216168 0.505322
vt 0.167667 0.507468
vt 0.217144 0.507174
vt 0.268701 0.400671
vt 0.264203 0.400661
vt 0.133605 0.609061
vt 0.724791 0.406132
vt 0.270327 0.400740
vt 0.723424 0.405863
vt 0.713597 0.403334
vt 0.713584 0.399585
vt 0.723519 0.430706
vt 0.713643 0.439795
vt 0.713709 0.436013
vt 0.542274 0.402474
vt 0.304748 0.448833
vt 0.268532 0.352699
vt 0.270165 0.351699
vt 0.264042 0.354907
vt 0.253820 0.400833
vt 0.251694 0.403812
vt 0.251816 0.401137
vt 0.956282 0.526605
vt 0.552179 0.399696
vt 0.552088 0.403334
vt 0.540907 0.402799
vt 0.534868 0.406496
vt 0.127460 0.104623
vt 0.542436 0.360297
vt 0.127167 0.190400
vt 0.253707 0.359678
vt 0.251710 0.360648
vt 0.251703 0.357978
vt 0.077074 0.403179
vt 0.077958 0.400732
vt 0.077797 0.403444
vt 0.130600 0.534745
vt 0.133438 0.534730
vt 0.133599 0.606239
vt 0.552331 0.355387
vt 0.180478 0.606239
vt 0.067001 0.403210
vt 0.076460 0.428076
vt 0.066570 0.430098
vt 0.062360 0.403200
vt 0.074305 0.433833
vt 0.074193 0.437037
vt 0.062237 0.431360
vt 0.181017 0.193642
vt 0.957561 0.451869
vt 0.552240 0.358965
vt 0.534162 0.406538
vt 0.528834 0.406899
vt 0.528847 0.403851
vt 0.710473 0.358800
vt 0.710740 0.399579
vt 0.710593 0.355224
vt 0.681785 0.358668
vt 0.681778 0.355224
vt 0.304677 0.445476
vt 0.060432 0.403251
vt 0.060295 0.432069
vt 0.114272 0.309917
vt 0.114339 0.310380
vt 0.117000 0.310405
vt 0.116943 0.309942
vt 0.242844 0.362601
vt 0.241909 0.363010
vt 0.877784 0.413593
vt 0.710366 0.326642
vt 0.678333 0.358668
vt 0.681876 0.402253
vt 0.874598 0.413536
vt 0.793454 0.415277
vt 0.241933 0.365453
vt 0.242849 0.364974
vt 0.251521 0.318276
vt 0.249640 0.316374
vt 0.079853 0.314852
vt 0.389378 0.443964
vt 0.678418 0.402421
vt 0.678327 0.355224
vt 0.634568 0.358668
vt 0.634568 0.355224
vt 0.678139 0.326642
vt 0.681850 0.326642
vt 0.634698 0.326642
vt 0.555319 0.326642
vt 0.555224 0.355092
vt 0.583966 0.326509
vt 0.587545 0.326641
vt 0.630987 0.326641
vt 0.587358 0.355224
vt 0.583907 0.355224
vt 0.583900 0.358668
vt 0.587351 0.358668
vt 0.587267 0.402421
vt 0.583809 0.402253
vt 0.555212 0.358800
vt 0.631117 0.355224
vt 0.631117 0.358668
vt 0.555078 0.399458
vt 0.678481 0.476193
vt 0.634577 0.476274
vt 0.682030 0.476274
vt 0.678480 0.434296
vt 0.681943 0.434647
vt 0.710913 0.476193
vt 0.681936 0.431121
vt 0.678473 0.430830
vt 0.678425 0.405878
vt 0.681883 0.405725
vt 0.874541 0.416722
vt 0.790513 0.415262
vt 0.184255 0.275222
vt 0.388806 0.411882
vt 0.077918 0.316745
vt 0.209892 0.316018
vt 0.207221 0.315994
vt 0.392161 0.411822
vt 0.477483 0.406946
vt 0.250009 0.489596
vt 0.251824 0.487611
vt 0.248518 0.442249
vt 0.248517 0.437114
vt 0.181022 0.275222
vt 0.127174 0.193642
vt 0.077091 0.488521
vt 0.079089 0.490381
vt 0.119984 0.490193
vt 0.122710 0.490181
vt 0.127347 0.275227
vt 0.124114 0.275215
vt 0.071059 0.275271
vt 0.077753 0.357147
vt 0.077742 0.359858
vt 0.166651 0.315630
vt 0.163962 0.315606
vt 0.123117 0.315240
vt 0.120410 0.315216
vt 0.163830 0.489992
vt 0.166537 0.489980
vt 0.207378 0.489792
vt 0.210067 0.489779
vt 0.251616 0.404038
vt 0.251738 0.401359
vt 0.336660 0.106414
vt 0.368877 0.106417
vt 0.369196 0.107113
vt 0.337409 0.107117
vt 0.335286 0.107787
vt 0.326635 0.100267
vt 0.328192 0.098700
vt 0.336020 0.108514
vt 0.336087 0.140358
vt 0.335376 0.140052
vt 0.346052 0.115588
vt 0.344717 0.116929
vt 0.327816 0.098357
vt 0.364229 0.098357
vt 0.364427 0.098700
vt 0.326250 0.099932
vt 0.315100 0.090177
vt 0.316852 0.088414
vt 0.326746 0.136550
vt 0.326363 0.136395
vt 0.335655 0.242955
vt 0.335533 0.197202
vt 0.336255 0.196984
vt 0.336382 0.242182
vt 0.337021 0.244321
vt 0.328660 0.253803
vt 0.327102 0.252255
vt 0.337771 0.243564
vt 0.369405 0.243583
vt 0.369071 0.244319
vt 0.344993 0.233401
vt 0.346327 0.234730
vt 0.326723 0.252669
vt 0.326563 0.200994
vt 0.326944 0.200833
vt 0.328288 0.254224
vt 0.317468 0.266425
vt 0.315716 0.264685
vt 0.364672 0.253803
vt 0.364477 0.254224
vt 0.471838 0.244322
vt 0.439796 0.244319
vt 0.439481 0.243568
vt 0.471096 0.243564
vt 0.473211 0.242964
vt 0.481765 0.252255
vt 0.480207 0.253803
vt 0.472486 0.242182
vt 0.472627 0.196963
vt 0.473335 0.197202
vt 0.462540 0.234730
vt 0.463875 0.233401
vt 0.480579 0.254224
vt 0.444390 0.254224
vt 0.444195 0.253803
vt 0.482145 0.252669
vt 0.493151 0.264685
vt 0.491399 0.266425
vt 0.481923 0.200833
vt 0.482305 0.200994
vt 0.473582 0.107796
vt 0.473491 0.140052
vt 0.472765 0.140339
vt 0.472847 0.108514
vt 0.472216 0.106415
vt 0.480675 0.098700
vt 0.482233 0.100267
vt 0.471458 0.107117
vt 0.439653 0.107099
vt 0.439990 0.106417
vt 0.464150 0.116929
vt 0.462815 0.115588
vt 0.482617 0.099932
vt 0.482504 0.136395
vt 0.482121 0.136550
vt 0.481052 0.098357
vt 0.492015 0.088414
vt 0.493767 0.090177
vt 0.444440 0.098700
vt 0.444638 0.098357
vt 0.335382 0.142016
vt 0.326753 0.138760
vt 0.336107 0.142392
vt 0.336194 0.174525
vt 0.335467 0.174552
vt 0.344782 0.144508
vt 0.344786 0.146448
vt 0.318419 0.089942
vt 0.359073 0.089890
vt 0.358496 0.088421
vt 0.316624 0.091849
vt 0.320589 0.095741
vt 0.322398 0.093920
vt 0.315256 0.131881
vt 0.316679 0.132498
vt 0.326370 0.138615
vt 0.315263 0.134420
vt 0.316719 0.135354
vt 0.320762 0.137330
vt 0.320724 0.134480
vt 0.315412 0.176469
vt 0.316851 0.176502
vt 0.371024 0.244319
vt 0.366868 0.253803
vt 0.371429 0.243568
vt 0.403436 0.243568
vt 0.403432 0.244323
vt 0.373749 0.234731
vt 0.375680 0.234731
vt 0.317186 0.263178
vt 0.316942 0.205329
vt 0.315516 0.205666
vt 0.319081 0.264960
vt 0.322940 0.261030
vt 0.321131 0.259233
vt 0.358816 0.266414
vt 0.359388 0.265045
vt 0.366684 0.254224
vt 0.361338 0.266418
vt 0.362225 0.265015
vt 0.364201 0.260995
vt 0.361368 0.261024
vt 0.403174 0.266417
vt 0.403169 0.265026
vt 0.473340 0.195247
vt 0.481930 0.198635
vt 0.472618 0.194970
vt 0.472668 0.176526
vt 0.473395 0.176562
vt 0.463969 0.194111
vt 0.463973 0.192206
vt 0.489853 0.264993
vt 0.449480 0.265043
vt 0.450048 0.266416
vt 0.491648 0.263111
vt 0.487736 0.259233
vt 0.485927 0.261030
vt 0.493351 0.205668
vt 0.491926 0.205329
vt 0.482311 0.198785
vt 0.493362 0.203145
vt 0.491918 0.202682
vt 0.487735 0.201394
vt 0.487590 0.204023
vt 0.493446 0.178996
vt 0.492007 0.179040
vt 0.438026 0.106417
vt 0.442231 0.098700
vt 0.437618 0.107113
vt 0.405437 0.107113
vt 0.405441 0.106413
vt 0.435264 0.115587
vt 0.433324 0.115587
vt 0.492277 0.091782
vt 0.492186 0.132497
vt 0.493612 0.131884
vt 0.490381 0.089975
vt 0.486470 0.093920
vt 0.488278 0.095741
vt 0.450375 0.088422
vt 0.449794 0.089888
vt 0.442418 0.098357
vt 0.447835 0.088419
vt 0.446937 0.089919
vt 0.444934 0.093955
vt 0.447785 0.093927
vt 0.405702 0.088420
vt 0.405707 0.089908
vt 0.486458 0.097525
vt 0.486334 0.135545
vt 0.488148 0.134473
vt 0.484703 0.095741
vt 0.482820 0.097405
vt 0.484571 0.099166
vt 0.446718 0.095741
vt 0.324183 0.095741
vt 0.362151 0.095741
vt 0.361075 0.093922
vt 0.322410 0.097507
vt 0.324297 0.099166
vt 0.326047 0.097405
vt 0.322533 0.135544
vt 0.444171 0.095741
vt 0.443263 0.097405
vt 0.445746 0.097405
vt 0.405705 0.093938
vt 0.405704 0.095741
vt 0.484166 0.259233
vt 0.446443 0.259233
vt 0.447505 0.261029
vt 0.485939 0.257490
vt 0.483947 0.255350
vt 0.482260 0.257149
vt 0.485402 0.206553
vt 0.485721 0.201804
vt 0.481148 0.209187
vt 0.481124 0.213895
vt 0.487985 0.179018
vt 0.486193 0.179018
vt 0.322928 0.257472
vt 0.318210 0.204611
vt 0.320690 0.204201
vt 0.324684 0.259233
vt 0.326486 0.257149
vt 0.324678 0.255470
vt 0.362423 0.259233
vt 0.364954 0.259233
vt 0.365849 0.257149
vt 0.363382 0.257149
vt 0.403171 0.261013
vt 0.403171 0.259233
vt 0.322541 0.138091
vt 0.324422 0.138772
vt 0.324414 0.136290
vt 0.320874 0.176486
vt 0.322666 0.176486
vt 0.461765 0.116611
vt 0.434735 0.116610
vt 0.463098 0.117955
vt 0.454969 0.125814
vt 0.453697 0.124535
vt 0.464086 0.144508
vt 0.463038 0.145009
vt 0.345768 0.117952
vt 0.345830 0.145009
vt 0.347106 0.116612
vt 0.355178 0.124530
vt 0.353904 0.125806
vt 0.373603 0.115587
vt 0.374132 0.116610
vt 0.453712 0.127084
vt 0.446611 0.133969
vt 0.445388 0.132721
vt 0.452396 0.125763
vt 0.454920 0.148884
vt 0.453697 0.149167
vt 0.430333 0.125735
vt 0.430658 0.124525
vt 0.430043 0.132769
vt 0.428103 0.132769
vt 0.428506 0.125735
vt 0.428763 0.124532
vt 0.432802 0.116610
vt 0.405347 0.125735
vt 0.405365 0.124525
vt 0.347368 0.233662
vt 0.374273 0.233663
vt 0.346035 0.232330
vt 0.354099 0.224121
vt 0.355348 0.225388
vt 0.344899 0.194111
vt 0.345943 0.193767
vt 0.356471 0.125763
vt 0.363452 0.132769
vt 0.362257 0.133969
vt 0.355155 0.127084
vt 0.378229 0.124532
vt 0.378535 0.125735
vt 0.355170 0.149167
vt 0.353940 0.148865
vt 0.362282 0.149355
vt 0.362285 0.151294
vt 0.355174 0.150993
vt 0.353952 0.150760
vt 0.345834 0.146941
vt 0.355219 0.173985
vt 0.353990 0.174132
vt 0.462834 0.232333
vt 0.462924 0.193767
vt 0.461496 0.233661
vt 0.453507 0.225396
vt 0.454759 0.224136
vt 0.435119 0.234731
vt 0.434595 0.233663
vt 0.355389 0.222354
vt 0.362388 0.212777
vt 0.363639 0.213934
vt 0.356422 0.223981
vt 0.354032 0.191101
vt 0.355252 0.191202
vt 0.378629 0.224071
vt 0.378291 0.225406
vt 0.378942 0.213934
vt 0.380820 0.213934
vt 0.380449 0.224071
vt 0.380201 0.225388
vt 0.376197 0.233663
vt 0.403524 0.224071
vt 0.403489 0.225406
vt 0.452446 0.223981
vt 0.445228 0.213934
vt 0.446479 0.212777
vt 0.453478 0.222354
vt 0.430534 0.225388
vt 0.430239 0.224071
vt 0.453615 0.191202
vt 0.454843 0.191119
vt 0.446511 0.193530
vt 0.446515 0.191517
vt 0.453619 0.189306
vt 0.454839 0.189259
vt 0.462929 0.191869
vt 0.453645 0.175827
vt 0.454873 0.175991
vt 0.472775 0.142359
vt 0.464081 0.146448
vt 0.463033 0.146941
vt 0.454924 0.150771
vt 0.464015 0.174354
vt 0.462970 0.174330
vt 0.437472 0.243583
vt 0.433187 0.234731
vt 0.432671 0.233663
vt 0.428642 0.225406
vt 0.405377 0.234731
vt 0.405374 0.233663
vt 0.336235 0.195000
vt 0.344894 0.192206
vt 0.345938 0.191869
vt 0.354020 0.189247
vt 0.344857 0.176245
vt 0.345902 0.176214
vt 0.371216 0.107099
vt 0.375544 0.115587
vt 0.376065 0.116610
vt 0.380116 0.124525
vt 0.403486 0.115587
vt 0.403489 0.116610
vt 0.326866 0.175389
vt 0.326484 0.175425
vt 0.403336 0.253803
vt 0.403330 0.254224
vt 0.481995 0.177591
vt 0.482377 0.177638
vt 0.405539 0.098700
vt 0.405544 0.098357
vt 0.405410 0.244319
vt 0.405532 0.253803
vt 0.405432 0.243568
vt 0.437843 0.244319
vt 0.403490 0.234731
vt 0.441999 0.253803
vt 0.403494 0.233663
vt 0.405346 0.225388
vt 0.403495 0.213934
vt 0.405373 0.213934
vt 0.405344 0.224071
vt 0.428419 0.224071
vt 0.428047 0.213934
vt 0.429882 0.213898
vt 0.405403 0.132769
vt 0.403533 0.132823
vt 0.403520 0.125735
vt 0.403517 0.124532
vt 0.405378 0.116610
vt 0.380361 0.125735
vt 0.380764 0.132769
vt 0.378897 0.132823
vt 0.405382 0.115587
vt 0.403430 0.107113
vt 0.403452 0.106417
vt 0.403329 0.098700
vt 0.370841 0.106417
vt 0.366637 0.098700
vt 0.403323 0.098357
vt 0.403165 0.088420
vt 0.366450 0.098357
vt 0.361033 0.088419
vt 0.403160 0.089908
vt 0.403163 0.093938
vt 0.361930 0.089919
vt 0.363933 0.093955
vt 0.403163 0.095741
vt 0.403192 0.097405
vt 0.405675 0.097405
vt 0.364697 0.095741
vt 0.363121 0.097405
vt 0.365604 0.097405
vt 0.405696 0.259233
vt 0.405667 0.257149
vt 0.403200 0.257149
vt 0.405696 0.261013
vt 0.444667 0.260995
vt 0.443914 0.259233
vt 0.405698 0.265026
vt 0.445485 0.257149
vt 0.443018 0.257149
vt 0.446643 0.265015
vt 0.405693 0.266417
vt 0.447529 0.266418
vt 0.405537 0.254224
vt 0.442183 0.254224
vt 0.335476 0.176536
vt 0.326873 0.177591
vt 0.336200 0.176526
vt 0.335527 0.195247
vt 0.344852 0.174354
vt 0.326937 0.198635
vt 0.345898 0.174330
vt 0.354002 0.175975
vt 0.362321 0.172548
vt 0.362324 0.174505
vt 0.355222 0.175827
vt 0.355249 0.189306
vt 0.362352 0.191517
vt 0.362410 0.193475
vt 0.446543 0.174505
vt 0.446492 0.172607
vt 0.453649 0.173985
vt 0.454869 0.174147
vt 0.462965 0.176214
vt 0.453694 0.150993
vt 0.446582 0.151294
vt 0.446531 0.149426
vt 0.464011 0.176245
vt 0.472673 0.174525
vt 0.473397 0.174577
vt 0.482002 0.175389
vt 0.473486 0.142016
vt 0.482114 0.138760
vt 0.482384 0.175425
vt 0.493455 0.176469
vt 0.482498 0.138615
vt 0.493605 0.134420
vt 0.492016 0.176502
vt 0.487993 0.176486
vt 0.492148 0.135354
vt 0.488106 0.137330
vt 0.486202 0.176486
vt 0.484326 0.176291
vt 0.484199 0.178763
vt 0.486326 0.138091
vt 0.484453 0.136290
vt 0.484445 0.138772
vt 0.322674 0.179018
vt 0.324413 0.178762
vt 0.324541 0.176291
vt 0.320883 0.179018
vt 0.320697 0.201547
vt 0.320696 0.201812
vt 0.316860 0.179040
vt 0.321377 0.209291
vt 0.321457 0.206386
vt 0.316949 0.202682
vt 0.315421 0.178996
vt 0.315506 0.203145
vt 0.326491 0.177638
vt 0.326556 0.198785
vt 0.364017 0.151319
vt 0.363982 0.172560
vt 0.363945 0.149451
vt 0.378949 0.149451
vt 0.378950 0.151250
vt 0.363990 0.134495
vt 0.380748 0.151250
vt 0.380769 0.174036
vt 0.378973 0.173949
vt 0.380746 0.149451
vt 0.403535 0.149451
vt 0.403535 0.151250
vt 0.378865 0.134495
vt 0.380801 0.134495
vt 0.403466 0.134495
vt 0.444853 0.149383
vt 0.444877 0.134495
vt 0.429934 0.134426
vt 0.428066 0.134495
vt 0.405402 0.134495
vt 0.429919 0.149451
vt 0.428122 0.149451
vt 0.429917 0.151250
vt 0.429894 0.173949
vt 0.428098 0.174036
vt 0.428120 0.151250
vt 0.444850 0.151319
vt 0.405332 0.151250
vt 0.405332 0.149451
vt 0.444816 0.172497
vt 0.380846 0.212169
vt 0.403537 0.212211
vt 0.379012 0.212211
vt 0.378990 0.190738
vt 0.380785 0.190557
vt 0.364087 0.212169
vt 0.378989 0.188915
vt 0.378975 0.175752
vt 0.380771 0.175831
vt 0.380783 0.188764
vt 0.364085 0.193570
vt 0.364082 0.191607
vt 0.403536 0.188764
vt 0.403536 0.190557
vt 0.364054 0.174438
vt 0.444786 0.191607
vt 0.444813 0.174438
vt 0.444851 0.193513
vt 0.429877 0.190738
vt 0.429879 0.188915
vt 0.444753 0.212142
vt 0.428084 0.188764
vt 0.428097 0.175831
vt 0.429892 0.175752
vt 0.428083 0.190557
vt 0.405331 0.190557
vt 0.405331 0.188764
vt 0.429897 0.212169
vt 0.428021 0.212169
vt 0.405371 0.212169
vt 0.403536 0.175831
vt 0.405331 0.175831
vt 0.405331 0.174036
vt 0.403536 0.174036
vt 0.251632 0.360812
vt 0.251625 0.358138
vt 0.077575 0.400955
vt 0.294218 0.275271
vt 0.077414 0.403671
vt 0.792921 0.302860
vt 0.877184 0.447247
vt 0.877727 0.416779
vt 0.957624 0.448702
vt 0.073917 0.434104
vt 0.073805 0.437314
vt 0.958164 0.418212
vt 0.873998 0.447190
vt 0.790010 0.445422
vt 0.792911 0.445745
vt 0.631113 0.402421
vt 0.634571 0.402421
vt 0.634572 0.405878
vt 0.631113 0.405878
vt 0.631028 0.476193
vt 0.583575 0.476193
vt 0.587204 0.476193
vt 0.631111 0.434296
vt 0.631111 0.430830
vt 0.587205 0.434296
vt 0.587260 0.405878
vt 0.583802 0.405725
vt 0.587212 0.430830
vt 0.554825 0.476139
vt 0.583742 0.434647
vt 0.583749 0.431121
vt 0.554811 0.440012
vt 0.555065 0.403196
vt 0.554956 0.436325
vt 0.710620 0.403196
vt 0.634573 0.430830
vt 0.634574 0.434296
vt 0.710741 0.440122
vt 0.710729 0.436325
vt 0.478339 0.292150
vt 0.306092 0.527525
vt 0.303004 0.350971
vt 0.303052 0.354327
vt 0.387754 0.352821
vt 0.304050 0.410037
vt 0.304110 0.413392
vt 0.388747 0.408527
vt 0.391109 0.352762
vt 0.479614 0.351741
vt 0.476490 0.351240
vt 0.480635 0.406932
vt 0.392101 0.408468
vt 0.230181 0.606239
vt 0.233176 0.534740
vt 0.230342 0.534730
vt 0.183302 0.606239
vt 0.183306 0.534734
vt 0.180474 0.534734
vt 0.230175 0.609061
vt 0.230016 0.680654
vt 0.232830 0.680654
vt 0.183301 0.609061
vt 0.180447 0.680618
vt 0.183297 0.680654
vt 0.180478 0.609061
vt 0.107860 0.944191
vt 0.112602 0.944191
vt 0.110280 0.953456
vt 0.103171 0.948545
vt 0.108508 0.943854
vt 0.076816 0.887015
vt 0.076560 0.878187
vt 0.112602 0.943854
vt 0.112631 0.931346
vt 0.114150 0.937826
vt 0.167078 0.943854
vt 0.167078 0.944191
vt 0.076816 0.876024
vt 0.067783 0.888243
vt 0.067783 0.876651
vt 0.076560 0.876024
vt 0.076816 0.819700
vt 0.076560 0.819700
vt 0.083331 0.875607
vt 0.083331 0.877690
vt 0.076816 0.816474
vt 0.067783 0.817248
vt 0.072537 0.810693
vt 0.082142 0.817211
vt 0.131147 0.784948
vt 0.140743 0.785295
vt 0.083331 0.821271
vt 0.083331 0.823894
vt 0.233328 0.912578
vt 0.233328 0.909340
vt 0.242371 0.911788
vt 0.237606 0.918331
vt 0.228028 0.911846
vt 0.179185 0.944191
vt 0.169405 0.943854
vt 0.233582 0.909340
vt 0.226802 0.907815
vt 0.226802 0.905193
vt 0.233582 0.852969
vt 0.233328 0.852969
vt 0.233328 0.842054
vt 0.242371 0.840823
vt 0.242371 0.852336
vt 0.233582 0.850954
vt 0.226802 0.853392
vt 0.226802 0.851450
vt 0.201612 0.785295
vt 0.202261 0.784948
vt 0.197517 0.784948
vt 0.199837 0.775674
vt 0.206958 0.780596
vt 0.197517 0.785295
vt 0.197485 0.797823
vt 0.195970 0.791335
vt 0.143082 0.785295
vt 0.143082 0.784948
vt 0.180503 0.953456
vt 0.167734 0.953456
vt 0.166640 0.937826
vt 0.168882 0.937826
vt 0.129838 0.775674
vt 0.142426 0.775674
vt 0.143519 0.791335
vt 0.141265 0.791335
vt 0.114150 0.936412
vt 0.113200 0.936412
vt 0.116770 0.925206
vt 0.121960 0.930796
vt 0.166640 0.936412
vt 0.083488 0.877690
vt 0.083488 0.875607
vt 0.089611 0.875607
vt 0.089611 0.877690
vt 0.083488 0.823894
vt 0.088574 0.821896
vt 0.089611 0.825254
vt 0.089611 0.827608
vt 0.141265 0.792748
vt 0.226643 0.905193
vt 0.221579 0.907194
vt 0.220510 0.903868
vt 0.220510 0.901514
vt 0.226643 0.853392
vt 0.168882 0.936412
vt 0.226643 0.851450
vt 0.220510 0.853392
vt 0.220510 0.851450
vt 0.196915 0.792748
vt 0.195970 0.792748
vt 0.193340 0.803978
vt 0.188126 0.798376
vt 0.143519 0.792748
vt 0.166640 0.930796
vt 0.168882 0.930796
vt 0.143519 0.798376
vt 0.141265 0.798376
vt 0.121960 0.929427
vt 0.117308 0.929427
vt 0.123221 0.915118
vt 0.121960 0.918947
vt 0.166640 0.929427
vt 0.089865 0.877690
vt 0.089865 0.875607
vt 0.099205 0.875607
vt 0.099205 0.877690
vt 0.089865 0.827608
vt 0.094892 0.825926
vt 0.099205 0.831762
vt 0.099205 0.833697
vt 0.141265 0.799749
vt 0.220255 0.901514
vt 0.215243 0.903198
vt 0.210902 0.897407
vt 0.210902 0.895474
vt 0.220255 0.853392
vt 0.168882 0.929427
vt 0.220255 0.851450
vt 0.210902 0.853392
vt 0.210902 0.851450
vt 0.192798 0.799749
vt 0.188126 0.799749
vt 0.186842 0.814042
vt 0.188126 0.810227
vt 0.143519 0.799749
vt 0.166640 0.918947
vt 0.168882 0.918947
vt 0.143519 0.810227
vt 0.141265 0.810227
vt 0.121960 0.917883
vt 0.123931 0.914290
vt 0.130279 0.906493
vt 0.131641 0.906493
vt 0.166640 0.917883
vt 0.100287 0.877690
vt 0.100287 0.875607
vt 0.112214 0.875607
vt 0.112214 0.877690
vt 0.100287 0.833697
vt 0.100287 0.832508
vt 0.115716 0.839586
vt 0.112214 0.841153
vt 0.141265 0.811290
vt 0.209821 0.895474
vt 0.209821 0.896663
vt 0.194403 0.889586
vt 0.197899 0.888019
vt 0.209821 0.853392
vt 0.168882 0.917883
vt 0.209821 0.851450
vt 0.197899 0.853392
vt 0.197899 0.851450
vt 0.186146 0.814861
vt 0.188126 0.811290
vt 0.179844 0.822696
vt 0.178485 0.822696
vt 0.143519 0.811290
vt 0.166640 0.906493
vt 0.168882 0.906493
vt 0.143519 0.822697
vt 0.141265 0.822697
vt 0.132336 0.905666
vt 0.131088 0.902384
vt 0.141780 0.887050
vt 0.142969 0.887050
vt 0.166640 0.905666
vt 0.113466 0.877690
vt 0.113466 0.875607
vt 0.132694 0.875607
vt 0.132694 0.877690
vt 0.113466 0.841153
vt 0.116815 0.840262
vt 0.134441 0.851447
vt 0.132694 0.852545
vt 0.141265 0.823522
vt 0.196648 0.888019
vt 0.193303 0.888910
vt 0.175671 0.877737
vt 0.177404 0.876640
vt 0.196648 0.853392
vt 0.168882 0.905666
vt 0.196648 0.851450
vt 0.177404 0.853392
vt 0.177404 0.851450
vt 0.179033 0.826809
vt 0.177786 0.823522
vt 0.168325 0.842130
vt 0.167137 0.842130
vt 0.143519 0.823522
vt 0.166640 0.887050
vt 0.168882 0.887050
vt 0.143519 0.842130
vt 0.141265 0.842130
vt 0.143668 0.886210
vt 0.142548 0.883904
vt 0.154159 0.864802
vt 0.155276 0.865499
vt 0.166640 0.886210
vt 0.133922 0.875607
vt 0.133922 0.852545
vt 0.135575 0.851447
vt 0.154829 0.863692
vt 0.143519 0.842981
vt 0.176188 0.876640
vt 0.174535 0.877737
vt 0.155946 0.864389
vt 0.176188 0.853392
vt 0.167558 0.845288
vt 0.166437 0.842981
vt 0.101316 0.948545
vt 0.110280 0.954821
vt 0.104174 0.963310
vt 0.097597 0.950010
vt 0.066392 0.890735
vt 0.167734 0.954821
vt 0.180503 0.954821
vt 0.182256 0.963310
vt 0.168604 0.963310
vt 0.237606 0.920127
vt 0.066392 0.876651
vt 0.057896 0.892542
vt 0.057896 0.877485
vt 0.066392 0.817248
vt 0.142426 0.774304
vt 0.129838 0.774304
vt 0.128090 0.765803
vt 0.141548 0.765803
vt 0.199837 0.774304
vt 0.072537 0.808884
vt 0.057896 0.811435
vt 0.068734 0.805034
vt 0.243763 0.911788
vt 0.252251 0.917424
vt 0.241460 0.923965
vt 0.243763 0.852336
vt 0.243763 0.838191
vt 0.252251 0.836367
vt 0.252251 0.851489
vt 0.208822 0.780596
vt 0.205946 0.765803
vt 0.212533 0.779136
vt 0.444024 0.959453
vt 0.445733 0.959453
vt 0.191499 0.713832
vt 0.189767 0.713832
vt 0.095378 0.951834
vt 0.055591 0.892542
vt 0.102818 0.965546
vt 0.168604 0.965546
vt 0.469184 0.959453
vt 0.471140 0.959453
vt 0.212876 0.713832
vt 0.210922 0.713832
vt 0.182256 0.965546
vt 0.243597 0.925712
vt 0.433044 0.959453
vt 0.433493 0.959453
vt 0.181825 0.713832
vt 0.181367 0.713832
vt 0.055591 0.877485
vt 0.055591 0.811435
vt 0.457027 0.959210
vt 0.455072 0.959210
vt 0.199353 0.713832
vt 0.201306 0.713832
vt 0.141548 0.763600
vt 0.207357 0.763600
vt 0.128090 0.763600
vt 0.066761 0.803048
vt 0.434114 0.959211
vt 0.433044 0.959211
vt 0.180514 0.713832
vt 0.181587 0.713832
vt 0.492118 0.959453
vt 0.493177 0.959453
vt 0.231728 0.713832
vt 0.230648 0.713832
vt 0.254613 0.917424
vt 0.254613 0.851489
vt 0.493177 0.959210
vt 0.492718 0.959210
vt 0.230406 0.713832
vt 0.230865 0.713832
vt 0.254613 0.836367
vt 0.214621 0.777196
vt 0.482207 0.959210
vt 0.480498 0.959210
vt 0.220754 0.713832
vt 0.222477 0.713832
vt 0.103910 0.744945
vt 0.104963 0.742753
vt 0.103245 0.733303
vt 0.102134 0.735516
vt 0.105477 0.745182
vt 0.128386 0.739515
vt 0.127940 0.737084
vt 0.130406 0.736271
vt 0.130847 0.738712
vt 0.154797 0.728977
vt 0.154374 0.726511
vt 0.133707 0.723303
vt 0.131238 0.724113
vt 0.133999 0.722154
vt 0.161600 0.714148
vt 0.161892 0.712999
vt 0.131530 0.722965
vt 0.137316 0.709131
vt 0.134836 0.709941
vt 0.103538 0.732152
vt 0.102422 0.734382
vt 0.110717 0.719733
vt 0.109630 0.721996
vt 0.138212 0.709979
vt 0.160332 0.703472
vt 0.161242 0.704368
vt 0.135736 0.710783
vt 0.111617 0.720626
vt 0.156782 0.727620
vt 0.164080 0.715236
vt 0.164384 0.714092
vt 0.162789 0.704609
vt 0.107860 0.944191
vt 0.112602 0.944191
vt 0.110280 0.953456
vt 0.103171 0.948545
vt 0.108508 0.943854
vt 0.076816 0.887015
vt 0.076560 0.878187
vt 0.112602 0.943854
vt 0.112631 0.931346
vt 0.114150 0.937826
vt 0.167078 0.943854
vt 0.167078 0.944191
vt 0.076816 0.876024
vt 0.067783 0.888243
vt 0.067783 0.876651
vt 0.076560 0.876024
vt 0.076816 0.819700
vt 0.076560 0.819700
vt 0.083331 0.875607
vt 0.083331 0.877690
vt 0.076816 0.816474
vt 0.067783 0.817248
vt 0.072537 0.810693
vt 0.082142 0.817211
vt 0.131147 0.784948
vt 0.140743 0.785295
vt 0.083331 0.821271
vt 0.083331 0.823894
vt 0.233328 0.912578
vt 0.233328 0.909340
vt 0.242371 0.911788
vt 0.237606 0.918331
vt 0.228028 0.911846
vt 0.179185 0.944191
vt 0.169405 0.943854
vt 0.233582 0.909340
vt 0.226802 0.907815
vt 0.226802 0.905193
vt 0.233582 0.852969
vt 0.233328 0.852969
vt 0.233328 0.842054
vt 0.242371 0.840823
vt 0.242371 0.852336
vt 0.233582 0.850954
vt 0.226802 0.853392
vt 0.226802 0.851450
vt 0.201612 0.785295
vt 0.202261 0.784948
vt 0.197517 0.784948
vt 0.199837 0.775674
vt 0.206958 0.780596
vt 0.197517 0.785295
vt 0.197485 0.797823
vt 0.195970 0.791335
vt 0.143082 0.785295
vt 0.143082 0.784948
vt 0.180503 0.953456
vt 0.167734 0.953456
vt 0.166640 0.937826
vt 0.168882 0.937826
vt 0.129838 0.775674
vt 0.142426 0.775674
vt 0.143519 0.791335
vt 0.141265 0.791335
vt 0.114150 0.936412
vt 0.113200 0.936412
vt 0.116770 0.925206
vt 0.121960 0.930796
vt 0.166640 0.936412
vt 0.083488 0.877690
vt 0.083488 0.875607
vt 0.089611 0.875607
vt 0.089611 0.877690
vt 0.083488 0.823894
vt 0.088574 0.821896
vt 0.089611 0.825254
vt 0.089611 0.827608
vt 0.141265 0.792748
vt 0.226643 0.905193
vt 0.221579 0.907194
vt 0.220510 0.903868
vt 0.220510 0.901514
vt 0.226643 0.853392
vt 0.168882 0.936412
vt 0.226643 0.851450
vt 0.220510 0.853392
vt 0.220510 0.851450
vt 0.196915 0.792748
vt 0.195970 0.792748
vt 0.193340 0.803978
vt 0.188126 0.798376
vt 0.143519 0.792748
vt 0.166640 0.930796
vt 0.168882 0.930796
vt 0.143519 0.798376
vt 0.141265 0.798376
vt 0.121960 0.929427
vt 0.117308 0.929427
vt 0.123221 0.915118
vt 0.121960 0.918947
vt 0.166640 0.929427
vt 0.089865 0.877690
vt 0.089865 0.875607
vt 0.099205 0.875607
vt 0.099205 0.877690
vt 0.089865 0.827608
vt 0.094892 0.825926
vt 0.099205 0.831762
vt 0.099205 0.833697
vt 0.141265 0.799749
vt 0.220255 0.901514
vt 0.215243 0.903198
vt 0.210902 0.897407
vt 0.210902 0.895474
vt 0.220255 0.853392
vt 0.168882 0.929427
vt 0.220255 0.851450
vt 0.210902 0.853392
vt 0.210902 0.851450
vt 0.192798 0.799749
vt 0.188126 0.799749
vt 0.186842 0.814042
vt 0.188126 0.810227
vt 0.143519 0.799749
vt 0.166640 0.918947
vt 0.168882 0.918947
vt 0.143519 0.810227
vt 0.141265 0.810227
vt 0.121960 0.917883
vt 0.123931 0.914290
vt 0.130279 0.906493
vt 0.131641 0.906493
vt 0.166640 0.917883
vt 0.100287 0.877690
vt 0.100287 0.875607
vt 0.112214 0.875607
vt 0.112214 0.877690
vt 0.100287 0.833697
vt 0.100287 0.832508
vt 0.115716 0.839586
vt 0.112214 0.841153
vt 0.141265 0.811290
vt 0.209821 0.895474
vt 0.209821 0.896663
vt 0.194403 0.889586
vt 0.197899 0.888019
vt 0.209821 0.853392
vt 0.168882 0.917883
vt 0.209821 0.851450
vt 0.197899 0.853392
vt 0.197899 0.851450
vt 0.186146 0.814861
vt 0.188126 0.811290
vt 0.179844 0.822696
vt 0.178485 0.822696
vt 0.143519 0.811290
vt 0.166640 0.906493
vt 0.168882 0.906493
vt 0.143519 0.822697
vt 0.141265 0.822697
vt 0.132336 0.905666
vt 0.131088 0.902384
vt 0.141780 0.887050
vt 0.142969 0.887050
vt 0.166640 0.905666
vt 0.113466 0.877690
vt 0.113466 0.875607
vt 0.132694 0.875607
vt 0.132694 0.877690
vt 0.113466 0.841153
vt 0.116815 0.840262
vt 0.134441 0.851447
vt 0.132694 0.852545
vt 0.141265 0.823522
vt 0.196648 0.888019
vt 0.193303 0.888910
vt 0.175671 0.877737
vt 0.177404 0.876640
vt 0.196648 0.853392
vt 0.168882 0.905666
vt 0.196648 0.851450
vt 0.177404 0.853392
vt 0.177404 0.851450
vt 0.179033 0.826809
vt 0.177786 0.823522
vt 0.168325 0.842130
vt 0.167137 0.842130
vt 0.143519 0.823522
vt 0.166640 0.887050
vt 0.168882 0.887050
vt 0.143519 0.842130
vt 0.141265 0.842130
vt 0.143668 0.886210
vt 0.142548 0.883904
vt 0.154159 0.864802
vt 0.155276 0.865499
vt 0.166640 0.886210
vt 0.133922 0.875607
vt 0.133922 0.852545
vt 0.135575 0.851447
vt 0.154829 0.863692
vt 0.143519 0.842981
vt 0.176188 0.876640
vt 0.174535 0.877737
vt 0.155946 0.864389
vt 0.176188 0.853392
vt 0.167558 0.845288
vt 0.166437 0.842981
vt 0.101316 0.948545
vt 0.110280 0.954821
vt 0.104174 0.963310
vt 0.097597 0.950010
vt 0.066392 0.890735
vt 0.167734 0.954821
vt 0.180503 0.954821
vt 0.182256 0.963310
vt 0.168604 0.963310
vt 0.237606 0.920127
vt 0.066392 0.876651
vt 0.057896 0.892542
vt 0.057896 0.877485
vt 0.066392 0.817248
vt 0.142426 0.774304
vt 0.129838 0.774304
vt 0.128090 0.765803
vt 0.141548 0.765803
vt 0.199837 0.774304
vt 0.072537 0.808884
vt 0.057896 0.811435
vt 0.068734 0.805034
vt 0.243763 0.911788
vt 0.252251 0.917424
vt 0.241460 0.923965
vt 0.243763 0.852336
vt 0.243763 0.838191
vt 0.252251 0.836367
vt 0.252251 0.851489
vt 0.208822 0.780596
vt 0.205946 0.765803
vt 0.212533 0.779136
vt 0.444024 0.959453
vt 0.445733 0.959453
vt 0.191499 0.713832
vt 0.189767 0.713832
vt 0.095378 0.951834
vt 0.055591 0.892542
vt 0.102818 0.965546
vt 0.168604 0.965546
vt 0.469184 0.959453
vt 0.471140 0.959453
vt 0.212876 0.713832
vt 0.210922 0.713832
vt 0.182256 0.965546
vt 0.243597 0.925712
vt 0.433044 0.959453
vt 0.433493 0.959453
vt 0.181825 0.713832
vt 0.181367 0.713832
vt 0.055591 0.877485
vt 0.055591 0.811435
vt 0.457027 0.959210
vt 0.455072 0.959210
vt 0.199353 0.713832
vt 0.201306 0.713832
vt 0.141548 0.763600
vt 0.207357 0.763600
vt 0.128090 0.763600
vt 0.066761 0.803048
vt 0.434114 0.959211
vt 0.433044 0.959211
vt 0.180514 0.713832
vt 0.181587 0.713832
vt 0.492118 0.959453
vt 0.493177 0.959453
vt 0.231728 0.713832
vt 0.230648 0.713832
vt 0.254613 0.917424
vt 0.254613 0.851489
vt 0.493177 0.959210
vt 0.492718 0.959210
vt 0.230406 0.713832
vt 0.230865 0.713832
vt 0.254613 0.836367
vt 0.214621 0.777196
vt 0.482207 0.959210
vt 0.480498 0.959210
vt 0.220754 0.713832
vt 0.222477 0.713832
vt 0.103910 0.744945
vt 0.104963 0.742753
vt 0.103245 0.733303
vt 0.102134 0.735516
vt 0.105477 0.745182
vt 0.128386 0.739515
vt 0.127940 0.737084
vt 0.130406 0.736271
vt 0.130847 0.738712
vt 0.154797 0.728977
vt 0.154374 0.726511
vt 0.133707 0.723303
vt 0.131238 0.724113
vt 0.133999 0.722154
vt 0.161600 0.714148
vt 0.161892 0.712999
vt 0.131530 0.722965
vt 0.137316 0.709131
vt 0.134836 0.709941
vt 0.103538 0.732152
vt 0.102422 0.734382
vt 0.110717 0.719733
vt 0.109630 0.721996
vt 0.138212 0.709979
vt 0.160332 0.703472
vt 0.161242 0.704368
vt 0.135736 0.710783
vt 0.111617 0.720626
vt 0.156782 0.727620
vt 0.164080 0.715236
vt 0.164384 0.714092
vt 0.162789 0.704609
vn 0.010552 -0.999944 0.000003
vn -0.384923 -0.922949 0.000011
vn -0.399202 -0.916863 0.000013
vn 0.008931 -0.999960 0.000008
vn 0.000234 -0.708491 0.705719
vn 0.000356 -0.708490 0.705721
vn 0.012830 -0.708255 0.705840
vn 0.012830 -0.708255 0.705840
vn -0.401289 -0.007173 0.915924
vn -0.007153 -0.000133 0.999974
vn -0.008838 -0.000160 0.999961
vn -0.415537 -0.007406 0.909546
vn -0.529914 -0.604593 0.594691
vn -0.529964 -0.604571 0.594669
vn -0.554117 -0.593623 0.583581
vn -0.554116 -0.593623 0.583581
vn 0.017822 -0.999841 0.000005
vn 0.017819 -0.999841 0.000001
vn 0.017819 -0.999841 0.000001
vn 0.017822 -0.999841 0.000005
vn 0.012230 -0.706992 0.707116
vn 0.012230 -0.706992 0.707116
vn 0.012214 -0.706991 0.707117
vn 0.012214 -0.706991 0.707117
vn -0.000000 -0.000000 1.000000
vn 0.000003 -0.000005 1.000000
vn 0.000003 -0.000005 1.000000
vn -0.000000 -0.000000 1.000000
vn -0.007272 -0.000128 0.999974
vn -0.401285 -0.007144 0.915925
vn -0.414268 -0.007373 0.910125
vn -0.008725 -0.000151 0.999962
vn -0.024964 0.705397 0.708373
vn -0.024842 0.705400 0.708374
vn -0.012369 0.705742 0.708361
vn -0.012369 0.705742 0.708361
vn -0.417611 0.908626 0.000022
vn -0.024971 0.999688 0.000005
vn -0.026656 0.999645 0.000003
vn -0.431745 0.901996 0.000001
vn -0.551118 0.584972 0.595043
vn -0.551167 0.584949 0.595020
vn -0.574916 0.573437 0.583645
vn -0.574916 0.573437 0.583645
vn 0.000004 0.000004 1.000000
vn -0.000000 0.000000 1.000000
vn -0.000000 0.000000 1.000000
vn 0.000003 0.000004 1.000000
vn -0.012970 0.706999 0.707095
vn -0.012970 0.706999 0.707095
vn -0.012985 0.707000 0.707095
vn -0.012985 0.707000 0.707095
vn -0.017819 0.999841 0.000001
vn -0.017815 0.999841 0.000006
vn -0.017816 0.999841 0.000006
vn -0.017819 0.999841 0.000001
vn -0.025084 0.999685 -0.000004
vn -0.417567 0.908646 -0.000012
vn -0.431618 0.902056 -0.000013
vn -0.026705 0.999643 -0.000007
vn -0.025010 0.708040 -0.705730
vn -0.024889 0.708043 -0.705731
vn -0.012414 0.708252 -0.705851
vn -0.012414 0.708252 -0.705851
vn -0.401323 -0.007137 -0.915909
vn -0.007156 -0.000124 -0.999974
vn -0.008680 -0.000153 -0.999962
vn -0.414428 -0.007385 -0.910052
vn -0.551124 0.585326 -0.594689
vn -0.551174 0.585302 -0.594667
vn -0.574915 0.573503 -0.583581
vn -0.574915 0.573503 -0.583581
vn -0.017815 0.999841 -0.000005
vn -0.017819 0.999841 -0.000001
vn -0.017819 0.999841 -0.000001
vn -0.017816 0.999841 -0.000005
vn -0.012970 0.706973 -0.707121
vn -0.012970 0.706974 -0.707121
vn -0.012985 0.706973 -0.707121
vn -0.012985 0.706973 -0.707121
vn -0.000000 0.000000 -1.000000
vn 0.000004 0.000004 -1.000000
vn 0.000004 0.000004 -1.000000
vn -0.000000 0.000000 -1.000000
vn -0.007267 -0.000133 -0.999974
vn -0.401246 -0.007162 -0.915942
vn -0.415410 -0.007417 -0.909604
vn -0.008888 -0.000165 -0.999961
vn 0.000186 -0.705841 -0.708371
vn 0.000308 -0.705840 -0.708372
vn 0.012785 -0.705737 -0.708359
vn 0.012785 -0.705737 -0.708359
vn -0.384968 -0.922930 -0.000020
vn 0.010666 -0.999943 -0.000005
vn 0.008980 -0.999960 -0.000004
vn -0.399331 -0.916807 0.000001
vn -0.529923 -0.604227 -0.595055
vn -0.529974 -0.604206 -0.595032
vn -0.554119 -0.593545 -0.583658
vn -0.554118 -0.593546 -0.583658
vn 0.000004 -0.000005 -1.000000
vn -0.000000 -0.000000 -1.000000
vn -0.000000 -0.000000 -1.000000
vn 0.000003 -0.000005 -1.000000
vn 0.012230 -0.707013 -0.707094
vn 0.012230 -0.707013 -0.707094
vn 0.012215 -0.707014 -0.707094
vn 0.012215 -0.707014 -0.707094
vn 0.017818 -0.999841 -0.000000
vn 0.017822 -0.999841 -0.000005
vn 0.017822 -0.999841 -0.000005
vn 0.017818 -0.999841 -0.000002
vn -0.007820 -0.000133 0.999969
vn 0.000000 0.000000 1.000000
vn -0.407624 -0.007243 0.913121
vn -0.008430 -0.000150 0.999965
vn -0.412111 -0.007344 0.911104
vn -0.435519 -0.007761 0.900146
vn -0.435525 -0.007758 0.900143
vn 0.724413 -0.689367 0.000053
vn 0.724413 -0.689367 0.000053
vn 0.724148 -0.689645 -0.000060
vn 0.723879 -0.689927 -0.000175
vn 0.999841 0.017821 -0.000015
vn 0.999841 0.017821 0.000001
vn 0.999841 0.017819 0.000000
vn 0.999841 0.017819 -0.000017
vn 0.739731 -0.033594 0.672064
vn 0.725531 -0.007079 0.688153
vn 0.713729 0.012625 0.700308
vn 0.714144 0.012524 0.699887
vn 0.000003 -0.000005 1.000000
vn -0.000000 -0.000000 1.000000
vn -0.000000 -0.000000 1.000000
vn 0.999841 0.017818 0.000002
vn 0.999841 0.017818 -0.000018
vn 0.999841 0.017818 -0.000017
vn 0.999841 0.017818 0.000003
vn 0.708147 0.012776 0.705950
vn 0.708355 0.012646 0.705743
vn 0.708397 0.012568 0.705702
vn 0.708397 0.012568 0.705702
vn -0.025638 0.999671 -0.000007
vn -0.017818 0.999841 -0.000000
vn -0.423894 0.905712 -0.000021
vn -0.026248 0.999655 -0.000000
vn -0.428345 0.903615 0.000000
vn -0.451559 0.892241 0.000000
vn -0.451565 0.892238 -0.000003
vn 0.712931 0.012708 0.701119
vn 0.712931 0.012708 0.701119
vn 0.712721 0.012657 0.701334
vn 0.712596 0.012626 0.701461
vn 0.999841 0.017817 -0.000000
vn 0.999841 0.017819 0.000001
vn 0.999841 0.017819 0.000001
vn 0.999841 0.017817 -0.000000
vn 0.726919 0.685129 0.046769
vn 0.712908 0.700972 0.020005
vn 0.701244 0.712922 0.000096
vn 0.701665 0.712507 0.000204
vn -0.017815 0.999841 0.000006
vn -0.017819 0.999841 0.000000
vn -0.017819 0.999841 0.000000
vn 0.999841 0.017817 0.000000
vn 0.999841 0.017817 0.000000
vn 0.999841 0.017816 0.000001
vn 0.999841 0.017818 -0.000000
vn 0.695559 0.718469 -0.000156
vn 0.695768 0.718267 -0.000023
vn 0.695810 0.718226 0.000055
vn 0.695810 0.718226 0.000055
vn -0.008092 -0.000155 -0.999967
vn 0.000000 0.000000 -1.000000
vn -0.409780 -0.007337 -0.912155
vn -0.008422 -0.000150 -0.999965
vn -0.412112 -0.007345 -0.911104
vn -0.435519 -0.007762 -0.900146
vn -0.435526 -0.007765 -0.900143
vn 0.699397 0.714733 -0.000053
vn 0.699397 0.714733 -0.000053
vn 0.699122 0.715002 0.000059
vn 0.698843 0.715275 0.000173
vn 0.999841 0.017818 0.000000
vn 0.999841 0.017820 -0.000000
vn 0.999841 0.017821 0.000000
vn 0.999841 0.017819 0.000001
vn 0.732919 0.046809 -0.678703
vn 0.723078 0.027022 -0.690238
vn 0.715307 0.012862 -0.698692
vn 0.715496 0.012895 -0.698498
vn 0.000003 0.000004 -1.000000
vn 0.000000 0.000000 -1.000000
vn -0.000000 0.000000 -1.000000
vn 0.999841 0.017819 0.000003
vn 0.999841 0.017819 0.000001
vn 0.999841 0.017819 0.000001
vn 0.999841 0.017819 0.000002
vn 0.707740 0.012500 -0.706363
vn 0.707829 0.012573 -0.706272
vn 0.707863 0.012668 -0.706236
vn 0.707863 0.012668 -0.706236
vn 0.009998 -0.999950 0.000006
vn 0.017820 -0.999841 -0.000001
vn -0.391358 -0.920238 0.000021
vn 0.009387 -0.999956 0.000000
vn -0.395880 -0.918302 0.000000
vn -0.419479 -0.907765 0.000000
vn -0.419486 -0.907762 0.000005
vn 0.711916 0.012634 -0.702151
vn 0.711916 0.012634 -0.702151
vn 0.711645 0.012741 -0.702424
vn 0.711370 0.012850 -0.702700
vn 0.999841 0.017819 -0.000001
vn 0.999841 0.017820 0.000005
vn 0.999841 0.017819 0.000006
vn 0.999841 0.017818 -0.000000
vn 0.750865 -0.658798 -0.046772
vn 0.737426 -0.675131 -0.020006
vn 0.726194 -0.687490 -0.000096
vn 0.726600 -0.687061 -0.000203
vn 0.017822 -0.999841 -0.000005
vn 0.017819 -0.999841 0.000000
vn 0.017819 -0.999841 0.000000
vn 0.999841 0.017815 0.000001
vn 0.999841 0.017817 0.000000
vn 0.999841 0.017817 0.000001
vn 0.999841 0.017815 0.000001
vn 0.720719 -0.693227 0.000156
vn 0.720921 -0.693017 0.000023
vn 0.720962 -0.692974 -0.000055
vn 0.720962 -0.692974 -0.000055
vn 0.970173 0.024962 0.241123
vn 0.972361 0.036365 0.230633
vn 0.968589 0.017484 0.248052
vn 0.968552 0.017533 0.248191
vn -0.010499 0.705234 0.708897
vn -0.010499 0.705234 0.708897
vn -0.010499 0.705234 0.708897
vn -0.010499 0.705234 0.708897
vn 0.967979 0.250289 0.019295
vn 0.965249 0.261218 0.007693
vn 0.963317 0.268367 0.000459
vn 0.963383 0.268129 0.000436
vn 0.965036 0.262004 -0.007784
vn 0.967678 0.251450 -0.019292
vn 0.963144 0.268988 -0.000222
vn 0.963104 0.269128 -0.000269
vn -0.010562 0.708822 -0.705309
vn -0.010562 0.708822 -0.705309
vn -0.010562 0.708822 -0.705309
vn -0.010562 0.708822 -0.705309
vn 0.970909 0.036889 -0.236589
vn 0.968511 0.025071 -0.247704
vn 0.966782 0.017683 -0.254988
vn 0.966847 0.017665 -0.254747
vn -0.017817 0.999841 -0.000000
vn -0.017790 0.999842 -0.000007
vn -0.017790 0.999842 -0.000007
vn -0.017817 0.999841 -0.000000
vn 0.962449 0.271463 0.000022
vn 0.962436 0.271507 -0.000033
vn 0.962443 0.271482 -0.000058
vn 0.962443 0.271485 -0.000058
vn 0.973791 -0.227317 0.007668
vn 0.976253 -0.215729 0.019789
vn 0.972120 -0.234486 0.000222
vn 0.972083 -0.234635 0.000271
vn 0.024136 -0.695934 0.717700
vn 0.024136 -0.695934 0.717700
vn 0.024136 -0.695934 0.717700
vn 0.024136 -0.695934 0.717700
vn 0.977628 0.009604 0.210122
vn 0.976235 0.018319 0.215940
vn 0.975694 0.021763 0.218056
vn 0.975740 0.021521 0.217873
vn 0.126048 -0.059459 0.990241
vn 0.161694 0.027056 0.986470
vn 0.148270 0.039648 0.988152
vn 0.152628 -0.051668 0.986932
vn 0.975374 0.003421 0.220531
vn 0.975067 0.004092 0.221872
vn 0.973607 0.007115 0.228120
vn 0.973616 0.007098 0.228082
vn 0.963397 0.013300 -0.267748
vn 0.963397 0.013300 -0.267748
vn 0.963216 0.013712 -0.268377
vn 0.963100 0.013976 -0.268781
vn 0.006156 -0.717186 -0.696855
vn 0.006156 -0.717186 -0.696855
vn 0.006156 -0.717186 -0.696855
vn 0.006156 -0.717186 -0.696855
vn 0.976064 -0.216665 -0.018833
vn 0.973913 -0.226788 -0.007813
vn 0.972266 -0.233879 -0.000457
vn 0.972320 -0.233652 -0.000436
vn 0.017828 -0.999841 -0.000000
vn 0.017845 -0.999841 0.000005
vn 0.017845 -0.999841 0.000005
vn 0.017828 -0.999841 -0.000000
vn 0.971509 -0.237003 -0.000019
vn 0.971499 -0.237043 0.000032
vn 0.971505 -0.237020 0.000058
vn 0.971505 -0.237019 0.000058
vn -0.000006 -0.000002 -1.000000
vn 0.000026 -0.000006 -1.000000
vn 0.000026 -0.000006 -1.000000
vn -0.000006 -0.000002 -1.000000
vn 0.965949 0.017235 -0.258158
vn 0.965938 0.017183 -0.258202
vn 0.965944 0.017170 -0.258180
vn 0.965944 0.017169 -0.258182
vn -0.419486 -0.907762 -0.000003
vn -0.419487 -0.907761 0.000006
vn -0.419486 -0.907762 -0.000004
vn -0.553818 -0.592073 -0.585436
vn -0.553822 -0.592074 -0.585431
vn -0.575190 -0.581766 -0.575070
vn -0.575028 -0.581845 -0.575151
vn -0.435525 -0.007757 -0.900143
vn -0.435527 -0.007766 -0.900142
vn -0.435527 -0.007767 -0.900142
vn -0.435525 -0.007758 -0.900144
vn -0.435527 -0.007766 0.900142
vn -0.435526 -0.007757 0.900143
vn -0.435527 -0.007766 0.900142
vn -0.553758 -0.595393 0.582116
vn -0.553762 -0.595388 0.582117
vn -0.575126 -0.585409 0.571425
vn -0.574964 -0.585488 0.571507
vn -0.419488 -0.907761 -0.000005
vn -0.419484 -0.907763 0.000003
vn -0.419486 -0.907762 0.000004
vn -0.419486 -0.907762 -0.000005
vn -0.709598 -0.068301 -0.701288
vn -0.697225 -0.714750 -0.054855
vn -0.748676 -0.662269 -0.029741
vn -0.760251 -0.043634 -0.648162
vn -0.444560 -0.007937 -0.895714
vn -0.702540 -0.012530 -0.711534
vn -0.455271 -0.008130 -0.890316
vn -0.428558 -0.903514 -0.000007
vn -0.439418 -0.898283 -0.000017
vn -0.689693 -0.724102 -0.000025
vn -0.690351 -0.723475 0.000001
vn -0.755571 -0.655067 0.000088
vn -0.749458 -0.662052 -0.000109
vn -0.433948 -0.900938 -0.000001
vn -0.419477 -0.907766 -0.000001
vn -0.436304 -0.899799 0.000000
vn -0.691396 -0.722476 0.000000
vn -0.451570 0.892236 0.000006
vn -0.451565 0.892238 -0.000005
vn -0.451570 0.892236 0.000006
vn -0.574212 0.571193 0.586532
vn -0.574218 0.571196 0.586523
vn -0.598651 0.554425 0.578126
vn -0.602481 0.551767 0.576688
vn -0.435526 -0.007765 0.900143
vn -0.435526 -0.007759 0.900143
vn -0.435526 -0.007758 0.900143
vn -0.435526 -0.007765 0.900143
vn -0.697392 -0.714613 0.054529
vn -0.708714 -0.067279 0.702281
vn -0.759467 -0.043213 0.649109
vn -0.748905 -0.662019 0.029522
vn -0.428598 -0.903495 0.000013
vn -0.689864 -0.723939 0.000010
vn -0.439406 -0.898288 0.000016
vn -0.444519 -0.007930 0.895734
vn -0.455281 -0.008130 0.890311
vn -0.702460 -0.012544 0.711613
vn -0.702464 -0.012520 0.711609
vn -0.764883 -0.013634 0.644025
vn -0.760862 -0.013569 0.648772
vn -0.449824 -0.008017 0.893081
vn -0.435519 -0.007761 0.900146
vn -0.451528 -0.008047 0.892221
vn -0.701209 -0.012495 0.712847
vn -0.435524 -0.007760 -0.900144
vn -0.435527 -0.007765 -0.900142
vn -0.435524 -0.007759 -0.900144
vn -0.574250 0.576372 -0.581405
vn -0.574258 0.576361 -0.581409
vn -0.602983 0.557321 -0.570793
vn -0.598499 0.560415 -0.572480
vn -0.451566 0.892238 0.000004
vn -0.451570 0.892236 -0.000006
vn -0.451571 0.892235 -0.000007
vn -0.451564 0.892239 0.000004
vn -0.708377 0.032448 0.705088
vn -0.812867 0.580865 0.042927
vn -0.857492 0.513681 0.028978
vn -0.755890 0.004562 0.654683
vn -0.443526 -0.007889 0.896227
vn -0.695384 -0.012346 0.718532
vn -0.452966 -0.008048 0.891491
vn -0.465912 0.884831 0.000030
vn -0.480513 0.876988 0.000067
vn -0.816232 0.577724 0.000082
vn -0.816768 0.576966 -0.000003
vn -0.858559 0.512715 -0.000000
vn -0.855735 0.517414 0.000003
vn -0.471776 0.881719 0.000004
vn -0.451558 0.892242 0.000001
vn -0.475112 0.879925 -0.000001
vn -0.817910 0.575346 0.000001
vn -0.813308 0.580252 -0.042858
vn -0.708260 0.032477 -0.705205
vn -0.755596 0.004667 -0.655022
vn -0.857733 0.513282 -0.028927
vn -0.465988 0.884791 -0.000047
vn -0.816249 0.577700 -0.000058
vn -0.480455 0.877019 -0.000065
vn -0.443451 -0.007893 -0.896264
vn -0.453005 -0.008050 -0.891472
vn -0.695383 -0.012345 -0.718534
vn -0.708767 -0.012630 -0.705330
vn -0.777834 -0.013996 -0.628314
vn -0.754314 -0.013441 -0.656376
vn -0.451931 -0.008054 -0.892016
vn -0.435519 -0.007761 -0.900146
vn -0.452842 -0.008072 -0.891554
vn -0.707915 -0.012612 -0.706185
vn -0.435519 -0.007761 -0.900146
vn -0.408020 -0.007270 -0.912944
vn -0.435519 -0.007761 -0.900146
vn -0.449834 -0.008016 -0.893076
vn -0.435519 -0.007761 -0.900146
vn -0.435519 -0.007761 -0.900146
vn -0.451558 0.892242 -0.000000
vn -0.424287 0.905528 0.000002
vn -0.451558 0.892242 -0.000000
vn -0.471809 0.881701 0.000002
vn -0.451558 0.892242 -0.000000
vn -0.451559 0.892241 -0.000000
vn -0.435519 -0.007762 0.900146
vn -0.410080 -0.007309 0.912020
vn -0.435519 -0.007762 0.900146
vn -0.451900 -0.008053 0.892032
vn -0.435519 -0.007763 0.900146
vn -0.435519 -0.007762 0.900146
vn -0.419480 -0.907765 -0.000001
vn -0.391759 -0.920068 -0.000003
vn -0.419477 -0.907766 -0.000000
vn -0.433958 -0.900933 -0.000001
vn -0.419477 -0.907766 0.000000
vn -0.419479 -0.907765 -0.000000
vn -0.000000 -0.000000 1.000000
vn 0.000000 0.000000 1.000000
vn -0.017819 0.999841 -0.000000
vn -0.017818 0.999841 -0.000000
vn 0.000000 0.000000 -1.000000
vn 0.000000 0.000000 -1.000000
vn 0.017819 -0.999841 0.000000
vn 0.017820 -0.999841 0.000000
vn -0.026119 0.999659 0.000007
vn -0.017819 0.999841 0.000000
vn -0.428471 0.903555 0.000019
vn -0.025609 0.999672 -0.000000
vn -0.451559 0.892241 0.000000
vn -0.017819 0.999841 -0.000000
vn -0.451557 0.892242 -0.000000
vn -0.475068 0.879949 0.000000
vn -0.817737 0.575593 0.000001
vn -0.858939 0.512078 -0.000033
vn -0.858782 0.512341 0.000001
vn -0.816906 0.576770 -0.000003
vn -0.856066 0.516867 -0.000022
vn -0.858949 0.512061 0.000033
vn -0.691481 -0.722395 -0.000000
vn -0.755368 -0.655301 -0.000006
vn -0.755608 -0.655024 -0.000086
vn -0.436291 -0.899806 0.000000
vn -0.419476 -0.907766 0.000000
vn -0.690495 -0.723337 0.000001
vn -0.749711 -0.661766 -0.000012
vn -0.755490 -0.655160 0.000002
vn -0.419479 -0.907765 0.000000
vn -0.396010 -0.918246 -0.000019
vn 0.009517 -0.999955 -0.000007
vn 0.017820 -0.999841 -0.000000
vn 0.010027 -0.999950 0.000001
vn 0.017820 -0.999841 0.000001
vn 0.017819 -0.999841 0.000000
vn 0.017819 -0.999841 0.000000
vn 0.017819 -0.999841 0.000000
vn 0.017819 -0.999841 0.000000
vn 0.017819 -0.999841 0.000000
vn 0.017822 -0.999841 0.000005
vn 0.999842 0.017803 0.000000
vn 0.999841 0.017813 0.000000
vn 0.999841 0.017813 0.000000
vn 0.999842 0.017803 0.000000
vn 0.720977 -0.692959 0.000057
vn 0.720977 -0.692959 0.000057
vn 0.720958 -0.692979 -0.000036
vn 0.720787 -0.693157 -0.000197
vn 0.999841 0.017818 -0.000001
vn 0.999842 0.017804 -0.000002
vn 0.999842 0.017803 -0.000000
vn 0.999841 0.017817 -0.000002
vn -0.017817 0.999841 -0.000000
vn -0.017817 0.999841 0.000000
vn -0.017817 0.999841 0.000000
vn -0.017817 0.999841 -0.000000
vn 0.962444 0.271482 0.000058
vn 0.962443 0.271482 0.000058
vn 0.962439 0.271497 0.000028
vn 0.962455 0.271442 -0.000030
vn -0.017792 0.999842 0.000008
vn -0.017817 0.999841 -0.000000
vn -0.017817 0.999841 -0.000000
vn -0.017792 0.999842 0.000008
vn 0.017828 -0.999841 -0.000000
vn 0.017828 -0.999841 0.000000
vn 0.017828 -0.999841 0.000000
vn 0.017828 -0.999841 -0.000000
vn 0.971504 -0.237022 -0.000058
vn 0.971505 -0.237019 -0.000058
vn 0.971501 -0.237037 -0.000029
vn 0.971516 -0.236976 0.000033
vn 0.999841 0.017818 -0.000000
vn 0.999841 0.017822 -0.000000
vn 0.999841 0.017822 -0.000000
vn 0.999841 0.017818 -0.000000
vn 0.017854 -0.999841 -0.000008
vn 0.017829 -0.999841 -0.000001
vn 0.017829 -0.999841 -0.000001
vn 0.017854 -0.999841 -0.000008
vn 0.999841 0.017822 -0.000000
vn 0.999841 0.017821 0.000000
vn 0.999841 0.017821 0.000000
vn 0.999841 0.017822 -0.000000
vn 0.695810 0.718226 -0.000056
vn 0.695810 0.718226 -0.000056
vn 0.695790 0.718245 0.000036
vn 0.695614 0.718416 0.000195
vn -0.017819 0.999841 -0.000000
vn -0.017818 0.999841 0.000000
vn -0.017819 0.999841 0.000000
vn -0.017818 0.999841 0.000000
vn -0.017816 0.999841 -0.000005
vn -0.017819 0.999841 0.000000
vn -0.008318 -0.000159 0.999965
vn 0.000000 0.000000 1.000000
vn -0.412250 -0.007379 0.911041
vn -0.008053 -0.000143 0.999968
vn -0.435519 -0.007761 0.900146
vn -0.000000 0.000000 1.000000
vn -0.435519 -0.007761 0.900146
vn -0.452871 -0.008071 0.891540
vn -0.707875 -0.012613 0.706225
vn -0.774218 -0.013664 0.632772
vn -0.762712 -0.013594 0.646595
vn -0.708803 -0.012634 0.705293
vn -0.754353 -0.013485 0.656330
vn -0.777902 -0.013997 0.628229
vn -0.701275 -0.012498 -0.712781
vn -0.763092 -0.013591 -0.646147
vn -0.774273 -0.013668 -0.632704
vn -0.451508 -0.008046 -0.892231
vn -0.435519 -0.007762 -0.900146
vn -0.702606 -0.012525 -0.711469
vn -0.761263 -0.013554 -0.648301
vn -0.765956 -0.013655 -0.642748
vn -0.435519 -0.007762 -0.900146
vn -0.412238 -0.007327 -0.911047
vn -0.008301 -0.000142 -0.999966
vn 0.000000 0.000000 -1.000000
vn -0.007791 -0.000139 -0.999970
vn 0.000000 0.000000 -1.000000
vn 0.000000 0.000000 -1.000000
vn 0.000000 0.000000 -1.000000
vn -0.000000 0.000000 -1.000000
vn -0.000000 0.000000 -1.000000
vn -0.000000 0.000000 -1.000000
vn 0.000003 -0.000005 -1.000000
vn 0.999841 0.017818 -0.000003
vn 0.999841 0.017819 0.000002
vn 0.999841 0.017819 0.000002
vn 0.999841 0.017818 -0.000003
vn 0.708396 0.012568 -0.705704
vn 0.708396 0.012568 -0.705704
vn 0.708375 0.012661 -0.705723
vn 0.708202 0.012815 -0.705894
vn 0.999841 0.017818 0.000006
vn 0.999841 0.017819 -0.000003
vn 0.999841 0.017819 -0.000003
vn 0.999841 0.017819 0.000005
vn 0.000425 -0.001482 0.999999
vn 0.109550 -0.058535 0.992256
vn 0.109450 -0.058501 0.992269
vn 0.000425 -0.001480 0.999999
vn 0.967959 0.017178 0.250519
vn 0.967960 0.017178 0.250517
vn 0.967954 0.017221 0.250537
vn 0.967967 0.017284 0.250480
vn 0.000025 -0.000006 1.000000
vn 0.000002 0.000001 1.000000
vn 0.000002 0.000001 1.000000
vn 0.000025 -0.000006 1.000000
vn -0.121136 0.063295 -0.990616
vn -0.000487 0.001678 -0.999999
vn -0.000487 0.001678 -0.999999
vn -0.121194 0.063313 -0.990608
vn 0.962807 0.024453 -0.269082
vn 0.962824 0.024418 -0.269025
vn 0.962088 0.025171 -0.271577
vn 0.961883 0.025135 -0.272304
vn 0.999841 0.017818 0.000003
vn 0.999841 0.017818 0.000002
vn 0.999841 0.017818 0.000002
vn 0.999841 0.017818 0.000003
vn -0.175815 -0.033958 -0.983837
vn -0.140353 0.063791 -0.988045
vn -0.159993 0.056280 -0.985513
vn -0.167108 -0.037643 -0.985220
vn 0.999841 0.017818 0.000002
vn 0.999841 0.017819 0.000001
vn 0.999841 0.017819 0.000001
vn 0.999841 0.017818 0.000001
vn 0.707864 0.012668 0.706235
vn 0.707864 0.012668 0.706235
vn 0.707858 0.012564 0.706243
vn 0.707785 0.012480 0.706318
vn -0.000000 -0.000000 1.000000
vn -0.000000 0.000000 1.000000
vn -0.000000 0.000000 1.000000
vn 0.000000 0.000000 1.000000
vn 0.000003 0.000004 1.000000
vn -0.000000 0.000000 1.000000
vn -0.999087 -0.017807 0.038847
vn -0.999135 -0.017804 0.037574
vn -0.999021 -0.017799 0.040499
vn -0.999841 -0.017819 0.000001
vn -0.999841 -0.017820 -0.000000
vn -0.997364 -0.058853 0.042453
vn -0.999841 -0.017818 0.000000
vn -0.999841 -0.017818 0.000000
vn -0.999841 -0.017817 0.000000
vn -0.999841 -0.017821 0.000000
vn -0.999841 -0.017818 0.000000
vn -0.999841 -0.017821 -0.000000
vn -0.998399 -0.056556 -0.000000
vn -0.998333 -0.057724 0.000004
vn -0.998357 -0.057296 0.000003
vn -0.997286 -0.061043 -0.041172
vn -0.999044 -0.017809 -0.039923
vn -0.998239 -0.059321 -0.000065
vn -0.998328 -0.057797 0.000055
vn -0.998330 -0.057763 -0.000056
vn -0.999841 -0.017821 0.000000
vn -0.999841 -0.017819 0.000000
vn -0.999841 -0.017819 0.000001
vn -0.999841 -0.017818 -0.000000
vn -0.999841 -0.017817 -0.000000
vn -0.999841 -0.017819 0.000001
vn -0.999128 -0.017807 -0.037766
vn -0.999841 -0.017821 0.000000
vn -0.999841 -0.017818 0.000000
vn -0.999149 -0.017811 -0.037207
vn -0.999989 0.004676 0.000000
vn -0.999989 0.004600 -0.000001
vn -0.999979 0.006437 -0.000001
vn -0.999841 -0.017816 0.000000
vn -0.999841 -0.017818 0.000000
vn -0.999159 0.007500 0.040305
vn -0.999841 -0.017819 0.000002
vn -0.999841 -0.017819 0.000002
vn -0.999841 -0.017824 0.000002
vn -0.999841 -0.017819 0.000002
vn -0.998760 -0.017891 0.046463
vn -0.999219 -0.017826 0.035264
vn -0.999841 -0.017815 0.000000
vn -0.999841 -0.017819 0.000000
vn -0.998815 -0.017716 0.045336
vn -0.998756 -0.017889 -0.046539
vn -0.998817 -0.017714 -0.045277
vn -0.999196 -0.017808 -0.035909
vn -0.999841 -0.017819 -0.000001
vn -0.999841 -0.017819 -0.000000
vn -0.999106 0.007021 -0.041701
vn -0.999841 -0.017819 -0.000002
vn -0.999841 -0.017818 -0.000001
vn -0.999841 -0.017824 -0.000002
vn -0.999841 -0.017816 0.000000
vn -0.999841 -0.017819 0.000000
vn -0.999841 -0.017816 0.000001
vn -0.999989 0.004708 0.000020
vn -0.999981 0.006249 -0.000021
vn -0.999989 0.004712 -0.000018
vn -0.999841 -0.017824 0.000000
vn -0.999841 -0.017824 0.000000
vn -0.999841 -0.017817 0.000000
vn -0.999841 -0.017817 0.000000
vn -0.017790 0.999842 0.000008
vn -0.017790 0.999842 0.000008
vn 0.000026 -0.000006 1.000000
vn 0.000026 -0.000006 1.000000
vn 0.017846 -0.999841 0.000006
vn 0.017846 -0.999841 0.000006
vn 0.000028 -0.000006 -1.000000
vn 0.000028 -0.000006 -1.000000
vn 0.000004 -0.000006 1.000000
vn -0.017815 0.999841 0.000006
vn 0.000004 -0.000006 -1.000000
vn 0.017822 -0.999841 0.000005
vn 0.017822 -0.999841 -0.000006
vn -0.017788 0.999842 -0.000007
vn -0.017788 0.999842 -0.000007
vn 0.017856 -0.999841 -0.000008
vn 0.017856 -0.999841 -0.000008
vn -0.017815 0.999841 -0.000005
vn 0.000004 0.000004 -1.000000
vn 0.145052 0.042658 0.988504
vn 0.145052 0.042658 0.988504
vn -0.163832 -0.039027 -0.985716
vn -0.163832 -0.039027 -0.985716
vn 0.000004 0.000004 1.000000
vn 0.841729 -0.368678 0.394422
vn 0.841729 -0.368678 0.394422
vn 0.827870 0.409238 0.383609
vn 0.827870 0.409238 0.383609
vn 0.828062 0.398437 -0.394413
vn 0.828062 0.398437 -0.394413
vn 0.841924 -0.379468 -0.383625
vn 0.841924 -0.379468 -0.383625
vn 0.985275 -0.114183 -0.127259
vn 0.985275 -0.114183 -0.127259
vn -0.010575 0.999944 -0.000002
vn -0.008955 0.999960 -0.000005
vn 0.399235 0.916849 -0.000017
vn 0.384966 0.922931 -0.000015
vn -0.000262 0.708484 -0.705727
vn -0.012832 0.708248 -0.705847
vn -0.012832 0.708248 -0.705847
vn -0.000385 0.708482 -0.705728
vn 0.401330 0.007178 -0.915905
vn 0.415571 0.007411 -0.909531
vn 0.008814 0.000160 -0.999961
vn 0.007130 0.000132 -0.999975
vn 0.529996 0.604546 -0.594667
vn 0.554118 0.593611 -0.583591
vn 0.554118 0.593611 -0.583591
vn 0.530046 0.604524 -0.594645
vn -0.017819 0.999841 0.000000
vn -0.017819 0.999841 0.000000
vn -0.017819 0.999841 0.000001
vn -0.017819 0.999841 0.000001
vn -0.012217 0.707005 -0.707103
vn -0.012201 0.707006 -0.707103
vn -0.012201 0.707006 -0.707103
vn -0.012217 0.707005 -0.707103
vn -0.000000 0.000000 -1.000000
vn -0.000000 0.000000 -1.000000
vn -0.000000 0.000000 -1.000000
vn -0.000000 0.000000 -1.000000
vn 0.007249 0.000127 -0.999974
vn 0.008701 0.000151 -0.999962
vn 0.414301 0.007371 -0.910110
vn 0.401327 0.007142 -0.915907
vn 0.024935 -0.705393 -0.708377
vn 0.012368 -0.705738 -0.708365
vn 0.012368 -0.705738 -0.708365
vn 0.024813 -0.705397 -0.708378
vn 0.417651 -0.908608 -0.000026
vn 0.431778 -0.901980 -0.000006
vn 0.026631 -0.999645 -0.000002
vn 0.024947 -0.999689 -0.000004
vn 0.551198 -0.584936 -0.595004
vn 0.574918 -0.573437 -0.583643
vn 0.574918 -0.573438 -0.583643
vn 0.551247 -0.584913 -0.594982
vn -0.000000 0.000000 -1.000000
vn -0.000000 0.000000 -1.000000
vn -0.000000 0.000000 -1.000000
vn -0.000000 0.000000 -1.000000
vn 0.012983 -0.706998 -0.707096
vn 0.012998 -0.706998 -0.707096
vn 0.012998 -0.706998 -0.707096
vn 0.012983 -0.706998 -0.707096
vn 0.017819 -0.999841 0.000000
vn 0.017819 -0.999841 0.000000
vn 0.017819 -0.999841 0.000000
vn 0.017819 -0.999841 0.000000
vn 0.025061 -0.999686 0.000003
vn 0.026680 -0.999644 0.000007
vn 0.431650 -0.902041 0.000018
vn 0.417604 -0.908629 0.000016
vn 0.024983 -0.708054 0.705716
vn 0.012413 -0.708266 0.705837
vn 0.012413 -0.708266 0.705837
vn 0.024861 -0.708057 0.705717
vn 0.401361 0.007135 0.915892
vn 0.414459 0.007383 0.910038
vn 0.008656 0.000152 0.999963
vn 0.007134 0.000124 0.999975
vn 0.551204 -0.585286 0.594655
vn 0.574919 -0.573499 0.583581
vn 0.574919 -0.573499 0.583581
vn 0.551253 -0.585262 0.594633
vn 0.017819 -0.999841 0.000001
vn 0.017819 -0.999841 -0.000000
vn 0.017819 -0.999841 0.000000
vn 0.017819 -0.999841 0.000000
vn 0.012983 -0.706993 0.707101
vn 0.012998 -0.706993 0.707101
vn 0.012998 -0.706993 0.707101
vn 0.012983 -0.706993 0.707101
vn -0.000000 0.000000 1.000000
vn -0.000000 0.000000 1.000000
vn -0.000000 0.000000 1.000000
vn -0.000000 0.000000 1.000000
vn 0.007243 0.000132 0.999974
vn 0.008863 0.000164 0.999961
vn 0.415442 0.007421 0.909589
vn 0.401286 0.007167 0.915925
vn -0.000215 0.705833 0.708379
vn -0.012787 0.705729 0.708367
vn -0.012787 0.705729 0.708367
vn -0.000337 0.705832 0.708380
vn 0.385008 0.922913 0.000025
vn 0.399363 0.916793 0.000004
vn -0.009004 0.999960 0.000003
vn -0.010688 0.999943 0.000005
vn 0.530002 0.604199 0.595014
vn 0.554119 0.593551 0.583651
vn 0.554119 0.593551 0.583651
vn 0.530052 0.604178 0.594991
vn -0.000000 0.000000 1.000000
vn -0.000000 0.000000 1.000000
vn -0.000000 0.000000 1.000000
vn -0.000000 0.000000 1.000000
vn -0.012217 0.707000 0.707108
vn -0.012201 0.707000 0.707108
vn -0.012201 0.707000 0.707108
vn -0.012217 0.707000 0.707108
vn -0.017819 0.999841 -0.000000
vn -0.017819 0.999841 -0.000000
vn -0.017819 0.999841 -0.000000
vn -0.017819 0.999841 -0.000000
vn 0.007802 0.000133 -0.999970
vn 0.000000 0.000000 -1.000000
vn 0.407672 0.007245 -0.913100
vn 0.412155 0.007345 -0.911084
vn 0.008413 0.000150 -0.999965
vn 0.435519 0.007762 -0.900146
vn 0.435520 0.007762 -0.900146
vn -0.724190 0.689600 -0.000077
vn -0.723675 0.690140 0.000151
vn -0.723936 0.689867 0.000036
vn -0.724190 0.689600 -0.000077
vn -0.977128 -0.034870 0.209772
vn -0.975264 -0.024155 0.219721
vn -0.971655 -0.236305 0.006820
vn -0.973853 -0.226511 0.017440
vn -0.739471 0.033471 -0.672356
vn -0.713924 -0.012498 -0.700112
vn -0.713514 -0.012600 -0.700527
vn -0.725249 0.006974 -0.688452
vn -0.000000 0.000000 -1.000000
vn -0.000000 0.000000 -1.000000
vn -0.000000 0.000000 -1.000000
vn -0.974496 -0.017175 0.223748
vn -0.974508 -0.017357 0.223682
vn -0.974056 -0.017293 0.225647
vn -0.974029 -0.017489 0.225745
vn -0.708149 -0.012776 -0.705948
vn -0.708403 -0.012569 -0.705697
vn -0.708403 -0.012569 -0.705697
vn -0.708360 -0.012646 -0.705738
vn 0.025620 -0.999672 0.000007
vn 0.017820 -0.999841 0.000001
vn 0.423937 -0.905692 0.000020
vn 0.428386 -0.903596 0.000000
vn 0.026230 -0.999656 -0.000000
vn 0.451559 -0.892241 -0.000001
vn 0.451560 -0.892241 -0.000000
vn -0.712687 -0.012720 -0.701367
vn -0.712364 -0.012637 -0.701696
vn -0.712485 -0.012668 -0.701573
vn -0.712687 -0.012720 -0.701367
vn -0.981177 0.192321 0.017454
vn -0.979299 0.202305 0.006774
vn -0.973642 -0.011854 0.227775
vn -0.975541 -0.003817 0.219785
vn -0.726663 -0.685409 -0.046643
vn -0.701450 -0.712719 -0.000226
vn -0.701034 -0.713127 -0.000117
vn -0.712631 -0.701257 -0.019895
vn 0.017818 -0.999841 0.000000
vn 0.017818 -0.999841 -0.000001
vn 0.017818 -0.999841 -0.000001
vn -0.978480 0.206340 -0.000192
vn -0.978495 0.206273 -0.000010
vn -0.978075 0.208255 -0.000066
vn -0.978054 0.208353 0.000130
vn -0.695562 -0.718467 0.000155
vn -0.695815 -0.718222 -0.000057
vn -0.695815 -0.718222 -0.000057
vn -0.695773 -0.718261 0.000021
vn 0.008074 0.000154 0.999967
vn -0.000000 0.000000 1.000000
vn 0.409826 0.007337 0.912134
vn 0.412156 0.007345 0.911084
vn 0.008404 0.000150 0.999965
vn 0.435519 0.007762 0.900146
vn 0.435519 0.007762 0.900146
vn -0.699150 -0.714975 0.000078
vn -0.698615 -0.715497 -0.000151
vn -0.698886 -0.715233 -0.000035
vn -0.699150 -0.714975 0.000078
vn -0.978270 -0.005673 -0.207255
vn -0.976766 -0.013397 -0.213888
vn -0.979457 0.201539 -0.006820
vn -0.981304 0.191671 -0.017440
vn -0.732666 -0.046709 0.678984
vn -0.715271 -0.012906 0.698728
vn -0.715085 -0.012873 0.698919
vn -0.722811 -0.026937 0.690521
vn -0.000000 0.000000 1.000000
vn -0.000000 0.000000 1.000000
vn -0.000000 0.000000 1.000000
vn -0.975876 -0.015949 -0.217742
vn -0.975725 -0.016214 -0.218397
vn -0.975967 -0.017545 -0.217212
vn -0.975908 -0.017707 -0.217463
vn -0.707738 -0.012500 0.706364
vn -0.707864 -0.012668 0.706235
vn -0.707864 -0.012668 0.706235
vn -0.707830 -0.012573 0.706271
vn -0.010016 0.999950 -0.000006
vn -0.017819 0.999841 0.000000
vn 0.391399 0.920221 -0.000020
vn 0.395919 0.918285 -0.000000
vn -0.009406 0.999956 -0.000000
vn 0.419481 0.907764 -0.000000
vn 0.419481 0.907764 0.000000
vn -0.711672 -0.012607 0.702399
vn -0.711144 -0.012825 0.702929
vn -0.711411 -0.012715 0.702661
vn -0.711672 -0.012607 0.702399
vn -0.973701 -0.227159 -0.017454
vn -0.971469 -0.237069 -0.006774
vn -0.975434 -0.024205 -0.218958
vn -0.977267 -0.034859 -0.209126
vn -0.750622 0.659083 0.046643
vn -0.726398 0.687274 0.000226
vn -0.725998 0.687697 0.000116
vn -0.737164 0.675421 0.019896
vn -0.017818 0.999841 -0.000000
vn -0.017819 0.999841 0.000000
vn -0.017818 0.999841 0.000000
vn -0.970506 -0.241078 0.000192
vn -0.970522 -0.241012 0.000011
vn -0.970034 -0.242971 0.000066
vn -0.970009 -0.243069 -0.000130
vn -0.720729 0.693217 -0.000156
vn -0.720974 0.692962 0.000056
vn -0.720974 0.692962 0.000056
vn -0.720934 0.693004 -0.000022
vn -0.999841 -0.017819 -0.000008
vn -0.999841 -0.017819 -0.000008
vn -0.999841 -0.017819 -0.000008
vn -0.999841 -0.017819 -0.000008
vn 0.010750 -0.705231 -0.708896
vn 0.010750 -0.705231 -0.708897
vn 0.010750 -0.705231 -0.708897
vn 0.010750 -0.705231 -0.708897
vn -0.999841 -0.017825 -0.000001
vn -0.999841 -0.017826 0.000000
vn -0.999841 -0.017826 -0.000000
vn -0.999841 -0.017825 -0.000000
vn -0.999841 -0.017827 0.000000
vn -0.999841 -0.017827 0.000000
vn -0.999841 -0.017828 -0.000000
vn -0.999841 -0.017827 0.000001
vn 0.010813 -0.708825 0.705301
vn 0.010813 -0.708825 0.705301
vn 0.010813 -0.708825 0.705301
vn 0.010813 -0.708825 0.705301
vn -0.999841 -0.017819 0.000008
vn -0.999841 -0.017819 0.000008
vn -0.999841 -0.017819 0.000008
vn -0.999841 -0.017819 0.000008
vn 0.017817 -0.999841 0.000000
vn 0.017817 -0.999841 0.000000
vn 0.017817 -0.999841 0.000000
vn 0.017817 -0.999841 0.000000
vn -0.999841 -0.017827 -0.000000
vn -0.999841 -0.017827 0.000000
vn -0.999841 -0.017827 0.000000
vn -0.999841 -0.017827 -0.000000
vn -0.999841 -0.017816 -0.000000
vn -0.999841 -0.017815 0.000000
vn -0.999841 -0.017816 0.000000
vn -0.999841 -0.017816 -0.000001
vn -0.023029 0.695840 -0.717828
vn -0.023029 0.695840 -0.717828
vn -0.023029 0.695840 -0.717828
vn -0.023029 0.695839 -0.717828
vn -0.999841 -0.017819 -0.000004
vn -0.999841 -0.017819 -0.000004
vn -0.999841 -0.017819 -0.000004
vn -0.999841 -0.017819 -0.000004
vn -0.118451 0.058746 -0.991221
vn -0.143917 0.050865 -0.988282
vn -0.139614 -0.038962 -0.989439
vn -0.152683 -0.027596 -0.987890
vn -0.999841 -0.017819 -0.000007
vn -0.999841 -0.017819 -0.000007
vn -0.999841 -0.017819 -0.000007
vn -0.999841 -0.017819 -0.000007
vn 0.999841 0.017821 0.000036
vn 0.999841 0.017821 0.000034
vn 0.999841 0.017820 0.000031
vn 0.999841 0.017821 0.000036
vn -0.006685 0.717330 0.696702
vn -0.006685 0.717330 0.696702
vn -0.006685 0.717330 0.696702
vn -0.006685 0.717330 0.696702
vn -0.999841 -0.017810 0.000001
vn -0.999842 -0.017809 -0.000000
vn -0.999842 -0.017809 -0.000000
vn -0.999841 -0.017810 0.000000
vn -0.017815 0.999841 0.000001
vn -0.017815 0.999841 0.000001
vn -0.017820 0.999841 0.000001
vn -0.017820 0.999841 0.000001
vn -0.999841 -0.017807 -0.000000
vn -0.999842 -0.017807 0.000000
vn -0.999842 -0.017807 0.000000
vn -0.999842 -0.017807 0.000000
vn -0.000000 0.000000 1.000000
vn -0.000000 0.000000 1.000000
vn -0.000000 0.000000 1.000000
vn -0.000000 0.000000 1.000000
vn -0.999841 -0.017819 0.000006
vn -0.999841 -0.017819 0.000006
vn -0.999841 -0.017819 0.000006
vn -0.999841 -0.017819 0.000006
vn 0.419481 0.907764 0.000001
vn 0.419479 0.907765 0.000001
vn 0.419480 0.907765 -0.000001
vn 0.553819 0.592083 0.585425
vn 0.575021 0.581856 0.575148
vn 0.575184 0.581776 0.575066
vn 0.553820 0.592083 0.585424
vn 0.435519 0.007762 0.900146
vn 0.435519 0.007761 0.900146
vn 0.435519 0.007762 0.900146
vn 0.435519 0.007762 0.900146
vn 0.435519 0.007761 -0.900146
vn 0.435519 0.007762 -0.900146
vn 0.435519 0.007762 -0.900146
vn 0.553760 0.595384 -0.582123
vn 0.574956 0.585484 -0.571519
vn 0.575119 0.585405 -0.571437
vn 0.553761 0.595383 -0.582124
vn 0.419480 0.907764 0.000000
vn 0.419480 0.907764 0.000001
vn 0.419478 0.907765 0.000000
vn 0.419479 0.907765 0.000001
vn 0.709484 0.068074 0.701427
vn 0.760112 0.043501 0.648335
vn 0.748536 0.662432 0.029620
vn 0.697092 0.714897 0.054629
vn 0.444522 0.007931 0.895733
vn 0.455220 0.008125 0.890342
vn 0.702550 0.012536 0.711524
vn 0.689689 0.724106 0.000022
vn 0.439372 0.898305 0.000013
vn 0.428524 0.903531 0.000004
vn 0.749349 0.662175 0.000106
vn 0.755461 0.655193 -0.000088
vn 0.690373 0.723454 -0.000001
vn 0.433922 0.900950 0.000001
vn 0.419479 0.907765 0.000000
vn 0.691419 0.722454 0.000000
vn 0.436277 0.899813 -0.000000
vn 0.451558 -0.892242 0.000000
vn 0.451558 -0.892242 0.000000
vn 0.451559 -0.892241 -0.000001
vn 0.574216 -0.571246 -0.586476
vn 0.602479 -0.551818 -0.576642
vn 0.598639 -0.554484 -0.578082
vn 0.574217 -0.571246 -0.586474
vn 0.435519 0.007762 -0.900146
vn 0.435519 0.007762 -0.900146
vn 0.435519 0.007762 -0.900146
vn 0.435520 0.007761 -0.900146
vn 0.697271 0.714748 -0.054304
vn 0.748761 0.662189 -0.029391
vn 0.759327 0.043087 -0.649282
vn 0.708583 0.067049 -0.702434
vn 0.428560 0.903513 -0.000008
vn 0.439355 0.898314 -0.000012
vn 0.689874 0.723930 -0.000016
vn 0.702452 0.012541 -0.711620
vn 0.455238 0.008126 -0.890333
vn 0.444486 0.007924 -0.895751
vn 0.760751 0.013564 -0.648903
vn 0.764772 0.013630 -0.644156
vn 0.702487 0.012519 -0.711586
vn 0.449801 0.008017 -0.893093
vn 0.435518 0.007762 -0.900146
vn 0.701233 0.012497 -0.712823
vn 0.451503 0.008047 -0.892233
vn 0.435521 0.007761 0.900145
vn 0.435520 0.007761 0.900145
vn 0.435519 0.007762 0.900146
vn 0.574253 -0.576396 0.581378
vn 0.598482 -0.560451 0.572463
vn 0.602976 -0.557348 0.570774
vn 0.574255 -0.576394 0.581379
vn 0.451559 -0.892241 0.000001
vn 0.451558 -0.892242 0.000001
vn 0.451558 -0.892242 -0.000001
vn 0.451557 -0.892243 -0.000001
vn 0.708256 -0.032302 -0.705217
vn 0.755758 -0.004483 -0.654836
vn 0.857422 -0.513804 -0.028868
vn 0.812808 -0.580964 -0.042717
vn 0.443492 0.007891 -0.896244
vn 0.452917 0.008051 -0.891517
vn 0.695386 0.012343 -0.718531
vn 0.816252 -0.577697 -0.000082
vn 0.480436 -0.877030 -0.000061
vn 0.465852 -0.884863 -0.000023
vn 0.855687 -0.517495 -0.000002
vn 0.858513 -0.512791 0.000000
vn 0.816803 -0.576916 0.000003
vn 0.471727 -0.881745 -0.000002
vn 0.451559 -0.892241 0.000000
vn 0.817946 -0.575295 -0.000001
vn 0.475060 -0.879954 0.000001
vn 0.813261 -0.580334 0.042657
vn 0.857663 -0.513404 0.028811
vn 0.755463 -0.004594 0.655175
vn 0.708119 -0.032335 0.705352
vn 0.465920 -0.884827 0.000039
vn 0.480365 -0.877069 0.000056
vn 0.816277 -0.577661 0.000062
vn 0.695362 0.012347 0.718554
vn 0.452963 0.008051 0.891493
vn 0.443423 0.007894 0.896278
vn 0.754210 0.013443 0.656495
vn 0.777713 0.013993 0.628463
vn 0.708786 0.012630 0.705311
vn 0.451906 0.008054 0.892029
vn 0.435519 0.007761 0.900146
vn 0.707934 0.012614 0.706166
vn 0.452817 0.008071 0.891567
vn 0.408068 0.007271 0.912923
vn 0.435519 0.007762 0.900146
vn 0.435518 0.007762 0.900146
vn 0.449811 0.008016 0.893088
vn 0.435519 0.007762 0.900146
vn 0.435519 0.007762 0.900146
vn 0.424333 -0.905506 -0.000002
vn 0.451559 -0.892241 0.000000
vn 0.451559 -0.892241 0.000000
vn 0.471760 -0.881727 -0.000001
vn 0.451559 -0.892241 0.000000
vn 0.451559 -0.892241 0.000000
vn 0.410126 0.007311 -0.912000
vn 0.435518 0.007762 -0.900146
vn 0.435518 0.007762 -0.900147
vn 0.451875 0.008052 -0.892045
vn 0.435519 0.007761 -0.900146
vn 0.435518 0.007762 -0.900146
vn 0.391800 0.920051 0.000002
vn 0.419480 0.907764 -0.000000
vn 0.419479 0.907765 0.000000
vn 0.433933 0.900945 0.000001
vn 0.419480 0.907764 -0.000001
vn 0.419479 0.907765 0.000000
vn 0.000000 0.000000 -1.000000
vn -0.000000 0.000000 -1.000000
vn 0.017820 -0.999841 -0.000000
vn 0.017818 -0.999841 -0.000001
vn 0.000000 0.000000 1.000000
vn -0.000000 0.000000 1.000000
vn -0.017819 0.999841 0.000000
vn -0.017819 0.999841 0.000000
vn 0.026100 -0.999659 -0.000007
vn 0.017819 -0.999841 -0.000001
vn 0.428514 -0.903535 -0.000019
vn 0.025591 -0.999673 0.000000
vn 0.451560 -0.892241 0.000000
vn 0.017819 -0.999841 0.000000
vn 0.451559 -0.892241 0.000000
vn 0.475016 -0.879977 -0.000000
vn 0.858737 -0.512417 -0.000001
vn 0.858893 -0.512155 0.000034
vn 0.817773 -0.575540 -0.000000
vn 0.816942 -0.576719 0.000002
vn 0.858903 -0.512138 -0.000034
vn 0.856016 -0.516949 0.000027
vn 0.755498 0.655151 0.000087
vn 0.755253 0.655433 0.000006
vn 0.691504 0.722373 -0.000000
vn 0.436263 0.899819 0.000000
vn 0.419478 0.907765 0.000000
vn 0.690518 0.723315 -0.000001
vn 0.755378 0.655289 -0.000002
vn 0.749593 0.661899 0.000007
vn 0.419481 0.907764 0.000000
vn 0.396048 0.918230 0.000018
vn -0.009535 0.999955 0.000006
vn -0.017819 0.999841 -0.000000
vn -0.010045 0.999950 -0.000000
vn -0.017819 0.999841 0.000000
vn -0.017819 0.999841 0.000000
vn -0.017818 0.999841 0.000000
vn -0.017818 0.999841 0.000000
vn -0.017819 0.999841 -0.000000
vn -0.017819 0.999841 0.000000
vn -0.017818 0.999841 -0.000000
vn -0.970528 -0.240990 0.000074
vn -0.970528 -0.240990 0.000074
vn -0.970528 -0.240990 -0.000074
vn -0.970528 -0.240990 -0.000074
vn -0.720974 0.692962 -0.000056
vn -0.720785 0.693158 0.000194
vn -0.720955 0.692982 0.000036
vn -0.720974 0.692962 -0.000056
vn -0.970170 -0.242427 0.000042
vn -0.970176 -0.242401 -0.000156
vn -0.970520 -0.241021 -0.000015
vn -0.970499 -0.241107 -0.000206
vn 0.017817 -0.999841 0.000000
vn 0.017817 -0.999841 0.000000
vn 0.017817 -0.999841 0.000000
vn 0.017817 -0.999841 0.000000
vn -0.999841 -0.017825 -0.000000
vn -0.999841 -0.017825 0.000000
vn -0.999841 -0.017825 0.000000
vn -0.999841 -0.017825 -0.000000
vn 0.017817 -0.999841 0.000000
vn 0.017817 -0.999841 0.000000
vn 0.017817 -0.999841 0.000000
vn 0.017817 -0.999841 0.000000
vn -0.017814 0.999841 0.000000
vn -0.017814 0.999841 0.000000
vn -0.017814 0.999841 0.000000
vn -0.017814 0.999841 0.000000
vn -0.999841 -0.017808 -0.000000
vn -0.999841 -0.017808 0.000000
vn -0.999842 -0.017808 -0.000000
vn -0.999842 -0.017808 -0.000000
vn -0.978499 0.206251 0.000074
vn -0.978499 0.206251 0.000074
vn -0.978499 0.206252 -0.000074
vn -0.978499 0.206252 -0.000074
vn -0.017814 0.999841 -0.000000
vn -0.017814 0.999841 -0.000000
vn -0.017814 0.999841 0.000000
vn -0.017814 0.999841 0.000000
vn -0.978492 0.206283 0.000015
vn -0.978474 0.206369 0.000205
vn -0.978191 0.207709 -0.000042
vn -0.978196 0.207683 0.000156
vn -0.695815 -0.718221 0.000057
vn -0.695619 -0.718411 -0.000195
vn -0.695795 -0.718240 -0.000036
vn -0.695815 -0.718221 0.000057
vn 0.017818 -0.999841 -0.000001
vn 0.017818 -0.999841 0.000001
vn 0.017818 -0.999841 0.000001
vn 0.017818 -0.999841 0.000000
vn 0.017818 -0.999841 0.000000
vn 0.017818 -0.999841 -0.000000
vn 0.008300 0.000158 -0.999966
vn -0.000000 0.000000 -1.000000
vn 0.412293 0.007379 -0.911021
vn 0.008035 0.000143 -0.999968
vn 0.435520 0.007762 -0.900146
vn -0.000000 0.000000 -1.000000
vn 0.435518 0.007762 -0.900147
vn 0.452845 0.008070 -0.891553
vn 0.762605 0.013592 -0.646721
vn 0.774097 0.013665 -0.632919
vn 0.707894 0.012616 -0.706206
vn 0.708822 0.012633 -0.705274
vn 0.777780 0.013992 -0.628381
vn 0.754250 0.013479 -0.656449
vn 0.774153 0.013669 0.632851
vn 0.762979 0.013589 0.646280
vn 0.701299 0.012500 0.712758
vn 0.451484 0.008045 0.892243
vn 0.435519 0.007762 0.900146
vn 0.702630 0.012523 0.711445
vn 0.765842 0.013650 0.642884
vn 0.761148 0.013558 0.648436
vn 0.435519 0.007761 0.900146
vn 0.412283 0.007329 0.911026
vn 0.008283 0.000141 0.999966
vn -0.000000 0.000000 1.000000
vn 0.007773 0.000139 0.999970
vn -0.000000 0.000000 1.000000
vn -0.000000 0.000000 1.000000
vn 0.000000 0.000000 1.000000
vn -0.000000 0.000000 1.000000
vn -0.000000 0.000000 1.000000
vn -0.000000 0.000000 1.000000
vn 0.000000 0.000000 1.000000
vn -0.974511 -0.017442 -0.223660
vn -0.974511 -0.017442 -0.223660
vn -0.975448 -0.016601 -0.219604
vn -0.975447 -0.016601 -0.219606
vn -0.708402 -0.012568 0.705698
vn -0.708205 -0.012815 0.705890
vn -0.708381 -0.012661 0.705717
vn -0.708402 -0.012568 0.705698
vn -0.974179 -0.017404 -0.225105
vn -0.974189 -0.017205 -0.225079
vn -0.974506 -0.017352 -0.223691
vn -0.974489 -0.017161 -0.223777
vn -0.000387 0.001492 -0.999999
vn -0.000387 0.001492 -0.999999
vn -0.102394 0.057844 -0.993061
vn -0.102393 0.057844 -0.993061
vn -0.999841 -0.017819 -0.000006
vn -0.999841 -0.017819 -0.000006
vn -0.999841 -0.017819 -0.000006
vn -0.999841 -0.017819 -0.000006
vn 0.000000 0.000000 -1.000000
vn 0.000000 0.000000 -1.000000
vn 0.000000 0.000000 -1.000000
vn 0.000000 0.000000 -1.000000
vn 0.036093 -0.093430 0.994971
vn 0.036095 -0.093435 0.994971
vn 0.000438 -0.001691 0.999999
vn 0.000439 -0.001692 0.999999
vn -0.999841 -0.017820 0.000013
vn -0.999841 -0.017820 0.000015
vn 0.999841 0.017810 0.000019
vn -0.999841 -0.017820 0.000013
vn -0.974511 -0.017441 0.223660
vn -0.974511 -0.017441 0.223660
vn -0.972816 -0.018480 0.230842
vn -0.972817 -0.018479 0.230837
vn -0.049593 0.028879 0.998352
vn -0.037520 0.061197 0.997420
vn -0.007888 -0.160291 0.987038
vn 0.023081 -0.120462 0.992450
vn -0.972483 -0.018616 0.232231
vn -0.972348 -0.018625 0.232793
vn -0.972376 -0.016773 0.232818
vn -0.972320 -0.016835 0.233044
vn -0.707869 -0.012668 -0.706230
vn -0.707790 -0.012481 -0.706312
vn -0.707862 -0.012563 -0.706239
vn -0.707869 -0.012668 -0.706230
vn -0.000000 0.000000 -1.000000
vn -0.000000 0.000000 -1.000000
vn -0.000000 0.000000 -1.000000
vn -0.000000 0.000000 -1.000000
vn -0.000000 0.000000 -1.000000
vn 0.000000 0.000000 -1.000000
vn 0.999091 0.017806 -0.038721
vn 0.999140 0.017804 -0.037450
vn 0.999026 0.017801 -0.040386
vn 0.999841 0.017821 -0.000000
vn 0.999841 0.017818 -0.000001
vn 0.997374 0.058748 -0.042367
vn 0.999841 0.017818 0.000000
vn 0.999841 0.017817 0.000000
vn 0.999841 0.017818 -0.000000
vn 0.999841 0.017822 0.000000
vn 0.999841 0.017822 0.000000
vn 0.999841 0.017818 0.000000
vn 0.998340 0.057596 -0.000004
vn 0.998407 0.056431 0.000000
vn 0.998364 0.057172 -0.000003
vn 0.999049 0.017811 0.039796
vn 0.997295 0.060955 0.041069
vn 0.998246 0.059207 0.000067
vn 0.998336 0.057670 -0.000055
vn 0.998338 0.057636 0.000056
vn 0.999841 0.017822 0.000001
vn 0.999841 0.017822 0.000000
vn 0.999841 0.017820 -0.000001
vn 0.999841 0.017818 -0.000002
vn 0.999841 0.017817 -0.000000
vn 0.999841 0.017818 -0.000000
vn 0.999133 0.017808 0.037645
vn 0.999841 0.017818 0.000000
vn 0.999841 0.017822 0.000000
vn 0.999153 0.017810 0.037090
vn 0.999989 -0.004614 0.000000
vn 0.999990 -0.004538 0.000001
vn 0.999980 -0.006380 0.000001
vn 0.999841 0.017818 -0.000000
vn 0.999841 0.017815 0.000000
vn 0.999164 -0.007456 -0.040200
vn 0.999841 0.017818 -0.000001
vn 0.999841 0.017819 -0.000001
vn 0.999841 0.017824 -0.000001
vn 0.999841 0.017819 -0.000001
vn 0.999223 0.017826 -0.035151
vn 0.998767 0.017889 -0.046313
vn 0.999841 0.017819 0.000000
vn 0.999841 0.017815 -0.000000
vn 0.998821 0.017717 -0.045191
vn 0.998763 0.017889 0.046388
vn 0.998824 0.017714 0.045133
vn 0.999200 0.017807 0.035810
vn 0.999841 0.017819 -0.000001
vn 0.999841 0.017819 0.000001
vn 0.999110 -0.006967 0.041612
vn 0.999841 0.017819 0.000001
vn 0.999841 0.017824 0.000001
vn 0.999841 0.017818 0.000001
vn 0.999841 0.017816 -0.000001
vn 0.999841 0.017816 -0.000000
vn 0.999841 0.017819 0.000000
vn 0.999981 -0.006184 0.000019
vn 0.999989 -0.004647 -0.000020
vn 0.999989 -0.004651 0.000018
vn 0.999841 0.017824 0.000000
vn 0.999841 0.017824 0.000000
vn 0.999841 0.017817 0.000000
vn 0.999841 0.017817 0.000000
vn 0.017817 -0.999841 0.000000
vn 0.017817 -0.999841 0.000000
vn 0.000000 0.000000 -1.000000
vn 0.000000 0.000000 -1.000000
vn -0.017820 0.999841 0.000000
vn -0.017820 0.999841 0.000000
vn -0.000000 0.000000 1.000000
vn -0.000000 0.000000 1.000000
vn -0.000000 0.000000 -1.000000
vn 0.017818 -0.999841 0.000000
vn -0.000000 0.000000 1.000000
vn -0.017819 0.999841 0.000000
vn -0.017818 0.999841 -0.000000
vn 0.017816 -0.999841 0.000000
vn 0.017816 -0.999841 0.000000
vn -0.017814 0.999841 -0.000000
vn -0.017814 0.999841 -0.000000
vn 0.017818 -0.999841 0.000001
vn -0.000000 0.000000 1.000000
vn -0.136333 -0.041808 -0.989780
vn -0.136333 -0.041808 -0.989780
vn -0.031749 0.076578 0.996558
vn -0.031749 0.076578 0.996558
vn 0.000000 0.000000 -1.000000
vn -0.841800 0.368589 -0.394354
vn -0.841800 0.368589 -0.394354
vn -0.827937 -0.409182 -0.383524
vn -0.827937 -0.409182 -0.383524
vn -0.828131 -0.398359 0.394345
vn -0.828131 -0.398359 0.394345
vn -0.841991 0.379413 0.383531
vn -0.841991 0.379413 0.383531
vn -0.999841 -0.017815 0.000003
vn -0.999841 -0.017815 0.000003
vn -0.187657 0.044503 0.981226
vn -0.179576 0.982468 0.050085
vn -0.177884 0.983246 0.039816
vn -0.186629 0.037865 0.981701
vn -0.177099 0.983033 -0.047765
vn -0.144657 0.046571 -0.988385
vn -0.143318 0.038140 -0.988942
vn -0.176350 0.983449 -0.041583
vn -0.171147 0.985246 0.000000
vn -0.171147 0.985246 0.000000
vn -0.171147 0.985246 0.000000
vn -0.171147 0.985246 0.000000
vn -0.154639 -0.986632 0.051419
vn -0.176465 0.021338 0.984076
vn -0.175311 0.029482 0.984072
vn -0.153019 -0.987345 0.041663
vn -0.170312 0.060157 0.983552
vn -0.177566 -0.085041 0.980428
vn -0.177619 -0.086617 0.980280
vn -0.170403 0.058795 0.983619
vn -0.150705 -0.107732 -0.982691
vn -0.151705 -0.987360 -0.045894
vn -0.150978 -0.987729 -0.039970
vn -0.149881 -0.101134 -0.983518
vn -0.145933 -0.989295 -0.000001
vn -0.145942 -0.989293 -0.000001
vn -0.145942 -0.989293 -0.000001
vn -0.145933 -0.989295 -0.000001
vn -0.136732 -0.002437 -0.990605
vn -0.136732 -0.002437 -0.990605
vn -0.136732 -0.002437 -0.990605
vn -0.136732 -0.002437 -0.990605
vn -0.171147 0.985246 0.000000
vn -0.171147 0.985246 0.000000
vn -0.171147 0.985246 0.000000
vn -0.171147 0.985246 0.000000
vn -0.171147 0.985246 0.000000
vn -0.171143 0.985246 0.000001
vn -0.171143 0.985246 0.000001
vn -0.171147 0.985246 0.000000
vn -0.145942 -0.989293 0.000000
vn -0.145942 -0.989293 0.000000
vn -0.145942 -0.989293 0.000000
vn -0.145942 -0.989293 0.000000
vn -0.145942 -0.989293 0.000000
vn -0.145938 -0.989294 -0.000001
vn -0.145938 -0.989294 -0.000001
vn -0.145942 -0.989293 0.000000
vn -0.178100 -0.094652 0.979450
vn -0.180040 -0.006151 0.983640
vn -0.180040 -0.006163 0.983640
vn -0.178099 -0.094697 0.979446
vn -0.180086 -0.003210 0.983646
vn -0.180087 -0.003209 0.983646
vn -0.180087 -0.003209 0.983646
vn -0.180086 -0.003210 0.983646
vn -0.136783 0.000956 -0.990601
vn -0.137290 0.101761 -0.985290
vn -0.137291 0.101569 -0.985310
vn -0.136782 0.000904 -0.990601
vn -0.137728 0.098066 -0.985604
vn -0.145672 -0.064483 -0.987229
vn -0.145637 -0.063600 -0.987292
vn -0.137659 0.099276 -0.985492
vn -0.061729 -0.952083 -0.299545
vn -0.122580 -0.929140 -0.348815
vn -0.023106 -0.917006 -0.398203
vn -0.023056 -0.916987 -0.398251
vn -0.269260 -0.894366 0.357224
vn -0.056994 -0.951940 -0.300936
vn -0.244950 -0.898257 0.364875
vn -0.667318 -0.743995 0.034037
vn -0.290769 -0.853512 0.432400
vn -0.715528 -0.693093 0.087414
vn -0.678454 -0.734532 0.012788
vn -0.121533 -0.927506 -0.353501
vn 0.022223 -0.951824 -0.305837
vn -0.023039 -0.916989 -0.398247
vn -0.023089 -0.917005 -0.398208
vn 0.288413 -0.897819 0.332775
vn 0.027168 -0.952029 -0.304800
vn 0.311669 -0.893840 0.322353
vn 0.310920 -0.858216 0.408404
vn -0.258306 -0.858782 0.442461
vn 0.081510 -0.928945 -0.361134
vn -0.023101 -0.917002 -0.398213
vn -0.023068 -0.916986 -0.398253
vn 0.667880 -0.742833 -0.046205
vn 0.080162 -0.927327 -0.365567
vn 0.676446 -0.733293 -0.068572
vn 0.722129 -0.691758 0.001131
vn 0.341896 -0.852985 0.394364
vn -0.127319 -0.893642 -0.430341
vn -0.073091 -0.870519 -0.486676
vn -0.023070 -0.917031 -0.398149
vn -0.023081 -0.917011 -0.398193
vn -0.699499 -0.511866 -0.498693
vn -0.125975 -0.895832 -0.426163
vn -0.708060 -0.521337 -0.476296
vn -0.343267 -0.360770 -0.867187
vn -0.750627 -0.440218 -0.492714
vn -0.370390 -0.279111 -0.885951
vn -0.320021 -0.356858 -0.877633
vn -0.068155 -0.871348 -0.485910
vn 0.011122 -0.871237 -0.490737
vn -0.023093 -0.917011 -0.398194
vn -0.023076 -0.917028 -0.398156
vn 0.213368 -0.356346 -0.909666
vn -0.339422 -0.273738 -0.899922
vn 0.229803 -0.273305 -0.934075
vn 0.237690 -0.360309 -0.902043
vn 0.015870 -0.870518 -0.491881
vn 0.076754 -0.893431 -0.442595
vn -0.023058 -0.917031 -0.398148
vn -0.023076 -0.917013 -0.398190
vn 0.635753 -0.510665 -0.578826
vn 0.262286 -0.278440 -0.923946
vn 0.687030 -0.439038 -0.578996
vn 0.646885 -0.520194 -0.557618
vn 0.075693 -0.895688 -0.438194
vn -0.023078 -0.917006 -0.398206
vn -0.023102 -0.917006 -0.398203
vn -0.730478 -0.680369 0.059159
vn -0.761955 -0.452979 -0.462855
vn -0.023070 -0.916987 -0.398249
vn -0.023064 -0.917026 -0.398161
vn 0.701974 -0.451622 -0.550700
vn 0.733449 -0.679134 -0.028794
vn -0.856239 -0.438273 0.273444
vn -0.335862 -0.634689 0.695964
vn -0.338714 -0.623966 0.704230
vn -0.859044 -0.427400 0.281731
vn -0.869587 -0.426843 0.248243
vn -0.306862 -0.639465 0.704926
vn 0.390380 -0.638686 0.663086
vn 0.390784 -0.628556 0.672462
vn -0.306436 -0.629146 0.714333
vn 0.418034 -0.634083 0.650528
vn 0.883721 -0.436501 0.168835
vn 0.887327 -0.425864 0.176890
vn 0.421606 -0.623292 0.658601
vn 0.893837 -0.425288 0.142077
vn -0.432482 0.060434 -0.899615
vn -0.898150 -0.136896 -0.417835
vn -0.901157 -0.123597 -0.415500
vn -0.435448 0.073851 -0.897179
vn -0.404822 0.065295 -0.912061
vn -0.908272 -0.148365 -0.391189
vn 0.292427 0.065798 -0.954022
vn -0.404628 0.079078 -0.911056
vn 0.292617 0.079711 -0.952902
vn 0.321435 0.061282 -0.944947
vn 0.841802 -0.135389 -0.522532
vn 0.324897 0.074497 -0.942811
vn 0.845219 -0.122031 -0.520301
vn 0.855155 -0.146562 -0.497222
vn -0.873854 -0.414824 0.253575
vn -0.912484 -0.136198 -0.385777
vn 0.860028 -0.134643 -0.492162
vn 0.898655 -0.413227 0.147181
vn -0.843516 -0.477198 0.246501
vn -0.329677 -0.671361 0.663768
vn -0.334689 -0.648560 0.683632
vn -0.851285 -0.453392 0.264101
vn -0.854979 -0.467478 0.224668
vn -0.304678 -0.675350 0.671620
vn 0.383873 -0.674794 0.630313
vn 0.386978 -0.652703 0.651327
vn -0.305275 -0.653289 0.692836
vn 0.407767 -0.670693 0.619595
vn 0.867727 -0.475762 0.143880
vn 0.877523 -0.451903 0.160432
vn 0.415080 -0.647914 0.638683
vn 0.876517 -0.465947 0.120881
vn -0.424354 0.012448 -0.905411
vn -0.884296 -0.182559 -0.429759
vn -0.892763 -0.153798 -0.423462
vn -0.430347 0.042245 -0.901675
vn -0.400457 0.016468 -0.916167
vn -0.893084 -0.192290 -0.406726
vn 0.288123 0.017127 -0.957440
vn -0.402240 0.047020 -0.914326
vn 0.290041 0.047623 -0.955829
vn 0.313114 0.013054 -0.949626
vn 0.826949 -0.181054 -0.532330
vn 0.319449 0.042882 -0.946633
vn 0.836043 -0.152302 -0.527102
vn 0.838409 -0.190857 -0.510533
vn -0.864787 -0.441916 0.238440
vn -0.903086 -0.165294 -0.396374
vn 0.849545 -0.163786 -0.501446
vn 0.887846 -0.440397 0.133345
vn -0.837003 0.149793 0.526296
vn -0.319407 -0.045792 0.946511
vn -0.310372 0.003916 0.950607
vn -0.821007 0.196687 0.535968
vn -0.850279 0.160957 0.501117
vn -0.290548 -0.050334 0.955536
vn 0.402981 -0.049796 0.913853
vn 0.398353 0.000568 0.917232
vn -0.285845 -0.000153 0.958276
vn 0.430517 -0.045011 0.901460
vn 0.893758 0.151289 0.422266
vn 0.878807 0.198307 0.434020
vn 0.421812 0.004438 0.906673
vn 0.903851 0.162660 0.395721
vn -0.415406 0.645873 -0.640536
vn -0.878642 0.449367 -0.161427
vn -0.861504 0.489363 -0.135405
vn -0.404513 0.683018 -0.608157
vn -0.387871 0.650489 -0.653009
vn -0.888723 0.438171 -0.134827
vn 0.305679 0.651197 -0.694625
vn -0.381049 0.687096 -0.618628
vn 0.303159 0.687615 -0.659757
vn 0.334537 0.646479 -0.685674
vn 0.852128 0.451049 -0.265390
vn 0.327691 0.683750 -0.652000
vn 0.838310 0.490765 -0.237457
vn 0.865397 0.439714 -0.240290
vn -0.832231 0.206376 0.514588
vn -0.870158 0.479673 -0.112868
vn 0.849538 0.481283 -0.215991
vn 0.887459 0.207798 0.411384
vn -0.628208 0.516226 0.582122
vn -0.239470 0.369632 0.897790
vn -0.227321 0.397386 0.889050
vn -0.609658 0.541926 0.578475
vn -0.642737 0.529031 0.554090
vn -0.207081 0.364197 0.908008
vn 0.313369 0.364859 0.876743
vn 0.307825 0.397387 0.864481
vn -0.203017 0.396921 0.895119
vn 0.344230 0.369777 0.863001
vn 0.692034 0.517507 0.503265
vn 0.673501 0.542924 0.501627
vn 0.331156 0.397941 0.855558
vn 0.703552 0.530014 0.473392
vn -0.312342 0.896937 -0.312963
vn -0.660140 0.749671 0.047006
vn -0.640585 0.765016 0.066341
vn -0.298237 0.910143 -0.287566
vn -0.281504 0.902302 -0.326506
vn -0.671639 0.736927 0.076423
vn 0.239314 0.902568 -0.357911
vn -0.274897 0.915259 -0.294504
vn 0.236223 0.915688 -0.325139
vn 0.271386 0.897529 -0.347550
vn 0.660097 0.750494 -0.032102
vn 0.260264 0.910583 -0.321093
vn 0.642563 0.766161 -0.010473
vn 0.674652 0.738126 -0.003821
vn -0.617989 0.553638 0.558189
vn -0.646263 0.757848 0.089499
vn 0.651019 0.758968 0.011904
vn 0.679303 0.554800 0.480358
vn -0.007435 0.910955 0.412438
vn 0.010960 0.903845 0.427720
vn 0.023082 0.917012 0.398191
vn 0.023090 0.917011 0.398193
vn -0.001753 0.916679 0.399620
vn 0.024570 0.906738 0.420977
vn 0.038797 0.903732 0.426338
vn 0.055398 0.910950 0.408781
vn 0.023075 0.917007 0.398203
vn 0.048058 0.916786 0.396477
vn 0.007616 0.928945 0.370141
vn -0.009249 0.921972 0.387147
vn 0.023089 0.917005 0.398207
vn 0.021650 0.926639 0.375330
vn 0.035178 0.929082 0.368198
vn 0.054159 0.922058 0.383245
vn -0.666841 -0.284283 0.688844
vn -0.666841 -0.284283 0.688844
vn -0.667030 -0.294977 0.684149
vn -0.667030 -0.295021 0.684130
vn -0.175634 -0.925940 0.334347
vn -0.162415 -0.925380 0.342480
vn -0.129557 -0.925641 0.355534
vn -0.127071 -0.925977 0.355556
vn -0.678184 -0.730816 -0.077291
vn -0.669732 -0.739500 -0.067811
vn -0.694171 -0.711983 -0.105863
vn -0.693728 -0.712758 -0.103528
vn -0.963413 -0.085872 0.253894
vn -0.987006 0.084378 -0.136748
vn -0.987221 0.075734 -0.140212
vn -0.963776 -0.096692 0.248569
vn -0.711062 -0.591435 -0.380257
vn -0.711222 -0.592645 -0.378068
vn -0.691973 -0.582546 -0.426396
vn -0.699117 -0.583901 -0.412669
vn 0.266991 -0.389357 0.881543
vn -0.158994 -0.389694 0.907116
vn -0.159272 -0.398769 0.903114
vn 0.265991 -0.394902 0.879375
vn 0.170006 -0.926056 0.336926
vn 0.172459 -0.925722 0.336595
vn 0.203580 -0.925410 0.319643
vn 0.215652 -0.925924 0.310096
vn 0.963424 0.086096 -0.253774
vn 0.987011 -0.084130 0.136866
vn 0.987119 -0.078813 0.139230
vn 0.963789 0.093540 -0.249721
vn 0.661448 -0.592049 -0.460395
vn 0.661017 -0.590854 -0.462545
vn 0.645215 -0.583355 -0.493350
vn 0.636584 -0.582003 -0.505998
vn 0.678291 -0.711027 -0.185370
vn 0.678440 -0.710260 -0.187749
vn 0.658750 -0.737856 -0.147028
vn 0.666079 -0.729058 -0.157522
vn 0.744902 -0.283077 0.604143
vn 0.744902 -0.283077 0.604143
vn 0.744918 -0.282217 0.604525
vn 0.744919 -0.282202 0.604531
vn -0.744872 0.279868 -0.605672
vn -0.744872 0.279868 -0.605672
vn -0.744928 0.276994 -0.606924
vn -0.744927 0.277043 -0.606902
vn -0.236677 -0.388736 -0.890431
vn -0.248921 -0.395548 -0.884070
vn -0.202856 -0.377974 -0.903319
vn -0.205297 -0.377883 -0.902805
vn -0.267015 0.389618 -0.881420
vn 0.159017 0.389948 -0.907003
vn 0.158881 0.395737 -0.904516
vn -0.266492 0.391889 -0.880571
vn 0.096757 -0.376999 -0.921146
vn 0.094260 -0.377105 -0.921361
vn 0.142417 -0.394653 -0.907726
vn 0.129364 -0.387760 -0.912638
vn 0.666705 0.281074 -0.690291
vn 0.666705 0.281074 -0.690291
vn 0.666902 0.290086 -0.686361
vn 0.666901 0.290060 -0.686373
vn -0.667985 -0.333098 0.665463
vn -0.667985 -0.333097 0.665464
vn -0.667987 -0.333171 0.665425
vn -0.667987 -0.333171 0.665425
vn -0.176890 -0.397204 0.900521
vn -0.157454 -0.429016 0.889468
vn -0.140317 -0.429955 0.891880
vn -0.963969 -0.132989 0.230386
vn -0.958705 -0.103811 0.264778
vn -0.968481 -0.125897 0.214928
vn -0.990262 0.037811 -0.133986
vn -0.990087 0.038288 -0.135137
vn -0.968729 -0.125564 0.214002
vn -0.984167 0.082875 -0.156673
vn -0.987511 0.045836 -0.150739
vn 0.245485 -0.415710 0.875741
vn -0.138772 -0.430094 0.892055
vn 0.247134 -0.415540 0.875358
vn 0.263882 -0.413306 0.871519
vn 0.284007 -0.393087 0.874541
vn 0.969016 0.112155 -0.220066
vn 0.990231 -0.051842 0.129439
vn 0.990418 -0.051239 0.128247
vn 0.968795 0.112581 -0.220821
vn 0.964268 0.119808 -0.236292
vn 0.958663 0.100903 -0.266053
vn 0.984111 -0.085956 0.155364
vn 0.987655 -0.059138 0.145051
vn 0.744142 -0.280792 0.606142
vn 0.744143 -0.280792 0.606142
vn 0.744140 -0.280791 0.606145
vn 0.744140 -0.280791 0.606145
vn -0.745791 0.265805 -0.610854
vn -0.745792 0.265803 -0.610855
vn -0.745794 0.265781 -0.610862
vn -0.745794 0.265781 -0.610862
vn -0.264289 0.400137 -0.877520
vn -0.284096 0.390063 -0.875866
vn -0.247651 0.402173 -0.881434
vn 0.138518 0.416806 -0.898380
vn 0.139979 0.416789 -0.898161
vn -0.245889 0.402398 -0.881825
vn 0.176862 0.394348 -0.901781
vn 0.157215 0.415968 -0.895687
vn 0.666972 0.319510 -0.673099
vn 0.666972 0.319511 -0.673098
vn 0.666972 0.319565 -0.673073
vn 0.666972 0.319565 -0.673073
vn -0.120761 -0.929198 0.349295
vn -0.435257 -0.891601 0.124896
vn -0.096328 -0.932379 0.348412
vn -0.095118 -0.932529 0.348343
vn -0.688540 -0.715898 -0.115768
vn -0.691532 -0.708670 -0.139894
vn -0.691391 -0.709079 -0.138511
vn -0.705770 -0.613250 -0.354700
vn -0.705711 -0.614552 -0.352559
vn -0.705849 -0.601167 -0.374668
vn -0.485318 -0.519014 -0.703626
vn -0.023080 -0.917013 -0.398190
vn -0.023093 -0.917015 -0.398183
vn -0.023092 -0.917015 -0.398183
vn -0.023084 -0.917012 -0.398191
vn -0.023059 -0.917022 -0.398169
vn -0.023093 -0.917015 -0.398183
vn -0.023060 -0.917020 -0.398174
vn -0.023076 -0.917001 -0.398216
vn -0.023056 -0.917023 -0.398168
vn -0.023071 -0.917001 -0.398217
vn -0.023079 -0.916997 -0.398225
vn -0.023085 -0.917012 -0.398192
vn 0.138960 -0.930204 0.339721
vn 0.141652 -0.929812 0.339683
vn 0.474369 -0.876870 0.077929
vn 0.164639 -0.926350 0.338776
vn 0.690766 -0.582700 -0.428139
vn 0.690614 -0.581301 -0.430281
vn 0.424940 -0.502914 -0.752664
vn 0.688248 -0.568325 -0.450912
vn 0.701673 -0.682038 -0.206104
vn 0.701632 -0.681662 -0.207483
vn 0.701488 -0.689103 -0.181802
vn -0.200795 -0.355151 -0.912989
vn -0.174890 -0.357211 -0.917504
vn -0.176005 -0.357096 -0.917336
vn 0.068039 -0.351690 -0.933641
vn 0.065255 -0.352102 -0.933684
vn 0.092010 -0.348776 -0.932679
vn -0.023080 -0.917012 -0.398192
vn -0.023074 -0.916996 -0.398228
vn -0.023094 -0.917015 -0.398184
vn -0.023057 -0.917020 -0.398173
vn -0.958490 -0.092908 0.269565
vn -0.176700 -0.388213 0.904471
vn 0.983993 -0.091212 0.153095
vn 0.284154 -0.387856 0.876826
vn -0.983992 0.091278 -0.153061
vn -0.284185 0.387928 -0.876784
vn 0.176715 0.388275 -0.904442
vn 0.958498 0.092950 -0.269522
vn -0.963985 -0.133042 0.230290
vn -0.157386 -0.429087 0.889446
vn 0.987666 -0.059067 0.145006
vn 0.263818 -0.413350 0.871517
vn -0.987520 0.045750 -0.150705
vn -0.264221 0.400162 -0.877529
vn 0.157150 0.416014 -0.895677
vn 0.964284 0.119837 -0.236209
vn -0.090185 -0.887593 0.451714
vn -0.133829 -0.912169 0.387347
vn -0.024434 -0.928212 0.371249
vn -0.024381 -0.928228 0.371212
vn -0.447877 -0.406781 0.796201
vn -0.085274 -0.887988 0.451891
vn -0.426845 -0.401687 0.810217
vn -0.733021 -0.568093 0.374101
vn -0.482847 -0.327353 0.812219
vn -0.787094 -0.499634 0.361731
vn -0.737357 -0.577474 0.350470
vn -0.131466 -0.914200 0.383347
vn -0.007864 -0.883310 0.468724
vn -0.024373 -0.928225 0.371220
vn -0.024429 -0.928207 0.371261
vn 0.094190 -0.369831 0.924312
vn -0.003383 -0.882220 0.470825
vn 0.119606 -0.371985 0.920501
vn 0.101297 -0.286527 0.952702
vn -0.454731 -0.320711 0.830881
vn 0.065551 -0.899991 0.430952
vn -0.024430 -0.928209 0.371256
vn -0.024404 -0.928228 0.371210
vn 0.571289 -0.488235 0.659738
vn 0.065546 -0.902099 0.426521
vn 0.586190 -0.496349 0.640327
vn 0.617278 -0.413505 0.669315
vn 0.135182 -0.289559 0.947566
vn -0.114021 -0.944880 0.306922
vn -0.045176 -0.962641 0.266985
vn -0.024418 -0.928200 0.371281
vn -0.024417 -0.928206 0.371264
vn -0.604731 -0.781827 -0.151812
vn -0.114021 -0.943350 0.311594
vn -0.619628 -0.773644 -0.132428
vn -0.153036 -0.897968 -0.412593
vn -0.647430 -0.732322 -0.211042
vn -0.165336 -0.856352 -0.489209
vn -0.127628 -0.900189 -0.416377
vn -0.040719 -0.962183 0.269343
vn 0.036748 -0.957460 0.286218
vn -0.024433 -0.928212 0.371248
vn -0.024427 -0.928200 0.371280
vn 0.393427 -0.868237 -0.302291
vn -0.131458 -0.859236 -0.494401
vn 0.424583 -0.825194 -0.372537
vn 0.414466 -0.863212 -0.288241
vn 0.041686 -0.957273 0.286165
vn 0.085341 -0.932637 0.350578
vn -0.024416 -0.928187 0.371312
vn -0.024414 -0.928207 0.371261
vn 0.699613 -0.701867 0.133882
vn 0.452713 -0.818409 -0.353918
vn 0.756937 -0.646304 0.096635
vn 0.703947 -0.692563 0.157526
vn 0.082963 -0.931247 0.354819
vn -0.024413 -0.928208 0.371261
vn -0.024429 -0.928211 0.371252
vn -0.792979 -0.512023 0.330176
vn -0.667221 -0.721498 -0.185084
vn -0.024406 -0.928227 0.371214
vn -0.024422 -0.928194 0.371295
vn 0.762822 -0.633789 0.128115
vn 0.637063 -0.424472 0.643408
vn -0.940681 -0.203698 0.271341
vn -0.567894 0.007333 0.823069
vn -0.571519 0.020395 0.820335
vn -0.944246 -0.190495 0.268535
vn -0.945934 -0.214691 0.243138
vn -0.542781 0.013201 0.839771
vn 0.138330 0.055070 0.988854
vn 0.137498 0.068828 0.988108
vn -0.543586 0.027113 0.838916
vn 0.168584 0.052299 0.984299
vn 0.759066 -0.099473 0.643369
vn 0.761701 -0.085950 0.642203
vn 0.171200 0.065930 0.983028
vn 0.776744 -0.109334 0.620254
vn -0.183874 -0.632950 -0.752040
vn -0.774327 -0.480937 -0.411238
vn -0.776325 -0.470233 -0.419762
vn -0.185849 -0.622082 -0.760575
vn -0.153613 -0.635459 -0.756700
vn -0.792012 -0.471337 -0.388019
vn 0.527507 -0.593864 -0.607504
vn -0.152150 -0.625016 -0.765640
vn 0.528952 -0.583250 -0.616465
vn 0.552628 -0.587734 -0.590907
vn 0.925402 -0.376967 -0.039087
vn 0.556887 -0.576567 -0.597870
vn 0.929614 -0.365641 -0.046087
vn 0.930662 -0.365715 -0.010987
vn -0.950038 -0.202904 0.237188
vn -0.796064 -0.459392 -0.394006
vn 0.935406 -0.353270 -0.014724
vn 0.781442 -0.096756 0.616430
vn -0.926025 -0.248748 0.283904
vn -0.557958 -0.040494 0.828880
vn -0.565223 -0.010991 0.824865
vn -0.935259 -0.220405 0.276970
vn -0.930500 -0.258390 0.259624
vn -0.536328 -0.035257 0.843273
vn 0.136271 0.005943 0.990654
vn 0.136449 0.036585 0.989971
vn -0.539767 -0.004879 0.841801
vn 0.162392 0.003730 0.986719
vn 0.745571 -0.146285 0.650173
vn 0.753500 -0.116854 0.646980
vn 0.167176 0.033931 0.985343
vn 0.760875 -0.154625 0.630207
vn -0.179945 -0.670003 -0.720219
vn -0.763099 -0.520087 -0.383653
vn -0.769621 -0.496254 -0.401767
vn -0.183331 -0.646987 -0.740133
vn -0.153820 -0.672300 -0.724122
vn -0.778401 -0.511663 -0.363720
vn 0.518815 -0.631002 -0.576774
vn -0.152597 -0.649655 -0.744756
vn 0.523647 -0.608179 -0.596583
vn 0.540437 -0.625852 -0.562350
vn 0.908493 -0.417537 -0.017403
vn 0.549097 -0.602082 -0.579646
vn 0.919126 -0.392682 -0.031749
vn 0.912965 -0.407979 0.006912
vn -0.940540 -0.231704 0.248390
vn -0.787612 -0.486384 -0.378284
vn 0.924408 -0.381392 -0.003163
vn 0.771489 -0.126716 0.623496
vn -0.920130 0.390244 0.032716
vn -0.549350 0.599951 0.581613
vn -0.536157 0.638773 0.551820
vn -0.901953 0.431709 0.010380
vn -0.925349 0.379087 0.004732
vn -0.524360 0.606013 0.598159
vn 0.153122 0.647438 0.746577
vn 0.153425 0.684840 0.712358
vn -0.514941 0.643777 0.566027
vn 0.183241 0.644901 0.741975
vn 0.770596 0.493744 0.402986
vn 0.758501 0.533617 0.374070
vn 0.179061 0.682533 0.708580
vn 0.788215 0.484144 0.379898
vn -0.167251 -0.036705 -0.985231
vn -0.754602 0.114254 -0.646159
vn -0.740193 0.162452 -0.652475
vn -0.160757 0.013318 -0.986904
vn -0.137134 -0.039418 -0.989768
vn -0.772205 0.124020 -0.623151
vn 0.540369 0.002182 -0.841425
vn -0.135116 0.011218 -0.990766
vn 0.533265 0.052070 -0.844344
vn 0.565356 0.008069 -0.824808
vn 0.936132 0.217935 -0.275975
vn 0.554486 0.057279 -0.830220
vn 0.920262 0.264136 -0.288705
vn 0.941345 0.228917 -0.247924
vn -0.906314 0.422388 -0.013515
vn -0.755238 0.170570 -0.632868
vn 0.924629 0.273666 -0.264893
vn 0.773546 0.525290 0.354538
vn -0.692564 0.708863 -0.133669
vn -0.414082 0.866620 0.278400
vn -0.397117 0.881275 0.256227
vn -0.670956 0.726295 -0.149378
vn -0.698092 0.696732 -0.165023
vn -0.386089 0.873250 0.297270
vn 0.122347 0.904535 0.408469
vn 0.123700 0.918286 0.376097
vn -0.375312 0.887674 0.266787
vn 0.156007 0.901482 0.403723
vn 0.597023 0.788264 0.149008
vn 0.582437 0.803147 0.125388
vn 0.148430 0.914776 0.375703
vn 0.616981 0.777266 0.123258
vn -0.122267 0.380706 -0.916577
vn -0.563289 0.494404 -0.662020
vn -0.547619 0.520777 -0.654909
vn -0.113593 0.409268 -0.905316
vn -0.088620 0.378107 -0.921510
vn -0.583133 0.504911 -0.636413
vn 0.420157 0.409044 -0.810031
vn -0.088838 0.410370 -0.907581
vn 0.410432 0.440987 -0.798170
vn 0.447847 0.416021 -0.791429
vn 0.726314 0.573304 -0.379198
vn 0.431973 0.442668 -0.785776
vn 0.705777 0.597751 -0.380226
vn 0.731852 0.585917 -0.347985
vn -0.672584 0.719460 -0.173226
vn -0.559678 0.531409 -0.635897
vn 0.707506 0.609249 -0.358122
vn 0.594669 0.797168 0.104363
vn -0.009169 0.930855 -0.365273
vn 0.003909 0.938431 -0.345443
vn 0.024424 0.928204 -0.371270
vn 0.024437 0.928213 -0.371245
vn 0.000141 0.926461 -0.376392
vn 0.019006 0.937112 -0.348510
vn 0.031007 0.940201 -0.339206
vn 0.052176 0.934647 -0.351728
vn 0.024414 0.928210 -0.371256
vn 0.048854 0.929375 -0.365889
vn 0.017908 0.915346 -0.402270
vn -0.003350 0.920669 -0.390330
vn 0.024425 0.928209 -0.371255
vn 0.029840 0.918789 -0.393620
vn 0.044907 0.916878 -0.396633
vn 0.058623 0.924419 -0.376846
vn -0.845442 0.215727 0.488560
vn -0.845442 0.215727 0.488560
vn -0.845650 0.204875 0.492850
vn -0.845651 0.204831 0.492868
vn -0.355608 -0.435512 0.826965
vn -0.344864 -0.428060 0.835364
vn -0.316562 -0.415741 0.852613
vn -0.314216 -0.415712 0.853494
vn -0.714130 -0.638082 0.287871
vn -0.709346 -0.636688 0.302419
vn -0.720250 -0.646493 0.251567
vn -0.720495 -0.645355 0.253779
vn -0.999672 0.020057 -0.015903
vn -0.905585 -0.136625 -0.401559
vn -0.905886 -0.145172 -0.397865
vn -0.999891 0.008664 -0.011959
vn -0.654362 -0.755916 -0.020053
vn -0.655198 -0.755248 -0.017791
vn -0.623456 -0.780116 -0.052170
vn -0.633917 -0.772155 -0.043889
vn -0.007312 0.371639 0.928349
vn -0.423461 0.346173 0.837165
vn -0.423718 0.336933 0.840797
vn -0.008354 0.366136 0.930524
vn -0.023878 -0.398782 0.916735
vn -0.021397 -0.398530 0.916906
vn 0.012819 -0.407063 0.913310
vn 0.026766 -0.412908 0.910379
vn 0.999678 -0.019825 0.015815
vn 0.905589 0.136887 0.401459
vn 0.905692 0.142306 0.399338
vn 0.999842 -0.011699 0.013397
vn 0.685634 -0.673438 0.276383
vn 0.685892 -0.674149 0.274001
vn 0.679245 -0.692096 0.244193
vn 0.674261 -0.700899 0.232620
vn 0.619682 -0.562493 0.547354
vn 0.620506 -0.563606 0.545271
vn 0.588308 -0.556462 0.586722
vn 0.598961 -0.556887 0.575433
vn 0.533596 0.300263 0.790644
vn 0.533596 0.300263 0.790644
vn 0.533614 0.301120 0.790306
vn 0.533614 0.301135 0.790300
vn -0.533511 -0.303553 -0.789444
vn -0.533511 -0.303553 -0.789444
vn -0.533577 -0.306461 -0.788275
vn -0.533576 -0.306412 -0.788295
vn -0.047822 -0.923209 -0.381311
vn -0.061947 -0.924784 -0.375416
vn -0.010867 -0.921240 -0.388843
vn -0.013334 -0.921064 -0.389184
vn 0.007319 -0.371395 -0.928446
vn 0.423473 -0.345931 -0.837259
vn 0.423372 -0.340133 -0.839682
vn 0.007846 -0.369110 -0.929353
vn 0.281832 -0.902700 -0.325121
vn 0.279473 -0.903178 -0.325828
vn 0.320423 -0.901092 -0.292168
vn 0.309861 -0.901008 -0.303597
vn 0.845321 -0.219002 -0.487309
vn 0.845321 -0.219002 -0.487309
vn 0.845528 -0.209886 -0.490948
vn 0.845528 -0.209914 -0.490937
vn -0.846128 0.164788 0.506866
vn -0.846128 0.164789 0.506865
vn -0.846128 0.164710 0.506891
vn -0.846128 0.164710 0.506891
vn -0.439839 0.334427 0.833487
vn -0.421917 0.306240 0.853348
vn -0.406147 0.309009 0.859976
vn -0.999558 -0.029698 0.001312
vn -0.999866 0.015542 0.005124
vn -0.999237 -0.036011 -0.015109
vn -0.914588 -0.167841 -0.367912
vn -0.914078 -0.168296 -0.368968
vn -0.999207 -0.036451 -0.016022
vn -0.898033 -0.151387 -0.413061
vn -0.906853 -0.173670 -0.384000
vn -0.029487 0.346836 0.937462
vn -0.404719 0.309191 0.860583
vn -0.027784 0.346854 0.937508
vn -0.010467 0.347431 0.937647
vn 0.010388 0.365848 0.930617
vn 0.999511 0.022772 0.021449
vn 0.914137 0.154757 0.374706
vn 0.914682 0.154364 0.373536
vn 0.999534 0.022520 0.020590
vn 0.999859 0.016290 0.004064
vn 0.999821 -0.018497 -0.003953
vn 0.897964 0.148294 0.414330
vn 0.906938 0.160316 0.389567
vn 0.532614 0.303177 0.790194
vn 0.532615 0.303176 0.790194
vn 0.532611 0.303180 0.790195
vn 0.532611 0.303180 0.790195
vn -0.534687 -0.317216 -0.783252
vn -0.534687 -0.317218 -0.783251
vn -0.534690 -0.317238 -0.783241
vn -0.534690 -0.317238 -0.783241
vn 0.010115 -0.360966 -0.932524
vn -0.010468 -0.368874 -0.929420
vn 0.027325 -0.360593 -0.932323
vn 0.404581 -0.323023 -0.855552
vn 0.405930 -0.322733 -0.855023
vn 0.029143 -0.360530 -0.932292
vn 0.439824 -0.337369 -0.832308
vn 0.421792 -0.319827 -0.848411
vn 0.845550 -0.179829 -0.502699
vn 0.845550 -0.179829 -0.502699
vn 0.845550 -0.179773 -0.502720
vn 0.845550 -0.179773 -0.502720
vn -0.306960 -0.421850 0.853122
vn -0.549023 -0.584802 0.597143
vn -0.283597 -0.422234 0.860983
vn -0.282433 -0.422266 0.861349
vn -0.712784 -0.655638 0.249155
vn -0.708812 -0.667790 0.227249
vn -0.709068 -0.667092 0.228494
vn -0.658099 -0.752809 0.013586
vn -0.658722 -0.752218 0.015940
vn -0.651831 -0.758320 -0.008209
vn -0.348217 -0.909048 -0.228858
vn -0.024423 -0.928209 0.371258
vn -0.024435 -0.928204 0.371268
vn -0.024432 -0.928204 0.371269
vn -0.024423 -0.928208 0.371259
vn -0.024407 -0.928198 0.371286
vn -0.024432 -0.928202 0.371274
vn -0.024408 -0.928197 0.371289
vn -0.024408 -0.928215 0.371242
vn -0.024408 -0.928198 0.371286
vn -0.024407 -0.928216 0.371240
vn -0.024410 -0.928216 0.371241
vn -0.024423 -0.928207 0.371262
vn -0.054864 -0.403036 0.913538
vn -0.052221 -0.402515 0.913923
vn 0.339215 -0.515203 0.787083
vn -0.029494 -0.398388 0.916743
vn 0.706772 -0.641244 0.298797
vn 0.707318 -0.641777 0.296352
vn 0.541277 -0.839840 -0.041098
vn 0.711653 -0.647356 0.272912
vn 0.650591 -0.554227 0.519196
vn 0.650939 -0.554934 0.518002
vn 0.643539 -0.542157 0.540299
vn -0.003921 -0.911733 -0.410765
vn 0.021894 -0.913728 -0.405735
vn 0.020792 -0.913642 -0.405988
vn 0.260179 -0.896520 -0.358552
vn 0.257468 -0.897123 -0.359000
vn 0.283315 -0.891359 -0.353853
vn -0.024423 -0.928207 0.371262
vn -0.024409 -0.928217 0.371239
vn -0.024437 -0.928202 0.371273
vn -0.024410 -0.928196 0.371289
vn -0.999646 0.026599 0.000723
vn -0.439667 0.343566 0.829853
vn 0.897837 0.142984 0.416467
vn 0.010545 0.371127 0.928522
vn -0.897834 -0.142910 -0.416498
vn -0.010542 -0.371069 -0.928545
vn 0.439668 -0.343514 -0.829874
vn 0.999647 -0.026553 -0.000740
vn -0.999555 -0.029803 0.001280
vn -0.421854 0.306182 0.853400
vn 0.906968 0.160335 0.389490
vn -0.010533 0.347392 0.937661
vn -0.906880 -0.173708 -0.383919
vn 0.010185 -0.360948 -0.932530
vn 0.421733 -0.319794 -0.848453
vn 0.999858 0.016371 0.004102
s 1
g TV_BOX1
usemtl surfaceShader1SG
f 513/1/1 514/2/2 515/6/3 516/7/4
f 517/3/5 513/4/6 518/5/7 519/8/8
f 520/9/9 517/3/10 521/10/11 522/12/12
f 514/11/13 520/55/14 523/110/15 524/111/16
f 525/24/17 518/25/18 526/29/19 527/64/20
f 528/13/21 525/30/22 529/31/23 530/32/24
f 519/8/25 528/13/26 531/33/27 532/37/28
f 533/41/29 534/153/30 535/161/31 536/235/32
f 537/14/33 533/16/34 538/18/35 539/19/36
f 540//37 537//38 541//39 542//40
f 534/112/41 540/113/42 543/114/43 544/115/44
f 545/236/45 538/237/46 546/238/47 547/239/48
f 548/20/49 545/40/50 549/45/51 550/162/52
f 539/19/53 548/20/54 551/165/55 552/166/56
f 553//57 554//58 555//59 556//60
f 557/167/61 553/169/62 558/170/63 559/229/64
f 560/15/65 557/17/66 561/21/67 562/22/68
f 554/116/69 560/117/70 563/118/71 564/119/72
f 565/230/73 558/170/74 566/231/75 567/232/76
f 568/233/77 565/230/78 569/234/79 570/375/80
f 559/23/81 568/26/82 571/27/83 572/28/84
f 573/50/85 574/51/86 575/52/87 576/53/88
f 577/54/89 573/50/90 578/59/91 579/163/92
f 580/65/93 577/66/94 581/67/95 582/68/96
f 574/120/97 580/121/98 583/122/99 584/123/100
f 585/260/101 578/59/102 586/261/103 587/262/104
f 588/263/105 585/260/106 589/266/107 590/267/108
f 579/69/109 588/73/110 591/164/111 592/188/112
f 593/241/113 521/10/11 532/37/28 594/242/114
f 595/299/115 593/241/113 596/300/116 597/301/117
f 522/124/12 595/125/115 598/126/118 599/127/119
s 17
f 600/34/120 529/35/121 601/36/122 602/38/123
s 18
f 603/39/124 600/34/125 604/42/126 605/43/127
s 19
f 530/44/128 603/39/129 606/46/130 607/47/131
s 1
f 607/304/132 608/374/133 609/391/134 531/33/27
s 18
f 610/48/135 606/46/136 611/49/137 612/56/138
s 19
f 608/57/139 610/48/140 613/58/141 614/60/142
s 1
f 615/402/143 541/403/39 552/166/56 616/421/144
f 617//145 615//143 618//146 619//147
f 542/128/40 617/129/145 620/130/148 621/131/149
s 19
f 622/61/150 549/62/151 623/63/152 624/70/153
s 18
f 625/71/154 622/61/155 626/72/156 627/74/157
s 23
f 550/75/158 625/71/159 628/76/160 629/77/161
s 1
f 629/452/162 630/453/163 631/454/164 551/165/55
s 18
f 632/78/165 628/76/166 633/79/167 634/80/168
s 23
f 630/81/169 632/78/170 635/82/171 636/83/172
s 1
f 637/269/173 561/21/67 572/28/84 638/270/174
f 639/271/175 637/269/173 640/272/176 641/404/177
f 562/132/68 639/133/175 642/134/178 643/135/179
s 23
f 644/84/180 569/85/181 645/86/182 646/87/183
s 18
f 647/88/184 644/84/185 648/89/186 649/90/187
s 27
f 570/91/188 647/88/189 650/92/190 651/93/191
s 1
f 651/431/192 652/475/193 653/495/194 571/27/83
s 18
f 654/94/195 650/92/196 655/95/197 656/96/198
s 27
f 652/97/199 654/94/200 657/98/201 658/99/202
s 1
f 659/189/203 581/67/95 592/188/112 660/190/204
f 661/191/205 659/189/203 662/192/206 663/193/207
f 582/136/96 661/137/205 664/138/208 665/139/209
s 27
f 666/100/210 589/101/211 667/102/212 668/103/213
s 18
f 669/104/214 666/100/215 670/105/216 671/106/217
s 17
f 590/107/218 669/104/219 672/108/220 673/109/221
s 1
f 673/194/222 674/195/223 675/197/224 591/164/111
s 18
f 676/196/225 672/108/226 677/198/227 678/200/228
s 17
f 674/201/229 676/196/230 679/203/231 680/204/232
s 33
f 681/205/233 670/105/234 682/206/235 683/207/236
s off
f 684/208/237 681/205/238 685/209/239 686/210/240
s 33
f 671/106/241 684/208/242 687/211/243 677/198/244
f 688/212/245 604/42/246 689/213/247 690/214/248
s off
f 691/215/249 688/212/250 692/216/251 693/217/252
s 33
f 605/43/253 691/215/254 694/218/255 611/49/256
s 35
f 695/219/257 687/211/258 696/220/259 697/221/260
s 33
f 678/200/261 695/219/262 698/222/263 699/223/264
f 700/224/265 648/89/266 701/225/267 702/226/268
s off
f 703/227/269 700/224/270 704/228/271 705/265/272
s 33
f 649/90/273 703/227/274 706/268/275 655/95/276
s 37
f 707/273/277 706/268/278 708/274/279 709/275/280
s 33
f 656/96/281 707/273/282 710/276/283 711/277/284
f 712/278/285 626/72/286 713/279/287 714/280/288
s off
f 715/281/289 712/278/290 716/282/291 717/283/292
s 33
f 627/74/293 715/281/294 718/284/295 633/79/296
s 40
f 719/285/297 718/284/298 720/286/299 721/287/300
s 33
f 634/80/301 719/285/302 722/288/303 723/289/304
s 41
f 724/290/305 694/218/306 725/291/307 726/292/308
s 33
f 612/56/309 724/290/310 727/293/311 728/294/312
s 1
f 729/140/313 583/122/314 665/139/209 730/141/315
f 731/142/316 729/140/317 732/143/318 733/144/319
f 584/123/320 731/142/321 734/145/322 735/146/323
f 736/147/324 523/110/325 599/127/119 737/148/326
f 738/149/327 736/147/328 739/150/329 740/151/330
f 524/111/331 738/149/332 741/152/333 742/154/334
f 743/155/335 744/156/336 745/157/337 746/158/338
f 733/144/339 743/155/335 747/159/340 748/160/341
f 744/156/336 732/143/342 749/168/343 750/171/344
f 750/171/344 751/172/345 752/173/346 753/174/347
f 754/175/348 749/168/343 730/141/315 755/176/349
f 751/172/345 754/175/348 756/177/350 757/178/351
f 758/179/352 543/114/353 621/131/149 759/180/354
f 760/181/355 758/179/356 761/182/357 762/183/358
f 544/115/359 760/181/360 763/184/361 764/185/362
f 765/186/363 766/187/364 767/240/365 768/243/366
f 740/151/367 765/186/363 769/244/368 770/245/369
f 766/187/364 739/150/370 771/246/371 772/247/372
f 772/247/372 773/248/373 774/249/374 775/250/375
f 776/251/376 771/246/371 737/148/326 777/252/377
f 773/248/373 776/251/376 778/253/378 779/254/379
f 780/255/380 563/118/381 643/135/179 781/256/382
f 782/257/383 780/255/384 783/258/385 784/259/386
f 564/119/387 782/257/388 785/264/389 786/305/390
f 787/306/391 788/307/392 789/308/393 790/309/394
f 762/183/395 787/306/391 791/310/396 792/311/397
f 788/307/392 761/182/398 793/312/399 794/313/400
f 794/313/400 795/314/401 796/315/402 797/316/403
f 798/317/404 793/312/399 759/180/354 799/318/405
f 795/314/401 798/317/404 800/319/406 801/320/407
f 802/321/408 803/322/409 804/323/410 805/324/411
f 784/259/412 802/321/408 806/325/413 807/326/414
f 803/322/409 783/258/415 808/327/416 809/328/417
f 809/328/417 810/329/418 811/330/419 812/331/420
f 813/332/421 808/327/416 781/256/382 814/333/422
f 810/329/418 813/332/421 815/334/423 816/335/424
f 735/146/323 817/336/425 818/337/426 575/338/87
f 819/339/427 734/145/322 748/160/341 820/340/428
f 817/336/425 819/339/427 821/341/429 822/342/430
f 786/305/390 823/343/431 824/344/432 555/345/59
f 825/346/433 785/264/389 807/326/414 826/347/434
f 823/343/431 825/346/433 827/348/435 828/349/436
f 764/185/362 829/350/437 830/351/438 535/352/31
f 831/353/439 763/184/361 792/311/397 832/354/440
f 829/350/437 831/353/439 833/355/441 834/356/442
f 742/154/334 835/357/443 836/358/444 515/359/3
f 837/360/445 741/152/333 770/245/369 838/361/446
f 835/357/443 837/360/445 839/362/447 840/363/448
f 594/242/114 609/391/134 841/484/449 842/488/450
f 616/421/144 631/454/164 843/456/451 844/1138/452
f 638/270/174 653/495/194 845/531/453 846/535/454
f 660/190/204 675/197/224 847/199/455 848/202/456
f 849/1137/457 618/1136/146 844/1138/452 850/1135/458
f 851//459 849//457 852//460 824//432
f 619/364/147 851/365/459 828/349/436 853/366/461
f 556/1134/60 852/1133/460 854/1132/462 566/231/75
f 855/367/463 827/348/435 856/368/464 800/319/406
f 853/366/461 855/367/463 799/318/405 620/130/148
f 801/320/407 857/369/465 858/370/466 859/371/467
f 857/369/465 856/368/464 826/347/434 860/372/468
f 860/372/468 806/325/413 861/373/469 862/378/470
f 757/178/351 863/379/471 864/390/472 865/392/473
f 866/394/474 756/177/350 867/395/475 839/362/447
f 863/379/471 866/394/474 838/361/446 868/396/476
f 868/396/476 769/244/368 869/397/477 870/398/478
f 871/399/479 867/395/475 755/176/349 664/138/208
f 840/363/448 871/399/479 663/407/207 872/408/480
f 873/377/481 662/192/206 848/202/456 874/406/482
f 872/413/480 873/377/481 875/414/483 836/443/444
f 516/7/4 875/414/483 876/445/484 526/29/19
f 877/464/485 847/199/455 680/530/486 878/541/487
f 874/406/482 877/464/485 879/542/488 876/445/484
f 527/64/20 879/542/488 880/547/489 601/548/490
s 18
f 881/295/491 679/203/492 699/223/493 882/296/494
s 17
f 878/297/495 881/295/496 883/298/497 880/302/498
s 18
f 602/38/499 883/298/500 884/303/501 689/213/502
s 35
f 885/376/503 698/222/504 886/380/505 887/381/506
s 33
f 882/296/507 885/376/508 888/382/509 884/303/510
s 35
f 690/214/511 888/382/512 889/383/513 890/384/514
s 40
f 891/385/515 722/288/516 892/386/517 893/387/518
s 33
f 894/388/519 891/385/520 895/389/521 896/393/522
s 18
f 723/289/523 894/388/524 897/400/525 635/82/526
s 40
f 702/226/527 895/389/528 898/405/529 899/415/530
s 18
f 896/393/531 701/225/532 646/87/533 900/416/534
s 23
f 901/417/535 897/400/536 900/416/537 902/418/538
s 1
f 636/1131/539 901/1130/540 903/1129/541 843/456/451
f 902/1128/542 645/1127/543 567/232/76 904/1126/544
f 850/1135/458 903/1129/541 904/1126/544 854/1132/462
f 905/489/545 596/300/116 842/488/450 906/528/546
f 907/529/547 905/489/545 908/1088/548 830/1087/438
f 597/409/117 907/410/547 834/356/442 909/411/549
f 536/235/32 908/1088/548 910/1086/550 546/238/47
f 911/412/551 833/355/441 912/422/552 778/253/378
f 909/411/549 911/412/551 777/252/377 598/126/118
f 779/254/379 913/424/553 914/425/554 915/426/555
f 913/424/553 912/422/552 832/354/440 916/427/556
f 916/427/556 791/310/396 917/428/557 918/429/558
f 816/335/424 919/430/559 920/439/560 921/440/561
f 922/441/562 815/334/423 923/442/563 821/341/429
f 919/430/559 922/441/562 820/340/428 924/444/564
f 924/444/564 747/159/340 925/455/565 926/466/566
f 927/467/567 923/442/563 814/333/422 642/134/178
f 822/342/430 927/467/567 641/468/177 928/469/568
f 929/536/569 640/272/176 846/535/454 930/1125/570
f 928/1124/568 929/536/569 931/1123/571 818/1122/426
f 576/53/88 931/1123/571 932/1121/572 586/261/103
f 933/1120/573 845/531/453 658/1119/574 934/1118/575
f 930/1125/570 933/1120/573 935/1117/576 932/1121/572
f 587/262/104 935/1117/576 936/1116/577 667/1115/578
s 18
f 937/419/579 657/98/580 711/277/581 938/420/582
s 27
f 934/423/583 937/419/584 939/432/585 936/433/586
s 18
f 668/103/587 939/432/588 940/434/589 682/206/590
s 37
f 941/435/591 710/276/592 942/436/593 943/437/594
s 33
f 938/420/595 941/435/596 944/446/597 940/434/598
s 37
f 683/207/599 944/446/600 945/447/601 946/448/602
s 41
f 947/449/603 727/293/604 948/450/605 949/451/606
s 33
f 950/457/607 947/449/608 951/458/609 952/459/610
s 18
f 728/294/611 950/457/612 953/460/613 613/58/614
s 41
f 714/280/615 951/458/616 954/461/617 955/462/618
s 18
f 952/459/619 713/279/620 624/70/621 956/463/622
s 19
f 957/476/623 953/460/624 956/463/625 958/477/626
s 1
f 614/401/627 957/1085/628 959/1081/629 841/484/449
f 958/1082/630 623/465/631 547/239/48 960/1080/632
f 906/528/546 959/1081/629 960/1080/632 910/1086/550
f 961/470/633 774/249/374 915/426/555 962/471/634
f 963/472/635 961/470/633 964/473/636 965/474/637
f 775/250/375 963/472/635 966/485/638 767/240/365
f 967/486/639 964/473/636 968/487/640 969/496/641
f 970/497/642 967/486/639 971/498/643 972/499/644
f 965/474/637 970/497/642 973/500/645 974/501/646
f 870/398/478 973/500/645 975/502/647 864/390/472
f 974/501/646 869/397/477 768/243/366 966/485/638
f 746/158/338 976/503/648 977/504/649 925/455/565
f 976/503/648 745/157/337 753/174/347 978/505/650
f 979/506/651 752/173/346 865/392/473 980/507/652
f 978/505/650 979/506/651 981/508/653 982/509/654
f 983/510/655 984/511/656 985/512/657 986/513/658
f 982/509/654 983/510/655 987/514/659 977/504/649
f 984/511/656 981/508/653 988/515/660 989/516/661
f 926/466/566 987/514/659 990/517/662 920/439/560
f 991/518/663 796/315/402 859/371/467 992/519/664
f 993/520/665 991/518/663 994/521/666 995/522/667
f 797/316/403 993/520/665 996/523/668 789/308/393
f 997/524/669 998/525/670 999/526/671 1000/527/672
f 995/522/667 997/524/669 1001/1112/673 1002/1111/674
f 998/525/670 994/521/666 1003/1110/675 1004/1109/676
f 918/429/558 1001/1112/673 1005/1108/677 914/425/554
f 1002/1111/674 917/428/557 790/309/394 996/523/668
f 1006/1107/678 811/330/419 921/440/561 1007/1106/679
f 1008/1105/680 1006/1107/678 1009/1104/681 1010/1103/682
f 812/331/420 1008/1105/680 1011/1102/683 804/323/410
f 1012/1101/684 1009/1104/681 1013/1100/685 1014/1099/686
f 1015/1098/687 1012/1101/684 1016/1097/688 1017/1096/689
f 1010/1103/682 1015/1098/687 1018/1095/690 1019/1094/691
f 862/378/470 1018/1095/690 1020/1093/692 858/370/466
f 1019/1094/691 861/373/469 805/324/411 1011/1102/683
f 992/519/664 1020/1093/692 1017/1096/689 1003/1110/675
f 1004/1109/676 1016/1097/688 1021/1092/693 1022/1091/694
f 989/516/661 971/498/643 1023/1090/695 1024/1089/696
f 972/499/644 988/515/660 980/507/652 975/502/647
f 962/471/634 1005/1108/677 1000/527/672 968/487/640
f 969/496/641 999/526/671 1022/1091/694 1023/1090/695
f 1024/1089/696 1021/1092/693 1014/1099/686 985/512/657
f 986/513/658 1013/1100/685 1007/1106/679 990/517/662
f 517/3/10 519/8/25 532/37/28 521/10/11
f 537/14/38 539/19/53 552/166/56 541/403/39
f 576/53/88 586/261/103 578/59/102 573/50/85
f 516/7/4 526/29/19 518/25/18 513/1/1
f 963/472/635 965/474/637 974/501/646 966/485/638
s 18
f 600/34/125 602/38/499 689/213/502 604/42/126
f 666/100/215 668/103/587 682/206/590 670/105/216
f 633/79/167 628/76/166 625/71/154 627/74/157
f 611/49/137 606/46/136 603/39/124 605/43/127
s 35
f 688/212/697 690/214/511 890/384/514 692/216/698
s 37
f 681/205/699 683/207/599 946/448/602 685/209/700
s 40
f 720/286/299 718/284/298 715/281/701 717/283/702
s 41
f 725/291/307 694/218/306 691/215/703 693/217/704
s 1
f 742/154/334 515/359/3 514/11/2 524/111/331
f 520/55/9 522/124/12 599/127/119 523/110/325
f 540/113/37 542/128/40 621/131/149 543/114/353
f 735/146/323 575/338/87 574/120/86 584/123/320
f 748/160/341 734/145/322 731/142/321 733/144/339
f 758/179/352 759/180/354 793/312/399 761/182/398
f 736/147/324 737/148/326 771/246/371 739/150/370
f 770/245/369 741/152/333 738/149/332 740/151/367
f 607/304/132 531/33/27 528/13/26 530/32/705
f 629/452/162 551/165/55 548/20/54 550/162/706
f 585/260/101 587/262/104 667/1115/578 589/266/707
f 525/24/17 527/64/20 601/548/490 529/549/708
f 786/305/390 555/345/59 554/116/58 564/119/387
f 807/326/414 785/264/389 782/257/388 784/259/412
f 976/503/648 978/505/650 982/509/654 977/504/649
f 729/140/313 730/141/315 749/168/343 732/143/342
f 580/121/93 582/136/96 665/139/209 583/122/314
f 577/66/94 579/69/109 592/188/112 581/67/95
f 673/194/222 591/164/111 588/73/110 590/1077/709
s 18
f 677/198/227 672/108/226 669/104/214 671/106/217
s 35
f 696/220/259 687/211/258 684/208/710 686/210/711
s 40
f 700/224/712 702/226/527 899/415/530 704/228/713
s 18
f 644/84/185 646/87/533 701/225/532 648/89/186
s 1
f 565/230/73 567/232/76 645/1127/543 569/234/714
f 556/1134/60 566/231/75 558/170/74 553/169/57
f 764/185/362 535/352/31 534/112/30 544/115/359
f 792/311/397 763/184/361 760/181/360 762/183/395
f 993/520/665 995/522/667 1002/1111/674 996/523/668
f 1008/1105/680 1010/1103/682 1019/1094/691 1011/1102/683
f 780/255/380 781/256/382 808/327/416 783/258/415
f 560/117/65 562/132/68 643/135/179 563/118/381
f 557/17/66 559/23/81 572/28/84 561/21/67
f 651/431/192 571/27/83 568/26/82 570/1114/715
s 18
f 655/95/197 650/92/196 647/88/184 649/90/187
s 37
f 708/274/279 706/268/278 703/227/716 705/265/717
s 41
f 712/278/718 714/280/615 955/462/618 716/282/719
s 18
f 622/61/155 624/70/621 713/279/620 626/72/156
s 1
f 545/236/45 547/239/48 623/465/631 549/438/720
f 536/235/32 546/238/47 538/237/46 533/41/29
f 620/130/148 617/129/145 619/364/147 853/366/461
f 798/317/404 799/318/405 855/367/463 800/319/406
f 992/519/664 1003/1110/675 994/521/666 991/518/663
f 973/500/645 970/497/642 972/499/644 975/502/647
f 866/394/474 839/362/447 837/360/445 838/361/446
f 840/363/448 872/408/480 836/358/444 835/357/443
f 873/377/481 874/406/482 876/445/484 875/414/483
f 880/547/489 879/542/488 877/464/485 878/541/487
s 18
f 884/303/501 883/298/500 881/295/491 882/296/494
s 35
f 889/383/513 888/382/512 885/376/503 887/381/506
s 40
f 892/386/517 722/288/516 719/285/297 721/287/300
s 18
f 723/289/523 635/82/526 632/78/165 634/80/168
s 1
f 636/1131/539 843/456/451 631/454/164 630/453/163
f 615/402/143 616/421/144 844/1138/452 618/1136/146
f 664/138/208 661/137/205 663/407/207 871/399/479
f 754/175/348 755/176/349 867/395/475 756/177/350
f 988/515/660 981/508/653 979/506/651 980/507/652
f 1018/1095/690 1015/1098/687 1017/1096/689 1020/1093/692
f 856/368/464 827/348/435 825/346/433 826/347/434
f 828/349/436 851/365/459 824/344/432 823/343/431
f 849/1137/457 850/1135/458 854/1132/462 852/1133/460
f 902/1128/542 904/1126/544 903/1129/541 901/1130/540
s 18
f 896/393/531 900/416/534 897/400/525 894/388/524
s 40
f 898/405/529 895/389/528 891/385/515 893/387/518
s 35
f 886/380/505 698/222/504 695/219/257 697/221/260
s 18
f 699/223/493 679/203/492 676/196/225 678/200/228
s 1
f 680/530/486 847/199/455 675/197/224 674/195/223
f 659/189/203 660/190/204 848/202/456 662/192/206
f 598/126/118 595/125/115 597/409/117 909/411/549
f 776/251/376 777/252/377 911/412/551 778/253/378
f 962/471/634 968/487/640 964/473/636 961/470/633
f 971/498/643 967/486/639 969/496/641 1023/1090/695
f 985/512/657 984/511/656 989/516/661 1024/1089/696
f 987/514/659 983/510/655 986/513/658 990/517/662
f 922/441/562 821/341/429 819/339/427 820/340/428
f 822/342/430 928/469/568 818/337/426 817/336/425
f 929/536/569 930/1125/570 932/1121/572 931/1123/571
f 936/1116/577 935/1117/576 933/1120/573 934/1118/575
s 18
f 940/434/589 939/432/588 937/419/579 938/420/582
s 37
f 945/447/601 944/446/600 941/435/591 943/437/594
s 41
f 948/450/605 727/293/604 724/290/305 726/292/308
s 18
f 728/294/611 613/58/614 610/48/135 612/56/138
s 1
f 614/401/627 841/484/449 609/391/134 608/374/133
f 593/241/113 594/242/114 842/488/450 596/300/116
f 642/134/178 639/133/175 641/468/177 927/467/567
f 813/332/421 814/333/422 923/442/563 815/334/423
f 1007/1106/679 1013/1100/685 1009/1104/681 1006/1107/678
f 1016/1097/688 1012/1101/684 1014/1099/686 1021/1092/693
f 998/525/670 1004/1109/676 1022/1091/694 999/526/671
f 1001/1112/673 997/524/669 1000/527/672 1005/1108/677
f 912/422/552 833/355/441 831/353/439 832/354/440
f 834/356/442 907/410/547 830/351/438 829/350/437
f 905/489/545 906/528/546 910/1086/550 908/1088/548
f 958/1082/630 960/1080/632 959/1081/629 957/1085/628
s 18
f 952/459/619 956/463/622 953/460/613 950/457/612
s 41
f 954/461/617 951/458/616 947/449/603 949/451/606
s 37
f 942/436/593 710/276/592 707/273/277 709/275/280
s 18
f 711/277/581 657/98/580 654/94/195 656/96/198
s 1
f 658/1119/574 845/531/453 653/495/194 652/475/193
f 637/269/173 638/270/174 846/535/454 640/272/176
f 769/244/368 765/186/363 768/243/366 869/397/477
f 766/187/364 772/247/372 775/250/375 767/240/365
f 744/156/336 750/171/344 753/174/347 745/157/337
f 747/159/340 743/155/335 746/158/338 925/455/565
f 791/310/396 787/306/391 790/309/394 917/428/557
f 788/307/392 794/313/400 797/316/403 789/308/393
f 806/325/413 802/321/408 805/324/411 861/373/469
f 803/322/409 809/328/417 812/331/420 804/323/410
f 795/314/401 801/320/407 859/371/467 796/315/402
f 863/379/471 868/396/476 870/398/478 864/390/472
f 751/172/345 757/178/351 865/392/473 752/173/346
f 857/369/465 860/372/468 862/378/470 858/370/466
f 773/248/373 779/254/379 915/426/555 774/249/374
f 919/430/559 924/444/564 926/466/566 920/439/560
f 810/329/418 816/335/424 921/440/561 811/330/419
f 913/424/553 916/427/556 918/429/558 914/425/554
f 513/4/6 517/3/5 520/9/14 514/1079/13
f 525/30/22 528/13/21 519/8/8 518/5/7
f 533//34 537//33 540//42 534//41
f 545/40/50 548/20/49 539/19/36 538/18/35
f 553//62 557//61 560//70 554//69
f 565/230/78 568/233/77 559/229/64 558/170/63
f 573/50/90 577/54/89 580/1113/98 574/51/97
f 585/260/106 588/263/105 579/163/92 578/59/91
f 593/241/113 595/299/115 522/12/12 521/10/11
s 19
f 600/34/721 603/39/129 530/44/128 529/35/722
f 607/47/131 606/46/130 610/48/140 608/57/139
s 1
f 615//143 617//145 542//40 541//39
s 23
f 622/61/723 625/71/159 550/75/158 549/62/724
f 629/77/161 628/76/160 632/78/170 630/81/169
s 1
f 637/269/173 639/271/175 562/22/68 561/21/67
s 27
f 644/84/725 647/88/189 570/91/188 569/85/726
f 651/93/191 650/92/190 654/94/200 652/97/199
s 1
f 659/189/203 661/191/205 582/68/96 581/67/95
s 17
f 666/100/727 669/104/219 590/107/218 589/101/728
f 673/109/221 672/108/220 676/196/230 674/201/229
s 33
f 681/205/233 684/208/242 671/106/241 670/105/234
f 688/212/245 691/215/254 605/43/253 604/42/246
f 677/198/244 687/211/243 695/219/262 678/200/261
f 700/224/265 703/227/274 649/90/273 648/89/266
f 655/95/276 706/268/275 707/273/282 656/96/281
f 712/278/729 715/281/294 627/74/293 626/72/730
f 633/79/296 718/284/295 719/285/302 634/80/301
f 611/49/256 694/218/255 724/290/310 612/56/309
s 1
f 729/140/317 731/142/316 584/123/100 583/122/99
f 736/147/328 738/149/327 524/111/16 523/110/15
f 743/155/335 733/144/319 732/143/318 744/156/336
f 750/171/344 749/168/343 754/175/348 751/172/345
f 758/179/356 760/181/355 544/115/44 543/114/43
f 765/186/363 740/151/330 739/150/329 766/187/364
f 772/247/372 771/246/371 776/251/376 773/248/373
f 780/255/384 782/257/383 564/119/72 563/118/71
f 787/306/391 762/183/358 761/182/357 788/307/392
f 794/313/400 793/312/399 798/317/404 795/314/401
f 802/321/408 784/259/386 783/258/385 803/322/409
f 809/328/417 808/327/416 813/332/421 810/329/418
f 735/146/323 734/145/322 819/339/427 817/336/425
f 786/305/390 785/264/389 825/346/433 823/343/431
f 764/185/362 763/184/361 831/353/439 829/350/437
f 742/154/334 741/152/333 837/360/445 835/357/443
f 532/37/28 531/33/27 609/391/134 594/242/114
f 552/166/56 551/165/55 631/454/164 616/421/144
f 572/28/84 571/27/83 653/495/194 638/270/174
f 592/188/112 591/164/111 675/197/224 660/190/204
f 618//146 849//457 851//459 619//147
f 556//60 555//59 824//432 852//460
f 827/348/435 855/367/463 853/366/461 828/349/436
f 759/180/354 621/131/149 620/130/148 799/318/405
f 801/320/407 800/319/406 856/368/464 857/369/465
f 860/372/468 826/347/434 807/326/414 806/325/413
f 757/178/351 756/177/350 866/394/474 863/379/471
f 868/396/476 838/361/446 770/245/369 769/244/368
f 839/362/447 867/395/475 871/399/479 840/363/448
f 730/141/315 665/139/209 664/138/208 755/176/349
f 662/192/206 873/377/481 872/413/480 663/193/207
f 516/7/4 515/6/3 836/443/444 875/414/483
f 847/199/455 877/464/485 874/406/482 848/202/456
f 527/478/20 526/479/19 876/480/484 879/481/488
s 17
f 679/203/231 881/295/496 878/297/495 680/204/232
f 602/38/123 601/36/122 880/302/498 883/298/497
s 33
f 698/222/263 885/376/508 882/296/507 699/223/264
f 690/214/248 689/213/247 884/303/510 888/382/509
f 722/288/303 891/385/520 894/388/519 723/289/304
f 702/226/268 701/225/267 896/393/522 895/389/521
s 23
f 635/82/171 897/400/536 901/417/535 636/83/172
f 646/87/183 645/86/182 902/418/538 900/416/537
s 1
f 843/456/451 903/1129/541 850/1135/458 844/1138/452
f 567/232/76 566/231/75 854/1132/462 904/1126/544
f 596/300/116 905/489/545 907/529/547 597/301/117
f 536/235/32 535/161/31 830/1087/438 908/1088/548
f 833/355/441 911/412/551 909/411/549 834/356/442
f 737/148/326 599/127/119 598/126/118 777/252/377
f 779/254/379 778/253/378 912/422/552 913/424/553
f 916/427/556 832/354/440 792/311/397 791/310/396
f 816/335/424 815/334/423 922/441/562 919/430/559
f 924/444/564 820/340/428 748/160/341 747/159/340
f 821/341/429 923/442/563 927/467/567 822/342/430
f 781/256/382 643/135/179 642/134/178 814/333/422
f 640//176 929//569 928//568 641//177
f 576/482/88 575/483/87 818/490/426 931/491/571
f 845/531/453 933/1120/573 930/1125/570 846/535/454
f 587/262/104 586/261/103 932/1121/572 935/1117/576
s 27
f 657/98/201 937/419/584 934/423/583 658/99/202
f 668/103/213 667/102/212 936/433/586 939/432/585
s 33
f 710/276/283 941/435/596 938/420/595 711/277/284
f 683/207/236 682/206/235 940/434/598 944/446/597
f 727/293/311 947/449/608 950/457/607 728/294/312
f 714/280/288 713/279/287 952/459/610 951/458/609
s 19
f 613/58/141 953/460/624 957/476/623 614/60/142
f 624/70/153 623/63/152 958/477/626 956/463/625
s 1
f 841/484/449 959/1081/629 906/528/546 842/488/450
f 547/239/48 546/238/47 910/1086/550 960/1080/632
f 961/470/633 963/472/635 775/250/375 774/249/374
f 967/486/639 970/497/642 965/474/637 964/473/636
f 870/398/478 869/397/477 974/501/646 973/500/645
f 966/485/638 768/243/366 767/240/365
f 746/158/338 745/157/337 976/503/648
f 979/506/651 978/505/650 753/174/347 752/173/346
f 983/510/655 982/509/654 981/508/653 984/511/656
f 926/466/566 925/455/565 977/504/649 987/514/659
f 991/518/663 993/520/665 797/316/403 796/315/402
f 997/524/669 995/522/667 994/521/666 998/525/670
f 918/429/558 917/428/557 1002/1111/674 1001/1112/673
f 996/523/668 790/309/394 789/308/393
f 1006/1107/678 1008/1105/680 812/331/420 811/330/419
f 1012/1101/684 1015/1098/687 1010/1103/682 1009/1104/681
f 862/378/470 861/373/469 1019/1094/691 1018/1095/690
f 1011/1102/683 805/324/411 804/323/410
f 1020/1093/692 992/519/664 859/371/467 858/370/466
f 1004/1109/676 1003/1110/675 1017/1096/689 1016/1097/688
f 989/516/661 988/515/660 972/499/644 971/498/643
f 865/392/473 864/390/472 975/502/647 980/507/652
f 1005/1108/677 962/471/634 915/426/555 914/425/554
f 999/526/671 969/496/641 968/487/640 1000/527/672
f 1021/1092/693 1024/1089/696 1023/1090/695 1022/1091/694
f 1013/1100/685 986/513/658 985/512/657 1014/1099/686
f 921/440/561 920/439/560 990/517/662 1007/1106/679
s 50
f 1/562/731 245/563/732 246/564/733 4/565/734
f 2/566/735 7/567/736 8/568/737 1/562/738
f 3/569/739 35/570/740 36/571/741 2/566/742
f 4/565/743 127/572/744 128/573/745 3/569/746
f 5/574/747 253/575/748 254/576/749 8/568/750
f 6/577/751 39/578/752 40/579/753 5/574/754
f 7/567/755 185/580/756 186/581/757 6/577/758
f 9/582/759 305/583/760 306/584/761 12/585/762
f 10/586/763 15/587/764 16/588/765 9/582/766
f 11/589/767 47/590/768 48/591/769 10/586/770
f 12/585/771 139/592/772 140/593/773 11/589/774
f 13/594/775 393/595/776 394/596/777 16/588/778
f 14/597/779 51/598/780 52/599/781 13/594/782
f 15/587/783 189/600/784 190/601/785 14/597/786
f 17/602/787 205/603/788 206/604/789 20/605/790
f 18/606/791 23/607/792 24/608/793 17/602/794
f 19/609/795 59/610/796 60/611/797 18/606/798
f 20/605/799 151/612/800 152/613/801 19/609/802
f 21/614/803 293/615/804 294/616/805 24/608/806
f 22/617/807 63/618/808 64/619/809 21/614/810
f 23/607/811 193/620/812 194/621/813 22/617/814
f 25/622/815 345/623/816 346/624/817 28/625/818
f 26/626/819 31/627/820 32/628/821 25/622/822
f 27/629/823 71/630/824 72/631/825 26/626/826
f 28/625/827 123/632/828 124/633/829 27/629/830
f 29/634/831 353/635/832 354/636/833 32/628/834
f 30/637/835 75/638/836 76/639/837 29/634/838
f 31/627/839 197/640/840 198/641/841 30/637/842
f 33/642/843 188/643/844 185/580/756 36/571/741
f 34/644/845 304/645/846 301/646/847 33/642/843
f 35/570/740 314/647/848 315/648/849 34/644/845
s 72
f 37/649/850 261/650/851 262/651/852 40/579/853
s 73
f 38/652/854 87/653/855 88/654/856 37/649/857
s 74
f 39/578/858 41/655/859 42/656/860 38/652/861
s 50
f 41/655/862 186/581/757 187/657/863 44/658/864
s 73
f 43/659/865 112/660/866 109/661/867 42/656/868
s 74
f 44/658/869 384/662/870 381/663/871 43/659/872
s 50
f 45/664/873 192/665/874 189/600/784 48/591/769
f 46/666/875 204/667/876 201/668/877 45/664/873
f 47/590/768 214/669/878 215/670/879 46/666/875
s 74
f 49/671/880 385/672/881 386/673/882 52/599/883
s 73
f 50/674/884 103/675/885 104/676/886 49/671/887
s 81
f 51/598/888 53/677/889 54/678/890 50/674/891
s 50
f 53/677/892 190/601/785 191/679/893 56/680/894
s 73
f 55/681/895 108/682/896 105/683/897 54/678/898
s 81
f 56/680/899 284/684/900 281/685/901 55/681/902
s 50
f 57/686/903 196/687/904 193/620/812 60/611/797
f 58/688/905 344/689/906 341/690/907 57/686/903
f 59/610/796 338/691/908 339/692/909 58/688/905
s 81
f 61/693/910 285/694/911 286/695/912 64/619/913
s 73
f 62/696/914 95/697/915 96/698/916 61/693/917
s 88
f 63/618/918 65/699/919 66/700/920 62/696/921
s 50
f 65/699/922 194/621/813 195/701/923 68/702/924
s 73
f 67/703/925 100/704/926 97/705/927 66/700/928
s 88
f 68/702/929 360/706/930 357/707/931 67/703/932
s 50
f 69/708/933 200/709/934 197/640/840 72/631/825
f 70/710/935 244/711/936 241/712/937 69/708/933
f 71/630/824 238/713/938 239/714/939 70/710/935
s 88
f 73/715/940 361/716/941 362/717/942 76/639/943
s 73
f 74/718/944 83/719/945 84/720/946 73/715/947
s 72
f 75/638/948 77/721/949 78/722/950 74/718/951
s 50
f 77/721/952 198/641/841 199/723/953 80/724/954
s 73
f 79/725/955 92/726/956 89/727/957 78/722/958
s 72
f 80/724/959 260/728/960 257/729/961 79/725/962
s 98
f 81/730/963 369/731/964 370/732/965 84/720/966
s off
f 82/733/967 113/734/968 114/735/969 81/730/970
s 98
f 83/719/971 89/727/972 90/736/973 82/733/974
f 85/737/975 269/738/976 270/739/977 88/654/978
s off
f 86/740/979 115/741/980 116/742/981 85/737/982
s 98
f 87/653/983 109/661/984 110/743/985 86/740/986
s 102
f 91/744/987 407/745/988 408/746/989 90/736/990
s 98
f 92/726/991 268/747/992 265/748/993 91/744/994
f 93/749/995 277/750/996 278/751/997 96/698/998
s off
f 94/752/999 117/753/1000 118/754/1001 93/749/1002
s 98
f 95/697/1003 97/705/1004 98/755/1005 94/752/1006
s 106
f 99/756/1007 415/757/1008 416/758/1009 98/755/1010
s 98
f 100/704/1011 368/759/1012 365/760/1013 99/756/1014
f 101/761/1015 377/762/1016 378/763/1017 104/676/1018
s off
f 102/764/1019 119/765/1020 120/766/1021 101/761/1022
s 98
f 103/675/1023 105/683/1024 106/767/1025 102/764/1026
s 110
f 107/768/1027 403/769/1028 404/770/1029 106/767/1030
s 98
f 108/682/1031 276/771/1032 273/772/1033 107/768/1034
s 112
f 111/773/1035 411/774/1036 412/775/1037 110/743/1038
s 98
f 112/660/1039 376/776/1040 373/777/1041 111/773/1042
s 50
f 121/778/1043 237/779/1044 238/713/938 124/633/1045
f 122/780/1046 130/781/1047 131/782/1048 121/778/1049
f 123/632/1050 169/783/1051 170/784/1052 122/780/1053
f 125/785/1054 313/786/1055 314/647/848 128/573/1056
f 126/787/1057 142/788/1058 143/789/1059 125/785/1060
f 127/572/1061 181/790/1062 182/791/1063 126/787/1064
f 129/792/1065 432/793/1066 433/794/1067 132/795/1068
f 130/781/1069 331/796/1070 332/797/1071 129/792/1065
f 132/795/1068 133/798/1072 134/799/1073 131/782/1074
f 133/798/1072 437/800/1075 438/801/1076 136/802/1077
f 135/803/1078 240/804/1079 237/779/1044 134/799/1073
f 136/802/1077 225/805/1080 226/806/1081 135/803/1078
f 137/807/1082 213/808/1083 214/669/878 140/593/1084
f 138/809/1085 154/810/1086 155/811/1087 137/807/1088
f 139/592/1089 177/812/1090 178/813/1091 138/809/1092
f 141/814/1093 430/815/1094 431/816/1095 144/817/1096
f 142/788/1097 231/818/1098 232/819/1099 141/814/1093
f 144/817/1096 145/820/1100 146/821/1101 143/789/1102
f 145/820/1100 419/822/1103 420/823/1104 148/824/1105
f 147/825/1106 316/826/1107 313/786/1055 146/821/1101
f 148/824/1105 317/827/1108 318/828/1109 147/825/1106
f 149/829/1110 337/830/1111 338/691/908 152/613/1112
f 150/831/1113 162/832/1114 163/833/1115 149/829/1116
f 151/612/1117 173/834/1118 174/835/1119 150/831/1120
f 153/836/1121 460/837/1122 461/838/1123 156/839/1124
f 154/810/1125 323/840/1126 324/841/1127 153/836/1121
f 156/839/1124 157/842/1128 158/843/1129 155/811/1130
f 157/842/1128 449/844/1131 450/845/1132 160/846/1133
f 159/847/1134 216/848/1135 213/808/1083 158/843/1129
f 160/846/1133 217/849/1136 218/850/1137 159/847/1134
f 161/851/1138 475/852/1139 476/853/1140 164/854/1141
f 162/832/1142 223/855/1143 224/856/1144 161/851/1138
f 164/854/1141 165/857/1145 166/858/1146 163/833/1147
f 165/857/1145 464/859/1148 465/860/1149 168/861/1150
f 167/862/1151 340/863/1152 337/830/1111 166/858/1146
f 168/861/1150 325/864/1153 326/865/1154 167/862/1151
f 169/783/1051 346/624/817 347/866/1155 172/867/1156
f 171/868/1157 330/869/1158 331/796/1070 170/784/1052
f 172/867/1156 336/870/1159 333/871/1160 171/868/1157
f 173/834/1118 206/604/789 207/872/1161 176/873/1162
f 175/874/1163 222/875/1164 223/855/1143 174/835/1119
f 176/873/1162 212/876/1165 209/877/1166 175/874/1163
f 177/812/1090 306/584/761 307/878/1167 180/879/1168
f 179/880/1169 322/881/1170 323/840/1126 178/813/1091
f 180/879/1168 312/882/1171 309/883/1172 179/880/1169
f 181/790/1062 246/564/733 247/884/1173 184/885/1174
f 183/886/1175 230/887/1176 231/818/1098 182/791/1063
f 184/885/1174 236/888/1177 233/889/1178 183/886/1175
f 188/643/844 392/890/1179 389/891/1180 187/657/863
f 192/665/874 292/892/1181 289/893/1182 191/679/893
f 196/687/904 352/894/1183 349/895/1184 195/701/923
f 200/709/934 252/896/1185 249/897/1186 199/723/953
f 202/898/1187 291/899/1188 292/892/1181 201/668/877
f 203/900/1189 207/872/1161 208/901/1190 202/898/1187
f 204/667/876 211/902/1191 212/876/1165 203/900/1189
f 205/603/788 294/616/805 295/903/1192 208/901/1190
f 210/904/1193 218/850/1137 219/905/1194 209/877/1166
f 211/902/1191 215/670/879 216/848/1135 210/904/1193
f 217/849/1136 479/906/1195 480/907/1196 220/908/1197
f 220/908/1197 221/909/1198 222/875/1164 219/905/1194
f 221/909/1198 470/910/1199 471/911/1200 224/856/1144
f 225/805/1080 489/912/1201 490/913/1202 228/914/1203
f 227/915/1204 233/889/1178 234/916/1205 226/806/1081
f 228/914/1203 229/917/1206 230/887/1176 227/915/1204
f 229/917/1206 425/918/1207 426/919/1208 232/819/1099
f 235/920/1209 239/714/939 240/804/1079 234/916/1205
f 236/888/1177 243/921/1210 244/711/936 235/920/1209
f 242/922/1211 251/923/1212 252/896/1185 241/712/937
f 243/921/1210 247/884/1173 248/924/1213 242/922/1211
f 245/563/732 254/576/749 255/925/1214 248/924/1213
f 250/926/1215 259/927/1216 260/728/1217 249/897/1186
f 251/923/1212 255/925/1214 256/928/1218 250/926/1215
f 253/575/748 262/651/1219 263/929/1220 256/928/1218
s 73
f 258/930/1221 267/931/1222 268/747/1223 257/729/1224
s 72
f 259/927/1225 263/929/1226 264/932/1227 258/930/1228
s 73
f 261/650/1229 270/739/1230 271/933/1231 264/932/1232
s 102
f 266/934/1233 297/935/1234 298/936/1235 265/748/1236
s 98
f 267/931/1237 271/933/1238 272/937/1239 266/934/1240
s 102
f 269/738/1241 401/938/1242 402/939/1243 272/937/1244
s 110
f 274/940/1245 299/941/1246 300/942/1247 273/772/1248
s 98
f 275/943/1249 279/944/1250 280/945/1251 274/940/1252
s 73
f 276/771/1253 281/685/1254 282/946/1255 275/943/1256
s 110
f 277/750/1257 405/947/1258 406/948/1259 280/945/1260
s 73
f 279/944/1261 288/949/1262 285/694/1263 278/751/1264
s 81
f 283/950/1265 287/951/1266 288/949/1267 282/946/1268
s 50
f 284/684/1269 289/893/1182 290/952/1270 283/950/1271
f 287/951/1272 296/953/1273 293/615/804 286/695/1274
f 291/899/1188 295/903/1192 296/953/1273 290/952/1270
f 302/954/1275 391/955/1276 392/890/1179 301/646/847
f 303/956/1277 307/878/1167 308/957/1278 302/954/1275
f 304/645/846 311/958/1279 312/882/1171 303/956/1277
f 305/583/760 394/596/777 395/959/1280 308/957/1278
f 310/960/1281 318/828/1109 319/961/1282 309/883/1172
f 311/958/1279 315/648/849 316/826/1107 310/960/1281
f 317/827/1108 495/962/1283 496/963/1284 320/964/1285
f 320/964/1285 321/965/1286 322/881/1170 319/961/1282
f 321/965/1286 455/966/1287 456/967/1288 324/841/1127
f 325/864/1153 509/968/1289 510/969/1290 328/970/1291
f 327/971/1292 333/871/1160 334/972/1293 326/865/1154
f 328/970/1291 329/973/1294 330/869/1158 327/971/1292
f 329/973/1294 443/974/1295 444/975/1296 332/797/1071
f 335/976/1297 339/692/909 340/863/1152 334/972/1293
f 336/870/1159 343/977/1298 344/689/906 335/976/1297
f 342/978/1299 351/979/1300 352/894/1183 341/690/907
f 343/977/1298 347/866/1155 348/980/1301 342/978/1299
f 345/623/816 354/636/833 355/981/1302 348/980/1301
f 350/982/1303 359/983/1304 360/706/1305 349/895/1184
f 351/979/1300 355/981/1302 356/984/1306 350/982/1303
f 353/635/832 362/717/1307 363/985/1308 356/984/1306
s 73
f 358/986/1309 367/987/1310 368/759/1311 357/707/1312
s 88
f 359/983/1313 363/985/1314 364/988/1315 358/986/1316
s 73
f 361/716/1317 370/732/1318 371/989/1319 364/988/1320
s 106
f 366/990/1321 397/991/1322 398/992/1323 365/760/1324
s 98
f 367/987/1325 371/989/1326 372/993/1327 366/990/1328
s 106
f 369/731/1329 409/994/1330 410/995/1331 372/993/1332
s 112
f 374/996/1333 399/997/1334 400/998/1335 373/777/1336
s 98
f 375/999/1337 379/1000/1338 380/1001/1339 374/996/1340
s 73
f 376/776/1341 381/663/1342 382/1002/1343 375/999/1344
s 112
f 377/762/1345 413/1003/1346 414/1004/1347 380/1001/1348
s 73
f 379/1000/1349 388/1005/1350 385/672/1351 378/763/1352
s 74
f 383/1006/1353 387/1007/1354 388/1005/1355 382/1002/1356
s 50
f 384/662/1357 389/891/1180 390/1008/1358 383/1006/1359
f 387/1007/1360 396/1009/1361 393/595/776 386/673/1362
f 391/955/1276 395/959/1280 396/1009/1361 390/1008/1358
f 417/1010/1363 494/1011/1364 495/962/1283 420/823/1104
f 418/1012/1365 423/1013/1366 424/1014/1367 417/1010/1363
f 419/822/1103 431/816/1095 429/1015/1368 418/1012/1365
f 421/1016/1369 498/1017/1370 499/1018/1371 424/1014/1367
f 422/1019/1372 487/1020/1373 488/1021/1374 421/1016/1369
f 423/1013/1366 427/1022/1375 428/1023/1376 422/1019/1372
f 425/918/1207 490/913/1202 491/1024/1377 428/1023/1376
f 427/1022/1375 429/1015/1368 430/815/1094 426/919/1208
f 432/793/1066 444/975/1296 445/1025/1378 434/1026/1379
f 434/1026/1379 436/1027/1380 437/800/1075 433/794/1067
f 435/1028/1381 492/1029/1382 489/912/1201 438/801/1076
f 436/1027/1380 440/1030/1383 441/1031/1384 435/1028/1381
f 439/1032/1385 506/1033/1386 507/1034/1387 442/1035/1388
f 440/1030/1383 445/1025/1378 446/1036/1389 439/1032/1385
f 442/1035/1388 485/1037/1390 486/1038/1391 441/1031/1384
f 443/974/1295 510/969/1290 511/1039/1392 446/1036/1389
f 447/1040/1393 478/1041/1394 479/906/1195 450/845/1132
f 448/1042/1395 452/1043/1396 453/1044/1397 447/1040/1393
f 449/844/1131 461/838/1123 459/1045/1398 448/1042/1395
f 451/1046/1399 500/1047/1400 497/1048/1401 454/1049/1402
f 452/1043/1396 457/1050/1403 458/1051/1404 451/1046/1399
f 454/1049/1402 481/1052/1405 482/1053/1406 453/1044/1397
f 455/966/1287 496/963/1284 493/1054/1407 458/1051/1404
f 457/1050/1403 459/1045/1398 460/837/1122 456/967/1288
f 462/1055/1408 512/1056/1409 509/968/1289 465/860/1149
f 463/1057/1410 468/1058/1411 469/1059/1412 462/1055/1408
f 464/859/1148 476/853/1140 474/1060/1413 463/1057/1410
f 466/1061/1414 508/1062/1415 505/1063/1416 469/1059/1412
f 467/1064/1417 483/1065/1418 484/1066/1419 466/1061/1414
f 468/1058/1411 472/1067/1420 473/1068/1421 467/1064/1417
f 470/910/1199 480/907/1196 477/1069/1422 473/1068/1421
f 472/1067/1420 474/1060/1413 475/852/1139 471/911/1200
f 478/1041/1394 482/1053/1406 483/1065/1418 477/1069/1422
f 481/1052/1405 504/1070/1423 501/1071/1424 484/1066/1419
f 485/1037/1390 502/1072/1425 503/1073/1426 488/1021/1374
f 487/1020/1373 491/1024/1377 492/1029/1382 486/1038/1391
f 494/1011/1364 499/1018/1371 500/1047/1400 493/1054/1407
f 498/1017/1370 503/1073/1426 504/1070/1423 497/1048/1401
f 502/1072/1425 507/1034/1387 508/1062/1415 501/1071/1424
f 506/1033/1386 511/1039/1392 512/1056/1409 505/1063/1416
f 2/566/742 36/571/741 185/580/756 7/567/755
f 10/586/770 48/591/769 189/600/784 15/587/783
f 345/623/816 25/622/815 32/628/834 354/636/833
f 245/563/732 1/562/731 8/568/750 254/576/749
f 418/1012/1365 429/1015/1368 427/1022/1375 423/1013/1366
s 73
f 37/649/857 88/654/856 270/739/1230 261/650/1229
f 73/715/947 84/720/946 370/732/1318 361/716/1317
f 105/683/897 103/675/885 50/674/884 54/678/898
f 109/661/867 87/653/855 38/652/854 42/656/868
s 102
f 85/737/1427 116/742/1428 401/938/1242 269/738/1241
s 106
f 81/730/1429 114/735/1430 409/994/1330 369/731/1329
s 110
f 404/770/1029 119/765/1431 102/764/1432 106/767/1030
s 112
f 412/775/1037 115/741/1433 86/740/1434 110/743/1038
s 50
f 181/790/1062 127/572/1061 4/565/734 246/564/733
f 3/569/739 128/573/1056 314/647/848 35/570/740
f 11/589/767 140/593/1084 214/669/878 47/590/768
f 169/783/1051 123/632/1050 28/625/818 346/624/817
f 331/796/1070 130/781/1069 122/780/1053 170/784/1052
f 137/807/1082 155/811/1130 158/843/1129 213/808/1083
f 125/785/1054 143/789/1102 146/821/1101 313/786/1055
f 231/818/1098 142/788/1097 126/787/1064 182/791/1063
f 41/655/862 39/578/1435 6/577/758 186/581/757
f 53/677/892 51/598/1436 14/597/786 190/601/785
f 29/634/831 76/639/1437 362/717/1307 353/635/832
f 5/574/747 40/579/1438 262/651/1219 253/575/748
f 173/834/1118 151/612/1117 20/605/790 206/604/789
f 223/855/1143 162/832/1142 150/831/1120 174/835/1119
f 434/1026/1379 445/1025/1378 440/1030/1383 436/1027/1380
f 121/778/1043 131/782/1074 134/799/1073 237/779/1044
f 27/629/823 124/633/1045 238/713/938 71/630/824
f 26/626/826 72/631/825 197/640/840 31/627/839
f 77/721/952 75/638/1439 30/637/842 198/641/841
s 73
f 89/727/957 83/719/945 74/718/944 78/722/958
s 102
f 408/746/989 113/734/1440 82/733/1441 90/736/990
s 110
f 93/749/1442 118/754/1443 405/947/1258 277/750/1257
s 73
f 61/693/917 96/698/916 278/751/1264 285/694/1263
s 50
f 21/614/803 64/619/1444 286/695/1274 293/615/804
f 205/603/788 17/602/787 24/608/806 294/616/805
f 177/812/1090 139/592/1089 12/585/762 306/584/761
f 323/840/1126 154/810/1125 138/809/1092 178/813/1091
f 448/1042/1395 459/1045/1398 457/1050/1403 452/1043/1396
f 463/1057/1410 474/1060/1413 472/1067/1420 468/1058/1411
f 149/829/1110 163/833/1147 166/858/1146 337/830/1111
f 19/609/795 152/613/1112 338/691/908 59/610/796
f 18/606/798 60/611/797 193/620/812 23/607/811
f 65/699/922 63/618/1445 22/617/814 194/621/813
s 73
f 97/705/927 95/697/915 62/696/914 66/700/928
s 106
f 416/758/1009 117/753/1446 94/752/1447 98/755/1010
s 112
f 101/761/1448 120/766/1449 413/1003/1346 377/762/1345
s 73
f 49/671/887 104/676/886 378/763/1352 385/672/1351
s 50
f 13/594/775 52/599/1450 386/673/1362 393/595/776
f 305/583/760 9/582/759 16/588/778 394/596/777
f 215/670/879 211/902/1191 204/667/876 46/666/875
f 159/847/1134 218/850/1137 210/904/1193 216/848/1135
f 478/1041/1394 447/1040/1393 453/1044/1397 482/1053/1406
f 428/1023/1376 491/1024/1377 487/1020/1373 422/1019/1372
f 227/915/1204 230/887/1176 183/886/1175 233/889/1178
f 236/888/1177 184/885/1174 247/884/1173 243/921/1210
f 242/922/1211 248/924/1213 255/925/1214 251/923/1212
f 263/929/1220 259/927/1216 250/926/1215 256/928/1218
s 73
f 271/933/1231 267/931/1222 258/930/1221 264/932/1232
s 102
f 402/939/1243 297/935/1234 266/934/1233 272/937/1244
s 110
f 300/942/1247 403/769/1028 107/768/1027 273/772/1248
s 73
f 276/771/1253 108/682/896 55/681/895 281/685/1254
s 50
f 284/684/1269 56/680/894 191/679/893 289/893/1182
f 45/664/873 201/668/877 292/892/1181 192/665/874
f 239/714/939 235/920/1209 244/711/936 70/710/935
f 135/803/1078 226/806/1081 234/916/1205 240/804/1079
f 486/1038/1391 492/1029/1382 435/1028/1381 441/1031/1384
f 473/1068/1421 477/1069/1422 483/1065/1418 467/1064/1417
f 219/905/1194 222/875/1164 175/874/1163 209/877/1166
f 212/876/1165 176/873/1162 207/872/1161 203/900/1189
f 202/898/1187 208/901/1190 295/903/1192 291/899/1188
f 287/951/1272 283/950/1271 290/952/1270 296/953/1273
s 73
f 279/944/1261 275/943/1256 282/946/1255 288/949/1262
s 110
f 406/948/1259 299/941/1246 274/940/1245 280/945/1260
s 102
f 298/936/1235 407/745/988 91/744/987 265/748/1236
s 73
f 268/747/1223 92/726/956 79/725/955 257/729/1224
s 50
f 260/728/1217 80/724/954 199/723/953 249/897/1186
f 69/708/933 241/712/937 252/896/1185 200/709/934
f 315/648/849 311/958/1279 304/645/846 34/644/845
f 147/825/1106 318/828/1109 310/960/1281 316/826/1107
f 494/1011/1364 417/1010/1363 424/1014/1367 499/1018/1371
f 488/1021/1374 503/1073/1426 498/1017/1370 421/1016/1369
f 507/1034/1387 502/1072/1425 485/1037/1390 442/1035/1388
f 446/1036/1389 511/1039/1392 506/1033/1386 439/1032/1385
f 327/971/1292 330/869/1158 171/868/1157 333/871/1160
f 336/870/1159 172/867/1156 347/866/1155 343/977/1298
f 342/978/1299 348/980/1301 355/981/1302 351/979/1300
f 363/985/1308 359/983/1304 350/982/1303 356/984/1306
s 73
f 371/989/1319 367/987/1310 358/986/1309 364/988/1320
s 106
f 410/995/1331 397/991/1322 366/990/1321 372/993/1332
s 112
f 400/998/1335 411/774/1036 111/773/1035 373/777/1336
s 73
f 376/776/1341 112/660/866 43/659/865 381/663/1342
s 50
f 384/662/1357 44/658/864 187/657/863 389/891/1180
f 33/642/843 301/646/847 392/890/1179 188/643/844
f 339/692/909 335/976/1297 344/689/906 58/688/905
f 167/862/1151 326/865/1154 334/972/1293 340/863/1152
f 512/1056/1409 462/1055/1408 469/1059/1412 505/1063/1416
f 484/1066/1419 501/1071/1424 508/1062/1415 466/1061/1414
f 454/1049/1402 497/1048/1401 504/1070/1423 481/1052/1405
f 458/1051/1404 493/1054/1407 500/1047/1400 451/1046/1399
f 319/961/1282 322/881/1170 179/880/1169 309/883/1172
f 312/882/1171 180/879/1168 307/878/1167 303/956/1277
f 302/954/1275 308/957/1278 395/959/1280 391/955/1276
f 387/1007/1360 383/1006/1359 390/1008/1358 396/1009/1361
s 73
f 379/1000/1349 375/999/1344 382/1002/1343 388/1005/1350
s 112
f 414/1004/1347 399/997/1334 374/996/1333 380/1001/1348
s 106
f 398/992/1323 415/757/1008 99/756/1007 365/760/1324
s 73
f 368/759/1311 100/704/926 67/703/925 357/707/1312
s 50
f 360/706/1305 68/702/924 195/701/923 349/895/1184
f 57/686/903 341/690/907 352/894/1183 196/687/904
f 232/819/1099 426/919/1208 430/815/1094 141/814/1093
f 144/817/1096 431/816/1095 419/822/1103 145/820/1100
f 132/795/1068 433/794/1067 437/800/1075 133/798/1072
f 332/797/1071 444/975/1296 432/793/1066 129/792/1065
f 324/841/1127 456/967/1288 460/837/1122 153/836/1121
f 156/839/1124 461/838/1123 449/844/1131 157/842/1128
f 224/856/1144 471/911/1200 475/852/1139 161/851/1138
f 164/854/1141 476/853/1140 464/859/1148 165/857/1145
f 160/846/1133 450/845/1132 479/906/1195 217/849/1136
f 228/914/1203 490/913/1202 425/918/1207 229/917/1206
f 136/802/1077 438/801/1076 489/912/1201 225/805/1080
f 220/908/1197 480/907/1196 470/910/1199 221/909/1198
f 148/824/1105 420/823/1104 495/962/1283 317/827/1108
f 328/970/1291 510/969/1290 443/974/1295 329/973/1294
f 168/861/1150 465/860/1149 509/968/1289 325/864/1153
f 320/964/1285 496/963/1284 455/966/1287 321/965/1286
f 1/562/738 4/565/743 3/569/746 2/566/735
f 5/574/754 8/568/737 7/567/736 6/577/751
f 9/582/766 12/585/771 11/589/774 10/586/763
f 13/594/782 16/588/765 15/587/764 14/597/779
f 17/602/794 20/605/799 19/609/802 18/606/791
f 21/614/810 24/608/793 23/607/792 22/617/807
f 25/622/822 28/625/827 27/629/830 26/626/819
f 29/634/838 32/628/821 31/627/820 30/637/835
f 33/642/843 36/571/741 35/570/740 34/644/845
s 74
f 37/649/1451 40/579/1452 39/578/858 38/652/861
f 41/655/859 44/658/869 43/659/872 42/656/860
s 50
f 45/664/873 48/591/769 47/590/768 46/666/875
s 81
f 49/671/1453 52/599/1454 51/598/888 50/674/891
f 53/677/889 56/680/899 55/681/902 54/678/890
s 50
f 57/686/903 60/611/797 59/610/796 58/688/905
s 88
f 61/693/1455 64/619/1456 63/618/918 62/696/921
f 65/699/919 68/702/929 67/703/932 66/700/920
s 50
f 69/708/933 72/631/825 71/630/824 70/710/935
s 72
f 73/715/1457 76/639/1458 75/638/948 74/718/951
f 77/721/949 80/724/959 79/725/962 78/722/950
s 98
f 81/730/963 84/720/966 83/719/971 82/733/974
f 85/737/975 88/654/978 87/653/983 86/740/986
f 89/727/972 92/726/991 91/744/994 90/736/973
f 93/749/995 96/698/998 95/697/1003 94/752/1006
f 97/705/1004 100/704/1011 99/756/1014 98/755/1005
f 101/761/1459 104/676/1460 103/675/1023 102/764/1026
f 105/683/1024 108/682/1031 107/768/1034 106/767/1025
f 109/661/984 112/660/1039 111/773/1042 110/743/985
s 50
f 121/778/1049 124/633/829 123/632/828 122/780/1046
f 125/785/1060 128/573/745 127/572/744 126/787/1057
f 129/792/1065 132/795/1068 131/782/1048 130/781/1047
f 133/798/1072 136/802/1077 135/803/1078 134/799/1073
f 137/807/1088 140/593/773 139/592/772 138/809/1085
f 141/814/1093 144/817/1096 143/789/1059 142/788/1058
f 145/820/1100 148/824/1105 147/825/1106 146/821/1101
f 149/829/1116 152/613/801 151/612/800 150/831/1113
f 153/836/1121 156/839/1124 155/811/1087 154/810/1086
f 157/842/1128 160/846/1133 159/847/1134 158/843/1129
f 161/851/1138 164/854/1141 163/833/1115 162/832/1114
f 165/857/1145 168/861/1150 167/862/1151 166/858/1146
f 169/783/1051 172/867/1156 171/868/1157 170/784/1052
f 173/834/1118 176/873/1162 175/874/1163 174/835/1119
f 177/812/1090 180/879/1168 179/880/1169 178/813/1091
f 181/790/1062 184/885/1174 183/886/1175 182/791/1063
f 185/580/756 188/643/844 187/657/863 186/581/757
f 189/600/784 192/665/874 191/679/893 190/601/785
f 193/620/812 196/687/904 195/701/923 194/621/813
f 197/640/840 200/709/934 199/723/953 198/641/841
f 201/668/877 204/667/876 203/900/1189 202/898/1187
f 205/603/788 208/901/1190 207/872/1161 206/604/789
f 209/877/1166 212/876/1165 211/902/1191 210/904/1193
f 213/808/1083 216/848/1135 215/670/879 214/669/878
f 217/849/1136 220/908/1197 219/905/1194 218/850/1137
f 221/909/1198 224/856/1144 223/855/1143 222/875/1164
f 225/805/1080 228/914/1203 227/915/1204 226/806/1081
f 229/917/1206 232/819/1099 231/818/1098 230/887/1176
f 233/889/1178 236/888/1177 235/920/1209 234/916/1205
f 237/779/1044 240/804/1079 239/714/939 238/713/938
f 241/712/937 244/711/936 243/921/1210 242/922/1211
f 245/563/732 248/924/1213 247/884/1173 246/564/733
f 249/897/1186 252/896/1185 251/923/1212 250/926/1215
f 253/575/748 256/928/1218 255/925/1214 254/576/749
s 72
f 257/729/961 260/728/960 259/927/1225 258/930/1228
f 261/650/851 264/932/1227 263/929/1226 262/651/852
s 98
f 265/748/993 268/747/992 267/931/1237 266/934/1240
f 269/738/976 272/937/1239 271/933/1238 270/739/977
f 273/772/1033 276/771/1032 275/943/1249 274/940/1252
f 277/750/996 280/945/1251 279/944/1250 278/751/997
s 81
f 281/685/901 284/684/900 283/950/1265 282/946/1268
f 285/694/911 288/949/1267 287/951/1266 286/695/912
s 50
f 289/893/1182 292/892/1181 291/899/1188 290/952/1270
f 293/615/804 296/953/1273 295/903/1192 294/616/805
f 301/646/847 304/645/846 303/956/1277 302/954/1275
f 305/583/760 308/957/1278 307/878/1167 306/584/761
f 309/883/1172 312/882/1171 311/958/1279 310/960/1281
f 313/786/1055 316/826/1107 315/648/849 314/647/848
f 317/827/1108 320/964/1285 319/961/1282 318/828/1109
f 321/965/1286 324/841/1127 323/840/1126 322/881/1170
f 325/864/1153 328/970/1291 327/971/1292 326/865/1154
f 329/973/1294 332/797/1071 331/796/1070 330/869/1158
f 333/871/1160 336/870/1159 335/976/1297 334/972/1293
f 337/830/1111 340/863/1152 339/692/909 338/691/908
f 341/690/907 344/689/906 343/977/1298 342/978/1299
f 345/623/816 348/980/1301 347/866/1155 346/624/817
f 349/895/1184 352/894/1183 351/979/1300 350/982/1303
f 353/635/832 356/984/1306 355/981/1302 354/636/833
s 88
f 357/707/931 360/706/930 359/983/1313 358/986/1316
f 361/716/941 364/988/1315 363/985/1314 362/717/942
s 98
f 365/760/1013 368/759/1012 367/987/1325 366/990/1328
f 369/731/964 372/993/1327 371/989/1326 370/732/965
f 373/777/1041 376/776/1040 375/999/1337 374/996/1340
f 377/762/1016 380/1001/1339 379/1000/1338 378/763/1017
s 74
f 381/663/871 384/662/870 383/1006/1353 382/1002/1356
f 385/672/881 388/1005/1355 387/1007/1354 386/673/882
s 50
f 389/891/1180 392/890/1179 391/955/1276 390/1008/1358
f 393/595/776 396/1009/1361 395/959/1280 394/596/777
f 417/1010/1363 420/823/1104 419/822/1103 418/1012/1365
f 421/1016/1369 424/1014/1367 423/1013/1366 422/1019/1372
f 425/918/1207 428/1023/1376 427/1022/1375 426/919/1208
f 429/1015/1368 431/816/1095 430/815/1094
f 432/793/1066 434/1026/1379 433/794/1067
f 435/1028/1381 438/801/1076 437/800/1075 436/1027/1380
f 439/1032/1385 442/1035/1388 441/1031/1384 440/1030/1383
f 443/974/1295 446/1036/1389 445/1025/1378 444/975/1296
f 447/1040/1393 450/845/1132 449/844/1131 448/1042/1395
f 451/1046/1399 454/1049/1402 453/1044/1397 452/1043/1396
f 455/966/1287 458/1051/1404 457/1050/1403 456/967/1288
f 459/1045/1398 461/838/1123 460/837/1122
f 462/1055/1408 465/860/1149 464/859/1148 463/1057/1410
f 466/1061/1414 469/1059/1412 468/1058/1411 467/1064/1417
f 470/910/1199 473/1068/1421 472/1067/1420 471/911/1200
f 474/1060/1413 476/853/1140 475/852/1139
f 477/1069/1422 480/907/1196 479/906/1195 478/1041/1394
f 481/1052/1405 484/1066/1419 483/1065/1418 482/1053/1406
f 485/1037/1390 488/1021/1374 487/1020/1373 486/1038/1391
f 489/912/1201 492/1029/1382 491/1024/1377 490/913/1202
f 493/1054/1407 496/963/1284 495/962/1283 494/1011/1364
f 497/1048/1401 500/1047/1400 499/1018/1371 498/1017/1370
f 501/1071/1424 504/1070/1423 503/1073/1426 502/1072/1425
f 505/1063/1416 508/1062/1415 507/1034/1387 506/1033/1386
f 509/968/1289 512/1056/1409 511/1039/1392 510/969/1290
s 163
f 114/492/1461 113/493/1462 686/210/1463 685/209/1464
f 116/494/1465 115/532/1466 693/217/1467 692/216/1468
f 408/533/1469 407/534/1470 697/221/1471 696/220/1472
f 118/537/1473 117/538/1474 705/265/1475 704/228/1476
f 416/539/1477 415/540/1478 709/275/1479 708/274/1480
f 120/543/1481 119/544/1482 717/283/1483 716/282/1484
f 404/545/1485 403/546/1486 721/287/1487 720/286/1488
f 412/550/1489 411/551/1490 726/292/1491 725/291/1492
f 298/552/1493 297/553/1494 887/381/1495 886/380/1496
f 402/554/1497 401/555/1498 890/384/1499 889/383/1500
f 300/556/1501 299/557/1502 893/387/1503 892/386/1504
f 406/558/1505 405/559/1506 899/415/1507 898/405/1508
f 398/560/1509 397/561/1510 943/437/1511 942/436/1512
f 410/1074/1513 409/1075/1514 946/448/1515 945/447/1516
f 400/1076/1517 399/1078/1518 949/451/1519 948/450/1520
f 414/1083/1521 413/1084/1522 955/462/1523 954/461/1524
f 401/555/1498 116/494/1465 692/216/1468 890/384/1499
f 409/1075/1514 114/492/1461 685/209/1464 946/448/1515
f 119/544/1482 404/545/1485 720/286/1488 717/283/1483
f 115/532/1466 412/550/1489 725/291/1492 693/217/1467
f 113/493/1462 408/533/1469 696/220/1472 686/210/1463
f 405/559/1506 118/537/1473 704/228/1476 899/415/1507
f 117/538/1474 416/539/1477 708/274/1480 705/265/1475
f 413/1084/1522 120/543/1481 716/282/1484 955/462/1523
f 297/553/1494 402/554/1497 889/383/1500 887/381/1495
f 403/546/1486 300/556/1501 892/386/1504 721/287/1487
f 299/557/1502 406/558/1505 898/405/1508 893/387/1503
f 407/534/1470 298/552/1493 886/380/1496 697/221/1471
f 397/561/1510 410/1074/1513 945/447/1516 943/437/1511
f 411/551/1490 400/1076/1517 948/450/1520 726/292/1491
f 399/1078/1518 414/1083/1521 954/461/1524 949/451/1519
f 415/540/1478 398/560/1509 942/436/1512 709/275/1479
s 175
f 1025/1139/1525 1028/1140/1526 1219/1141/1527 1218/1142/1528
f 1026/1143/1529 1025/1139/1525 1032/1144/1530 1031/1145/1531
f 1027/1146/1532 1026/1143/1529 1059/1147/1533 1058/1148/1534
f 1028/1140/1526 1027/1146/1532 1050/1149/1535 1049/1150/1536
f 1029/1151/1537 1032/1144/1530 1227/1152/1538 1226/1153/1539
f 1030/1154/1540 1029/1151/1537 1036/1155/1541 1035/1156/1542
f 1031/1145/1531 1030/1154/1540 1063/1157/1543 1062/1158/1544
f 1033/1159/1545 1036/1155/1541 1235/1160/1546 1234/1161/1547
f 1034/1162/1548 1033/1159/1545 1056/1163/1549 1055/1164/1550
f 1035/1156/1542 1034/1162/1548 1067/1165/1551 1066/1166/1552
f 1037/1167/1553 1040/1168/1554 1239/1169/1555 1238/1170/1556
f 1038/1171/1557 1037/1167/1553 1052/1172/1558 1051/1173/1559
f 1039/1174/1560 1038/1171/1557 1071/1175/1561 1070/1176/1562
f 1040/1168/1554 1039/1174/1560 1042/1177/1563 1041/1178/1564
f 1041/1178/1564 1044/1179/1565 1243/1180/1566 1242/1181/1567
f 1043/1182/1568 1042/1177/1563 1075/1183/1569 1074/1184/1570
f 1044/1179/1565 1043/1182/1568 1046/1185/1571 1045/1186/1572
f 1045/1186/1572 1048/1187/1573 1247/1188/1574 1246/1189/1575
f 1047/1190/1576 1046/1185/1571 1079/1191/1577 1078/1192/1578
f 1048/1187/1573 1047/1190/1576 1054/1193/1579 1053/1194/1580
f 1049/1150/1536 1052/1172/1558 1223/1195/1581 1222/1196/1582
f 1051/1173/1559 1050/1149/1535 1083/1197/1583 1082/1198/1584
f 1053/1194/1580 1056/1163/1549 1231/1199/1585 1230/1200/1586
f 1055/1164/1550 1054/1193/1579 1087/1201/1587 1086/1202/1588
f 1057/1203/1589 1060/1204/1590 1091/1205/1591 1090/1206/1592
f 1058/1148/1534 1057/1203/1589 1084/1207/1593 1083/1197/1583
f 1060/1204/1590 1059/1147/1533 1062/1158/1544 1061/1208/1594
f 1061/1208/1594 1064/1209/1595 1095/1210/1596 1094/1211/1597
f 1064/1209/1595 1063/1157/1543 1066/1166/1552 1065/1212/1598
f 1065/1212/1598 1068/1213/1599 1099/1214/1600 1098/1215/1601
f 1068/1213/1599 1067/1165/1551 1086/1202/1588 1085/1216/1602
f 1069/1217/1603 1072/1218/1604 1103/1219/1605 1102/1220/1606
f 1070/1176/1562 1069/1217/1603 1076/1221/1607 1075/1183/1569
f 1072/1218/1604 1071/1175/1561 1082/1198/1584 1081/1222/1608
f 1073/1223/1609 1076/1221/1607 1107/1224/1610 1106/1225/1611
f 1074/1184/1570 1073/1223/1609 1080/1226/1612 1079/1191/1577
f 1077/1227/1613 1080/1226/1612 1111/1228/1614 1110/1229/1615
f 1078/1192/1578 1077/1227/1613 1088/1230/1616 1087/1201/1587
f 1081/1222/1608 1084/1207/1593 1115/1231/1617 1114/1232/1618
f 1085/1216/1602 1088/1230/1616 1119/1233/1619 1118/1234/1620
f 1089/1235/1621 1092/1236/1622 1123/1237/1623 1122/1238/1624
f 1090/1206/1592 1089/1235/1621 1116/1239/1625 1115/1231/1617
f 1092/1236/1622 1091/1205/1591 1094/1211/1597 1093/1240/1626
f 1093/1240/1626 1096/1241/1627 1127/1242/1628 1126/1243/1629
f 1096/1241/1627 1095/1210/1596 1098/1215/1601 1097/1244/1630
f 1097/1244/1630 1100/1245/1631 1131/1246/1632 1130/1247/1633
f 1100/1245/1631 1099/1214/1600 1118/1234/1620 1117/1248/1634
f 1101/1249/1635 1104/1250/1636 1135/1251/1637 1134/1252/1638
f 1102/1220/1606 1101/1249/1635 1108/1253/1639 1107/1224/1610
f 1104/1250/1636 1103/1219/1605 1114/1232/1618 1113/1254/1640
f 1105/1255/1641 1108/1253/1639 1139/1256/1642 1138/1257/1643
f 1106/1225/1611 1105/1255/1641 1112/1258/1644 1111/1228/1614
f 1109/1259/1645 1112/1258/1644 1143/1260/1646 1142/1261/1647
f 1110/1229/1615 1109/1259/1645 1120/1262/1648 1119/1233/1619
f 1113/1254/1640 1116/1239/1625 1147/1263/1649 1146/1264/1650
f 1117/1248/1634 1120/1262/1648 1151/1265/1651 1150/1266/1652
f 1121/1267/1653 1124/1268/1654 1155/1269/1655 1154/1270/1656
f 1122/1238/1624 1121/1267/1653 1148/1271/1657 1147/1263/1649
f 1124/1268/1654 1123/1237/1623 1126/1243/1629 1125/1272/1658
f 1125/1272/1658 1128/1273/1659 1159/1274/1660 1158/1275/1661
f 1128/1273/1659 1127/1242/1628 1130/1247/1633 1129/1276/1662
f 1129/1276/1662 1132/1277/1663 1163/1278/1664 1162/1279/1665
f 1132/1277/1663 1131/1246/1632 1150/1266/1652 1149/1280/1666
f 1133/1281/1667 1136/1282/1668 1167/1283/1669 1166/1284/1670
f 1134/1252/1638 1133/1281/1667 1140/1285/1671 1139/1256/1642
f 1136/1282/1668 1135/1251/1637 1146/1264/1650 1145/1286/1672
f 1137/1287/1673 1140/1285/1671 1171/1288/1674 1170/1289/1675
f 1138/1257/1643 1137/1287/1673 1144/1290/1676 1143/1260/1646
f 1141/1291/1677 1144/1290/1676 1175/1292/1678 1174/1293/1679
f 1142/1261/1647 1141/1291/1677 1152/1294/1680 1151/1265/1651
f 1145/1286/1672 1148/1271/1657 1179/1295/1681 1178/1296/1682
f 1149/1280/1666 1152/1294/1680 1183/1297/1683 1182/1298/1684
f 1153/1299/1685 1156/1300/1686 1187/1301/1687 1186/1302/1688
f 1154/1270/1656 1153/1299/1685 1180/1303/1689 1179/1295/1681
f 1156/1300/1686 1155/1269/1655 1158/1275/1661 1157/1304/1690
f 1157/1304/1690 1160/1305/1691 1191/1306/1692 1190/1307/1693
f 1160/1305/1691 1159/1274/1660 1162/1279/1665 1161/1308/1694
f 1161/1308/1694 1164/1309/1695 1194/1310/1696 1193/1311/1697
f 1164/1309/1695 1163/1278/1664 1182/1298/1684 1181/1312/1698
f 1165/1313/1699 1168/1314/1700 1198/1315/1701 1197/1316/1702
f 1166/1284/1670 1165/1313/1699 1172/1317/1703 1171/1288/1674
f 1168/1314/1700 1167/1283/1669 1178/1296/1682 1177/1318/1704
f 1169/1319/1705 1172/1317/1703 1201/1320/1706 1200/1321/1707
f 1170/1289/1675 1169/1319/1705 1176/1322/1708 1175/1292/1678
f 1173/1323/1709 1176/1322/1708 1205/1324/1710 1204/1325/1711
f 1174/1293/1679 1173/1323/1709 1184/1326/1712 1183/1297/1683
f 1177/1318/1704 1180/1303/1689 1208/1327/1713 1207/1328/1714
f 1181/1312/1698 1184/1326/1712 1212/1329/1715 1211/1330/1716
f 1185/1331/1717 1188/1332/1718 1215/1333/1719 1214/1334/1720
f 1186/1302/1688 1185/1331/1717 1209/1335/1721 1208/1327/1713
f 1188/1332/1718 1187/1301/1687 1190/1307/1693 1189/1336/1722
f 1189/1336/1722 1191/1306/1692 1193/1311/1697 1192/1337/1723
f 1192/1337/1723 1195/1338/1724 1216/1339/1725 1215/1333/1719
f 1195/1338/1724 1194/1310/1696 1211/1330/1716 1210/1340/1726
f 1196/1341/1727 1199/1342/1728 1214/1334/1720 1213/1343/1729
f 1197/1316/1702 1196/1341/1727 1202/1344/1730 1201/1320/1706
f 1199/1342/1728 1198/1315/1701 1207/1328/1714 1209/1335/1721
f 1200/1321/1707 1202/1344/1730 1206/1345/1731 1205/1324/1710
f 1203/1346/1732 1206/1345/1731 1213/1343/1729 1216/1339/1725
f 1204/1325/1711 1203/1346/1732 1210/1340/1726 1212/1329/1715
s 177
f 1217/1347/1733 1220/1348/1734 1251/1349/1735 1250/1350/1736
s 178
f 1218/1142/1737 1217/1347/1738 1228/1351/1739 1227/1152/1740
f 1220/1348/1741 1219/1141/1742 1222/1196/1743 1221/1352/1744
s 179
f 1221/1352/1745 1224/1353/1746 1255/1354/1747 1254/1355/1748
s 178
f 1224/1353/1749 1223/1195/1750 1238/1170/1751 1237/1356/1752
s 180
f 1225/1357/1753 1228/1351/1754 1259/1358/1755 1258/1359/1756
s 178
f 1226/1153/1757 1225/1357/1758 1236/1360/1759 1235/1160/1760
s 181
f 1229/1361/1761 1232/1362/1762 1263/1363/1763 1262/1364/1764
s 178
f 1230/1200/1765 1229/1361/1766 1248/1365/1767 1247/1188/1768
f 1232/1362/1769 1231/1199/1770 1234/1161/1771 1233/1366/1772
s 183
f 1233/1366/1773 1236/1360/1774 1267/1367/1775 1266/1368/1776
s 184
f 1237/1356/1777 1240/1369/1778 1271/1370/1779 1270/1371/1780
s 178
f 1240/1369/1781 1239/1169/1782 1242/1181/1783 1241/1372/1784
s 185
f 1241/1372/1785 1244/1373/1786 1275/1374/1787 1274/1375/1788
s 178
f 1244/1373/1789 1243/1180/1790 1246/1189/1791 1245/1376/1792
s 186
f 1245/1376/1793 1248/1365/1794 1279/1377/1795 1278/1378/1796
s 177
f 1249/1379/1797 1252/1380/1798 1282/1381/1799 1281/1382/1800
s 180
f 1250/1350/1801 1249/1383/1802 1260/1384/1803 1259/1358/1755
s 179
f 1252/1385/1804 1251/1349/1805 1254/1355/1748 1253/1386/1806
f 1253/1387/1806 1256/1388/1807 1287/1389/1808 1286/1390/1809
f 1256/1391/1807 1255/1354/1747 1270/1371/1810 1269/1392/1811
s 180
f 1257/1393/1812 1260/1394/1803 1293/1395/1813 1292/1396/1814
f 1258/1359/1756 1257/1397/1812 1268/1398/1815 1267/1367/1816
s 181
f 1261/1399/1817 1264/1400/1818 1297/1401/1819 1296/1402/1820
f 1262/1364/1764 1261/1403/1817 1280/1404/1821 1279/1377/1822
f 1264/1405/1818 1263/1363/1763 1266/1368/1823 1265/1406/1824
s 183
f 1265/1407/1825 1268/1408/1826 1302/1409/1827 1301/1410/1828
s 184
f 1269/1411/1829 1272/1412/1830 1305/1413/1831 1304/1414/1832
s 185
f 1272/1415/1833 1271/1370/1834 1274/1375/1788 1273/1416/1835
f 1273/1417/1835 1276/1418/1836 1309/1419/1837 1308/1420/1838
f 1276/1421/1836 1275/1374/1787 1278/1378/1839 1277/1422/1840
s 186
f 1277/1423/1841 1280/1424/1842 1312/1425/1843 1311/1426/1844
s 188
f 1281/1427/1845 1283/1428/1846 1294/1429/1847 1293/1430/1848
f 1283/1428/1846 1282/1431/1849 1286/1432/1850 1285/1433/1851
f 1284/1434/1852 1287/1435/1853 1304/1436/1854 1303/1437/1855
s 189
f 1285/1433/1856 1284/1434/1857 1291/1438/1858 1290/1439/1859
f 1288/1440/1860 1291/1438/1858 1307/1441/1861 1306/1442/1862
f 1289/1443/1863 1288/1440/1860 1299/1444/1864 1298/1445/1865
f 1290/1439/1859 1289/1443/1863 1295/1446/1866 1294/1429/1867
s 188
f 1292/1447/1868 1295/1446/1869 1300/1448/1870 1302/1449/1871
f 1296/1450/1872 1299/1444/1873 1310/1451/1874 1312/1452/1875
f 1298/1445/1876 1297/1453/1877 1301/1454/1878 1300/1448/1870
f 1303/1437/1855 1305/1455/1879 1308/1456/1880 1307/1441/1881
f 1306/1442/1882 1309/1457/1883 1311/1458/1884 1310/1451/1874
s 189
f 1283/1428/1885 1285/1433/1856 1290/1439/1859 1294/1429/1867
f 1295/1446/1866 1289/1443/1863 1298/1445/1865 1300/1448/1886
f 1284/1434/1857 1303/1437/1887 1307/1441/1861 1291/1438/1858
f 1288/1440/1860 1306/1442/1862 1310/1451/1888 1299/1444/1864
s 175
f 1031/1145/1531 1062/1158/1544 1059/1147/1533 1026/1143/1529
f 1035/1156/1542 1066/1166/1552 1063/1157/1543 1030/1154/1540
f 1039/1174/1560 1070/1176/1562 1075/1183/1569 1042/1177/1563
f 1043/1182/1568 1074/1184/1570 1079/1191/1577 1046/1185/1571
f 1027/1146/1532 1058/1148/1534 1083/1197/1583 1050/1149/1535
f 1055/1164/1550 1086/1202/1588 1067/1165/1551 1034/1162/1548
f 1051/1173/1559 1082/1198/1584 1071/1175/1561 1038/1171/1557
f 1047/1190/1576 1078/1192/1578 1087/1201/1587 1054/1193/1579
f 1061/1208/1594 1094/1211/1597 1091/1205/1591 1060/1204/1590
f 1065/1212/1598 1098/1215/1601 1095/1210/1596 1064/1209/1595
f 1069/1217/1603 1102/1220/1606 1107/1224/1610 1076/1221/1607
f 1073/1223/1609 1106/1225/1611 1111/1228/1614 1080/1226/1612
f 1057/1203/1589 1090/1206/1592 1115/1231/1617 1084/1207/1593
f 1085/1216/1602 1118/1234/1620 1099/1214/1600 1068/1213/1599
f 1081/1222/1608 1114/1232/1618 1103/1219/1605 1072/1218/1604
f 1077/1227/1613 1110/1229/1615 1119/1233/1619 1088/1230/1616
f 1093/1240/1626 1126/1243/1629 1123/1237/1623 1092/1236/1622
f 1097/1244/1630 1130/1247/1633 1127/1242/1628 1096/1241/1627
f 1101/1249/1635 1134/1252/1638 1139/1256/1642 1108/1253/1639
f 1105/1255/1641 1138/1257/1643 1143/1260/1646 1112/1258/1644
f 1089/1235/1621 1122/1238/1624 1147/1263/1649 1116/1239/1625
f 1117/1248/1634 1150/1266/1652 1131/1246/1632 1100/1245/1631
f 1113/1254/1640 1146/1264/1650 1135/1251/1637 1104/1250/1636
f 1109/1259/1645 1142/1261/1647 1151/1265/1651 1120/1262/1648
f 1125/1272/1658 1158/1275/1661 1155/1269/1655 1124/1268/1654
f 1129/1276/1662 1162/1279/1665 1159/1274/1660 1128/1273/1659
f 1133/1281/1667 1166/1284/1670 1171/1288/1674 1140/1285/1671
f 1137/1287/1673 1170/1289/1675 1175/1292/1678 1144/1290/1676
f 1121/1267/1653 1154/1270/1656 1179/1295/1681 1148/1271/1657
f 1149/1280/1666 1182/1298/1684 1163/1278/1664 1132/1277/1663
f 1145/1286/1672 1178/1296/1682 1167/1283/1669 1136/1282/1668
f 1141/1291/1677 1174/1293/1679 1183/1297/1683 1152/1294/1680
f 1157/1304/1690 1190/1307/1693 1187/1301/1687 1156/1300/1686
f 1161/1308/1694 1193/1311/1697 1191/1306/1692 1160/1305/1691
f 1165/1313/1699 1197/1316/1702 1201/1320/1706 1172/1317/1703
f 1169/1319/1705 1200/1321/1707 1205/1324/1710 1176/1322/1708
f 1153/1299/1685 1186/1302/1688 1208/1327/1713 1180/1303/1689
f 1181/1312/1698 1211/1330/1716 1194/1310/1696 1164/1309/1695
f 1177/1318/1704 1207/1328/1714 1198/1315/1701 1168/1314/1700
f 1173/1323/1709 1204/1325/1711 1212/1329/1715 1184/1326/1712
f 1195/1338/1724 1210/1340/1726 1203/1346/1732 1216/1339/1725
f 1189/1336/1722 1192/1337/1723 1215/1333/1719 1188/1332/1718
f 1214/1334/1720 1199/1342/1728 1209/1335/1721 1185/1331/1717
f 1206/1345/1731 1202/1344/1730 1196/1341/1727 1213/1343/1729
f 1028/1140/1526 1049/1150/1536 1222/1196/1582 1219/1141/1527
f 1032/1144/1530 1025/1139/1525 1218/1142/1528 1227/1152/1538
f 1056/1163/1549 1033/1159/1545 1234/1161/1547 1231/1199/1585
f 1036/1155/1541 1029/1151/1537 1226/1153/1539 1235/1160/1546
f 1052/1172/1558 1037/1167/1553 1238/1170/1556 1223/1195/1581
f 1040/1168/1554 1041/1178/1564 1242/1181/1567 1239/1169/1555
f 1044/1179/1565 1045/1186/1572 1246/1189/1575 1243/1180/1566
f 1048/1187/1573 1053/1194/1580 1230/1200/1586 1247/1188/1574
s 179
f 1220/1348/1889 1221/1352/1745 1254/1355/1748 1251/1349/1805
s 180
f 1228/1351/1754 1217/1347/1890 1250/1350/1801 1259/1358/1755
s 181
f 1232/1362/1762 1233/1366/1891 1266/1368/1823 1263/1363/1763
s 180
f 1236/1360/1892 1225/1357/1753 1258/1359/1756 1267/1367/1816
s 179
f 1224/1353/1746 1237/1356/1893 1270/1371/1810 1255/1354/1747
s 185
f 1240/1369/1894 1241/1372/1785 1274/1375/1788 1271/1370/1834
f 1244/1373/1786 1245/1376/1895 1278/1378/1839 1275/1374/1787
s 181
f 1248/1365/1896 1229/1361/1761 1262/1364/1764 1279/1377/1822
s 179
f 1252/1380/1804 1253/1387/1806 1286/1390/1809 1282/1381/1897
s 180
f 1260/1394/1803 1249/1379/1802 1281/1382/1898 1293/1395/1813
s 181
f 1264/1400/1818 1265/1407/1824 1301/1410/1899 1297/1401/1819
s 180
f 1268/1408/1815 1257/1393/1812 1292/1396/1814 1302/1409/1900
s 179
f 1256/1388/1807 1269/1411/1811 1304/1414/1901 1287/1389/1808
s 185
f 1272/1412/1833 1273/1417/1835 1308/1420/1838 1305/1413/1902
f 1276/1418/1836 1277/1423/1840 1311/1426/1903 1309/1419/1837
s 181
f 1280/1424/1821 1261/1399/1817 1296/1402/1820 1312/1425/1904
s 175
f 1025/1139/1525 1026/1143/1529 1027/1146/1532 1028/1140/1526
f 1029/1151/1537 1030/1154/1540 1031/1145/1531 1032/1144/1530
f 1033/1159/1545 1034/1162/1548 1035/1156/1542 1036/1155/1541
f 1037/1167/1553 1038/1171/1557 1039/1174/1560 1040/1168/1554
f 1041/1178/1564 1042/1177/1563 1043/1182/1568 1044/1179/1565
f 1045/1186/1572 1046/1185/1571 1047/1190/1576 1048/1187/1573
f 1049/1150/1536 1050/1149/1535 1051/1173/1559 1052/1172/1558
f 1053/1194/1580 1054/1193/1579 1055/1164/1550 1056/1163/1549
f 1057/1203/1589 1058/1148/1534 1059/1147/1533 1060/1204/1590
f 1061/1208/1594 1062/1158/1544 1063/1157/1543 1064/1209/1595
f 1065/1212/1598 1066/1166/1552 1067/1165/1551 1068/1213/1599
f 1069/1217/1603 1070/1176/1562 1071/1175/1561 1072/1218/1604
f 1073/1223/1609 1074/1184/1570 1075/1183/1569 1076/1221/1607
f 1077/1227/1613 1078/1192/1578 1079/1191/1577 1080/1226/1612
f 1081/1222/1608 1082/1198/1584 1083/1197/1583 1084/1207/1593
f 1085/1216/1602 1086/1202/1588 1087/1201/1587 1088/1230/1616
f 1089/1235/1621 1090/1206/1592 1091/1205/1591 1092/1236/1622
f 1093/1240/1626 1094/1211/1597 1095/1210/1596 1096/1241/1627
f 1097/1244/1630 1098/1215/1601 1099/1214/1600 1100/1245/1631
f 1101/1249/1635 1102/1220/1606 1103/1219/1605 1104/1250/1636
f 1105/1255/1641 1106/1225/1611 1107/1224/1610 1108/1253/1639
f 1109/1259/1645 1110/1229/1615 1111/1228/1614 1112/1258/1644
f 1113/1254/1640 1114/1232/1618 1115/1231/1617 1116/1239/1625
f 1117/1248/1634 1118/1234/1620 1119/1233/1619 1120/1262/1648
f 1121/1267/1653 1122/1238/1624 1123/1237/1623 1124/1268/1654
f 1125/1272/1658 1126/1243/1629 1127/1242/1628 1128/1273/1659
f 1129/1276/1662 1130/1247/1633 1131/1246/1632 1132/1277/1663
f 1133/1281/1667 1134/1252/1638 1135/1251/1637 1136/1282/1668
f 1137/1287/1673 1138/1257/1643 1139/1256/1642 1140/1285/1671
f 1141/1291/1677 1142/1261/1647 1143/1260/1646 1144/1290/1676
f 1145/1286/1672 1146/1264/1650 1147/1263/1649 1148/1271/1657
f 1149/1280/1666 1150/1266/1652 1151/1265/1651 1152/1294/1680
f 1153/1299/1685 1154/1270/1656 1155/1269/1655 1156/1300/1686
f 1157/1304/1690 1158/1275/1661 1159/1274/1660 1160/1305/1691
f 1161/1308/1694 1162/1279/1665 1163/1278/1664 1164/1309/1695
f 1165/1313/1699 1166/1284/1670 1167/1283/1669 1168/1314/1700
f 1169/1319/1705 1170/1289/1675 1171/1288/1674 1172/1317/1703
f 1173/1323/1709 1174/1293/1679 1175/1292/1678 1176/1322/1708
f 1177/1318/1704 1178/1296/1682 1179/1295/1681 1180/1303/1689
f 1181/1312/1698 1182/1298/1684 1183/1297/1683 1184/1326/1712
f 1185/1331/1717 1186/1302/1688 1187/1301/1687 1188/1332/1718
f 1189/1336/1722 1190/1307/1693 1191/1306/1692
f 1192/1337/1723 1193/1311/1697 1194/1310/1696 1195/1338/1724
f 1196/1341/1727 1197/1316/1702 1198/1315/1701 1199/1342/1728
f 1200/1321/1707 1201/1320/1706 1202/1344/1730
f 1203/1346/1732 1204/1325/1711 1205/1324/1710 1206/1345/1731
f 1207/1328/1714 1208/1327/1713 1209/1335/1721
f 1210/1340/1726 1211/1330/1716 1212/1329/1715
f 1213/1343/1729 1214/1334/1720 1215/1333/1719 1216/1339/1725
s 178
f 1217/1347/1738 1218/1142/1737 1219/1141/1742 1220/1348/1741
f 1221/1352/1744 1222/1196/1743 1223/1195/1750 1224/1353/1749
f 1225/1357/1758 1226/1153/1757 1227/1152/1740 1228/1351/1739
f 1229/1361/1766 1230/1200/1765 1231/1199/1770 1232/1362/1769
f 1233/1366/1772 1234/1161/1771 1235/1160/1760 1236/1360/1759
f 1237/1356/1752 1238/1170/1751 1239/1169/1782 1240/1369/1781
f 1241/1372/1784 1242/1181/1783 1243/1180/1790 1244/1373/1789
f 1245/1376/1792 1246/1189/1791 1247/1188/1768 1248/1365/1767
s 177
f 1249/1383/1797 1250/1350/1736 1251/1349/1735 1252/1385/1798
s 179
f 1253/1386/1806 1254/1355/1748 1255/1354/1747 1256/1391/1807
s 180
f 1257/1397/1812 1258/1359/1756 1259/1358/1755 1260/1384/1803
s 181
f 1261/1403/1817 1262/1364/1764 1263/1363/1763 1264/1405/1818
s 183
f 1265/1406/1825 1266/1368/1776 1267/1367/1775 1268/1398/1826
s 184
f 1269/1392/1829 1270/1371/1780 1271/1370/1779 1272/1415/1830
s 185
f 1273/1416/1835 1274/1375/1788 1275/1374/1787 1276/1421/1836
s 186
f 1277/1422/1841 1278/1378/1796 1279/1377/1795 1280/1404/1842
s 188
f 1281/1427/1845 1282/1431/1849 1283/1428/1846
f 1284/1434/1852 1285/1433/1851 1286/1432/1850 1287/1435/1853
s 189
f 1288/1440/1860 1289/1443/1863 1290/1439/1859 1291/1438/1858
s 188
f 1292/1447/1868 1293/1430/1848 1294/1429/1847 1295/1446/1869
f 1296/1450/1872 1297/1453/1877 1298/1445/1876 1299/1444/1873
f 1300/1448/1870 1301/1454/1878 1302/1449/1871
f 1303/1437/1855 1304/1436/1854 1305/1455/1879
f 1306/1442/1882 1307/1441/1881 1308/1456/1880 1309/1457/1883
f 1310/1451/1874 1311/1458/1884 1312/1452/1875
s 191
f 1313/1459/1905 1316/1460/1906 1507/1461/1907 1506/1462/1908
f 1314/1463/1909 1313/1459/1905 1320/1464/1910 1319/1465/1911
f 1315/1466/1912 1314/1463/1909 1347/1467/1913 1346/1468/1914
f 1316/1460/1906 1315/1466/1912 1338/1469/1915 1337/1470/1916
f 1317/1471/1917 1320/1464/1910 1515/1472/1918 1514/1473/1919
f 1318/1474/1920 1317/1471/1917 1324/1475/1921 1323/1476/1922
f 1319/1465/1911 1318/1474/1920 1351/1477/1923 1350/1478/1924
f 1321/1479/1925 1324/1475/1921 1523/1480/1926 1522/1481/1927
f 1322/1482/1928 1321/1479/1925 1344/1483/1929 1343/1484/1930
f 1323/1476/1922 1322/1482/1928 1355/1485/1931 1354/1486/1932
f 1325/1487/1933 1328/1488/1934 1527/1489/1935 1526/1490/1936
f 1326/1491/1937 1325/1487/1933 1340/1492/1938 1339/1493/1939
f 1327/1494/1940 1326/1491/1937 1359/1495/1941 1358/1496/1942
f 1328/1488/1934 1327/1494/1940 1330/1497/1943 1329/1498/1944
f 1329/1498/1944 1332/1499/1945 1531/1500/1946 1530/1501/1947
f 1331/1502/1948 1330/1497/1943 1363/1503/1949 1362/1504/1950
f 1332/1499/1945 1331/1502/1948 1334/1505/1951 1333/1506/1952
f 1333/1506/1952 1336/1507/1953 1535/1508/1954 1534/1509/1955
f 1335/1510/1956 1334/1505/1951 1367/1511/1957 1366/1512/1958
f 1336/1507/1953 1335/1510/1956 1342/1513/1959 1341/1514/1960
f 1337/1470/1916 1340/1492/1938 1511/1515/1961 1510/1516/1962
f 1339/1493/1939 1338/1469/1915 1371/1517/1963 1370/1518/1964
f 1341/1514/1960 1344/1483/1929 1519/1519/1965 1518/1520/1966
f 1343/1484/1930 1342/1513/1959 1375/1521/1967 1374/1522/1968
f 1345/1523/1969 1348/1524/1970 1379/1525/1971 1378/1526/1972
f 1346/1468/1914 1345/1523/1969 1372/1527/1973 1371/1517/1963
f 1348/1524/1970 1347/1467/1913 1350/1478/1924 1349/1528/1974
f 1349/1528/1974 1352/1529/1975 1383/1530/1976 1382/1531/1977
f 1352/1529/1975 1351/1477/1923 1354/1486/1932 1353/1532/1978
f 1353/1532/1978 1356/1533/1979 1387/1534/1980 1386/1535/1981
f 1356/1533/1979 1355/1485/1931 1374/1522/1968 1373/1536/1982
f 1357/1537/1983 1360/1538/1984 1391/1539/1985 1390/1540/1986
f 1358/1496/1942 1357/1537/1983 1364/1541/1987 1363/1503/1949
f 1360/1538/1984 1359/1495/1941 1370/1518/1964 1369/1542/1988
f 1361/1543/1989 1364/1541/1987 1395/1544/1990 1394/1545/1991
f 1362/1504/1950 1361/1543/1989 1368/1546/1992 1367/1511/1957
f 1365/1547/1993 1368/1546/1992 1399/1548/1994 1398/1549/1995
f 1366/1512/1958 1365/1547/1993 1376/1550/1996 1375/1521/1967
f 1369/1542/1988 1372/1527/1973 1403/1551/1997 1402/1552/1998
f 1373/1536/1982 1376/1550/1996 1407/1553/1999 1406/1554/2000
f 1377/1555/2001 1380/1556/2002 1411/1557/2003 1410/1558/2004
f 1378/1526/1972 1377/1555/2001 1404/1559/2005 1403/1551/1997
f 1380/1556/2002 1379/1525/1971 1382/1531/1977 1381/1560/2006
f 1381/1560/2006 1384/1561/2007 1415/1562/2008 1414/1563/2009
f 1384/1561/2007 1383/1530/1976 1386/1535/1981 1385/1564/2010
f 1385/1564/2010 1388/1565/2011 1419/1566/2012 1418/1567/2013
f 1388/1565/2011 1387/1534/1980 1406/1554/2000 1405/1568/2014
f 1389/1569/2015 1392/1570/2016 1423/1571/2017 1422/1572/2018
f 1390/1540/1986 1389/1569/2015 1396/1573/2019 1395/1544/1990
f 1392/1570/2016 1391/1539/1985 1402/1552/1998 1401/1574/2020
f 1393/1575/2021 1396/1573/2019 1427/1576/2022 1426/1577/2023
f 1394/1545/1991 1393/1575/2021 1400/1578/2024 1399/1548/1994
f 1397/1579/2025 1400/1578/2024 1431/1580/2026 1430/1581/2027
f 1398/1549/1995 1397/1579/2025 1408/1582/2028 1407/1553/1999
f 1401/1574/2020 1404/1559/2005 1435/1583/2029 1434/1584/2030
f 1405/1568/2014 1408/1582/2028 1439/1585/2031 1438/1586/2032
f 1409/1587/2033 1412/1588/2034 1443/1589/2035 1442/1590/2036
f 1410/1558/2004 1409/1587/2033 1436/1591/2037 1435/1583/2029
f 1412/1588/2034 1411/1557/2003 1414/1563/2009 1413/1592/2038
f 1413/1592/2038 1416/1593/2039 1447/1594/2040 1446/1595/2041
f 1416/1593/2039 1415/1562/2008 1418/1567/2013 1417/1596/2042
f 1417/1596/2042 1420/1597/2043 1451/1598/2044 1450/1599/2045
f 1420/1597/2043 1419/1566/2012 1438/1586/2032 1437/1600/2046
f 1421/1601/2047 1424/1602/2048 1455/1603/2049 1454/1604/2050
f 1422/1572/2018 1421/1601/2047 1428/1605/2051 1427/1576/2022
f 1424/1602/2048 1423/1571/2017 1434/1584/2030 1433/1606/2052
f 1425/1607/2053 1428/1605/2051 1459/1608/2054 1458/1609/2055
f 1426/1577/2023 1425/1607/2053 1432/1610/2056 1431/1580/2026
f 1429/1611/2057 1432/1610/2056 1463/1612/2058 1462/1613/2059
f 1430/1581/2027 1429/1611/2057 1440/1614/2060 1439/1585/2031
f 1433/1606/2052 1436/1591/2037 1467/1615/2061 1466/1616/2062
f 1437/1600/2046 1440/1614/2060 1471/1617/2063 1470/1618/2064
f 1441/1619/2065 1444/1620/2066 1475/1621/2067 1474/1622/2068
f 1442/1590/2036 1441/1619/2065 1468/1623/2069 1467/1615/2061
f 1444/1620/2066 1443/1589/2035 1446/1595/2041 1445/1624/2070
f 1445/1624/2070 1448/1625/2071 1479/1626/2072 1478/1627/2073
f 1448/1625/2071 1447/1594/2040 1450/1599/2045 1449/1628/2074
f 1449/1628/2074 1452/1629/2075 1482/1630/2076 1481/1631/2077
f 1452/1629/2075 1451/1598/2044 1470/1618/2064 1469/1632/2078
f 1453/1633/2079 1456/1634/2080 1486/1635/2081 1485/1636/2082
f 1454/1604/2050 1453/1633/2079 1460/1637/2083 1459/1608/2054
f 1456/1634/2080 1455/1603/2049 1466/1616/2062 1465/1638/2084
f 1457/1639/2085 1460/1637/2083 1489/1640/2086 1488/1641/2087
f 1458/1609/2055 1457/1639/2085 1464/1642/2088 1463/1612/2058
f 1461/1643/2089 1464/1642/2088 1493/1644/2090 1492/1645/2091
f 1462/1613/2059 1461/1643/2089 1472/1646/2092 1471/1617/2063
f 1465/1638/2084 1468/1623/2069 1496/1647/2093 1495/1648/2094
f 1469/1632/2078 1472/1646/2092 1500/1649/2095 1499/1650/2096
f 1473/1651/2097 1476/1652/2098 1503/1653/2099 1502/1654/2100
f 1474/1622/2068 1473/1651/2097 1497/1655/2101 1496/1647/2093
f 1476/1652/2098 1475/1621/2067 1478/1627/2073 1477/1656/2102
f 1477/1656/2102 1479/1626/2072 1481/1631/2077 1480/1657/2103
f 1480/1657/2103 1483/1658/2104 1504/1659/2105 1503/1653/2099
f 1483/1658/2104 1482/1630/2076 1499/1650/2096 1498/1660/2106
f 1484/1661/2107 1487/1662/2108 1502/1654/2100 1501/1663/2109
f 1485/1636/2082 1484/1661/2107 1490/1664/2110 1489/1640/2086
f 1487/1662/2108 1486/1635/2081 1495/1648/2094 1497/1655/2101
f 1488/1641/2087 1490/1664/2110 1494/1665/2111 1493/1644/2090
f 1491/1666/2112 1494/1665/2111 1501/1663/2109 1504/1659/2105
f 1492/1645/2091 1491/1666/2112 1498/1660/2106 1500/1649/2095
s 193
f 1505/1667/2113 1508/1668/2114 1539/1669/2115 1538/1670/2116
s 194
f 1506/1462/2117 1505/1667/2118 1516/1671/2119 1515/1472/2120
f 1508/1668/2121 1507/1461/2122 1510/1516/2123 1509/1672/2124
s 195
f 1509/1672/2125 1512/1673/2126 1543/1674/2127 1542/1675/2128
s 194
f 1512/1673/2129 1511/1515/2130 1526/1490/2131 1525/1676/2132
s 196
f 1513/1677/2133 1516/1671/2134 1547/1678/2135 1546/1679/2136
s 194
f 1514/1473/2137 1513/1677/2138 1524/1680/2139 1523/1480/2140
s 197
f 1517/1681/2141 1520/1682/2142 1551/1683/2143 1550/1684/2144
s 194
f 1518/1520/2145 1517/1681/2146 1536/1685/2147 1535/1508/2148
f 1520/1682/2149 1519/1519/2150 1522/1481/2151 1521/1686/2152
s 199
f 1521/1686/2153 1524/1680/2154 1555/1687/2155 1554/1688/2156
s 200
f 1525/1676/2157 1528/1689/2158 1559/1690/2159 1558/1691/2160
s 194
f 1528/1689/2161 1527/1489/2162 1530/1501/2163 1529/1692/2164
s 201
f 1529/1692/2165 1532/1693/2166 1563/1694/2167 1562/1695/2168
s 194
f 1532/1693/2169 1531/1500/2170 1534/1509/2171 1533/1696/2172
s 202
f 1533/1696/2173 1536/1685/2174 1567/1697/2175 1566/1698/2176
s 193
f 1537/1699/2177 1540/1700/2178 1570/1701/2179 1569/1702/2180
s 196
f 1538/1670/2181 1537/1703/2182 1548/1704/2183 1547/1678/2135
s 195
f 1540/1705/2184 1539/1669/2185 1542/1675/2128 1541/1706/2186
f 1541/1707/2186 1544/1708/2187 1575/1709/2188 1574/1710/2189
f 1544/1711/2187 1543/1674/2127 1558/1691/2190 1557/1712/2191
s 196
f 1545/1713/2192 1548/1714/2183 1581/1715/2193 1580/1716/2194
f 1546/1679/2136 1545/1717/2192 1556/1718/2195 1555/1687/2196
s 197
f 1549/1719/2197 1552/1720/2198 1585/1721/2199 1584/1722/2200
f 1550/1684/2144 1549/1723/2197 1568/1724/2201 1567/1697/2202
f 1552/1725/2198 1551/1683/2143 1554/1688/2203 1553/1726/2204
s 199
f 1553/1727/2205 1556/1728/2206 1590/1729/2207 1589/1730/2208
s 200
f 1557/1731/2209 1560/1732/2210 1593/1733/2211 1592/1734/2212
s 201
f 1560/1735/2213 1559/1690/2214 1562/1695/2168 1561/1736/2215
f 1561/1737/2215 1564/1738/2216 1597/1739/2217 1596/1740/2218
f 1564/1741/2216 1563/1694/2167 1566/1698/2219 1565/1742/2220
s 202
f 1565/1743/2221 1568/1744/2222 1600/1745/2223 1599/1746/2224
s 204
f 1569/1747/2225 1571/1748/2226 1582/1749/2227 1581/1750/2228
f 1571/1748/2226 1570/1751/2229 1574/1752/2230 1573/1753/2231
f 1572/1754/2232 1575/1755/2233 1592/1756/2234 1591/1757/2235
s 205
f 1573/1753/2236 1572/1754/2237 1579/1758/2238 1578/1759/2239
f 1576/1760/2240 1579/1758/2238 1595/1761/2241 1594/1762/2242
f 1577/1763/2243 1576/1760/2240 1587/1764/2244 1586/1765/2245
f 1578/1759/2239 1577/1763/2243 1583/1766/2246 1582/1749/2247
s 204
f 1580/1767/2248 1583/1766/2249 1588/1768/2250 1590/1769/2251
f 1584/1770/2252 1587/1764/2253 1598/1771/2254 1600/1772/2255
f 1586/1765/2256 1585/1773/2257 1589/1774/2258 1588/1768/2250
f 1591/1757/2235 1593/1775/2259 1596/1776/2260 1595/1761/2261
f 1594/1762/2262 1597/1777/2263 1599/1778/2264 1598/1771/2254
s 205
f 1571/1748/2265 1573/1753/2236 1578/1759/2239 1582/1749/2247
f 1583/1766/2246 1577/1763/2243 1586/1765/2245 1588/1768/2266
f 1572/1754/2237 1591/1757/2267 1595/1761/2241 1579/1758/2238
f 1576/1760/2240 1594/1762/2242 1598/1771/2268 1587/1764/2244
s 191
f 1319/1465/1911 1350/1478/1924 1347/1467/1913 1314/1463/1909
f 1323/1476/1922 1354/1486/1932 1351/1477/1923 1318/1474/1920
f 1327/1494/1940 1358/1496/1942 1363/1503/1949 1330/1497/1943
f 1331/1502/1948 1362/1504/1950 1367/1511/1957 1334/1505/1951
f 1315/1466/1912 1346/1468/1914 1371/1517/1963 1338/1469/1915
f 1343/1484/1930 1374/1522/1968 1355/1485/1931 1322/1482/1928
f 1339/1493/1939 1370/1518/1964 1359/1495/1941 1326/1491/1937
f 1335/1510/1956 1366/1512/1958 1375/1521/1967 1342/1513/1959
f 1349/1528/1974 1382/1531/1977 1379/1525/1971 1348/1524/1970
f 1353/1532/1978 1386/1535/1981 1383/1530/1976 1352/1529/1975
f 1357/1537/1983 1390/1540/1986 1395/1544/1990 1364/1541/1987
f 1361/1543/1989 1394/1545/1991 1399/1548/1994 1368/1546/1992
f 1345/1523/1969 1378/1526/1972 1403/1551/1997 1372/1527/1973
f 1373/1536/1982 1406/1554/2000 1387/1534/1980 1356/1533/1979
f 1369/1542/1988 1402/1552/1998 1391/1539/1985 1360/1538/1984
f 1365/1547/1993 1398/1549/1995 1407/1553/1999 1376/1550/1996
f 1381/1560/2006 1414/1563/2009 1411/1557/2003 1380/1556/2002
f 1385/1564/2010 1418/1567/2013 1415/1562/2008 1384/1561/2007
f 1389/1569/2015 1422/1572/2018 1427/1576/2022 1396/1573/2019
f 1393/1575/2021 1426/1577/2023 1431/1580/2026 1400/1578/2024
f 1377/1555/2001 1410/1558/2004 1435/1583/2029 1404/1559/2005
f 1405/1568/2014 1438/1586/2032 1419/1566/2012 1388/1565/2011
f 1401/1574/2020 1434/1584/2030 1423/1571/2017 1392/1570/2016
f 1397/1579/2025 1430/1581/2027 1439/1585/2031 1408/1582/2028
f 1413/1592/2038 1446/1595/2041 1443/1589/2035 1412/1588/2034
f 1417/1596/2042 1450/1599/2045 1447/1594/2040 1416/1593/2039
f 1421/1601/2047 1454/1604/2050 1459/1608/2054 1428/1605/2051
f 1425/1607/2053 1458/1609/2055 1463/1612/2058 1432/1610/2056
f 1409/1587/2033 1442/1590/2036 1467/1615/2061 1436/1591/2037
f 1437/1600/2046 1470/1618/2064 1451/1598/2044 1420/1597/2043
f 1433/1606/2052 1466/1616/2062 1455/1603/2049 1424/1602/2048
f 1429/1611/2057 1462/1613/2059 1471/1617/2063 1440/1614/2060
f 1445/1624/2070 1478/1627/2073 1475/1621/2067 1444/1620/2066
f 1449/1628/2074 1481/1631/2077 1479/1626/2072 1448/1625/2071
f 1453/1633/2079 1485/1636/2082 1489/1640/2086 1460/1637/2083
f 1457/1639/2085 1488/1641/2087 1493/1644/2090 1464/1642/2088
f 1441/1619/2065 1474/1622/2068 1496/1647/2093 1468/1623/2069
f 1469/1632/2078 1499/1650/2096 1482/1630/2076 1452/1629/2075
f 1465/1638/2084 1495/1648/2094 1486/1635/2081 1456/1634/2080
f 1461/1643/2089 1492/1645/2091 1500/1649/2095 1472/1646/2092
f 1483/1658/2104 1498/1660/2106 1491/1666/2112 1504/1659/2105
f 1477/1656/2102 1480/1657/2103 1503/1653/2099 1476/1652/2098
f 1502/1654/2100 1487/1662/2108 1497/1655/2101 1473/1651/2097
f 1494/1665/2111 1490/1664/2110 1484/1661/2107 1501/1663/2109
f 1316/1460/1906 1337/1470/1916 1510/1516/1962 1507/1461/1907
f 1320/1464/1910 1313/1459/1905 1506/1462/1908 1515/1472/1918
f 1344/1483/1929 1321/1479/1925 1522/1481/1927 1519/1519/1965
f 1324/1475/1921 1317/1471/1917 1514/1473/1919 1523/1480/1926
f 1340/1492/1938 1325/1487/1933 1526/1490/1936 1511/1515/1961
f 1328/1488/1934 1329/1498/1944 1530/1501/1947 1527/1489/1935
f 1332/1499/1945 1333/1506/1952 1534/1509/1955 1531/1500/1946
f 1336/1507/1953 1341/1514/1960 1518/1520/1966 1535/1508/1954
s 195
f 1508/1668/2269 1509/1672/2125 1542/1675/2128 1539/1669/2185
s 196
f 1516/1671/2134 1505/1667/2270 1538/1670/2181 1547/1678/2135
s 197
f 1520/1682/2142 1521/1686/2271 1554/1688/2203 1551/1683/2143
s 196
f 1524/1680/2272 1513/1677/2133 1546/1679/2136 1555/1687/2196
s 195
f 1512/1673/2126 1525/1676/2273 1558/1691/2190 1543/1674/2127
s 201
f 1528/1689/2274 1529/1692/2165 1562/1695/2168 1559/1690/2214
f 1532/1693/2166 1533/1696/2275 1566/1698/2219 1563/1694/2167
s 197
f 1536/1685/2276 1517/1681/2141 1550/1684/2144 1567/1697/2202
s 195
f 1540/1700/2184 1541/1707/2186 1574/1710/2189 1570/1701/2277
s 196
f 1548/1714/2183 1537/1699/2182 1569/1702/2278 1581/1715/2193
s 197
f 1552/1720/2198 1553/1727/2204 1589/1730/2279 1585/1721/2199
s 196
f 1556/1728/2195 1545/1713/2192 1580/1716/2194 1590/1729/2280
s 195
f 1544/1708/2187 1557/1731/2191 1592/1734/2281 1575/1709/2188
s 201
f 1560/1732/2213 1561/1737/2215 1596/1740/2218 1593/1733/2282
f 1564/1738/2216 1565/1743/2220 1599/1746/2283 1597/1739/2217
s 197
f 1568/1744/2201 1549/1719/2197 1584/1722/2200 1600/1745/2284
s 191
f 1313/1459/1905 1314/1463/1909 1315/1466/1912 1316/1460/1906
f 1317/1471/1917 1318/1474/1920 1319/1465/1911 1320/1464/1910
f 1321/1479/1925 1322/1482/1928 1323/1476/1922 1324/1475/1921
f 1325/1487/1933 1326/1491/1937 1327/1494/1940 1328/1488/1934
f 1329/1498/1944 1330/1497/1943 1331/1502/1948 1332/1499/1945
f 1333/1506/1952 1334/1505/1951 1335/1510/1956 1336/1507/1953
f 1337/1470/1916 1338/1469/1915 1339/1493/1939 1340/1492/1938
f 1341/1514/1960 1342/1513/1959 1343/1484/1930 1344/1483/1929
f 1345/1523/1969 1346/1468/1914 1347/1467/1913 1348/1524/1970
f 1349/1528/1974 1350/1478/1924 1351/1477/1923 1352/1529/1975
f 1353/1532/1978 1354/1486/1932 1355/1485/1931 1356/1533/1979
f 1357/1537/1983 1358/1496/1942 1359/1495/1941 1360/1538/1984
f 1361/1543/1989 1362/1504/1950 1363/1503/1949 1364/1541/1987
f 1365/1547/1993 1366/1512/1958 1367/1511/1957 1368/1546/1992
f 1369/1542/1988 1370/1518/1964 1371/1517/1963 1372/1527/1973
f 1373/1536/1982 1374/1522/1968 1375/1521/1967 1376/1550/1996
f 1377/1555/2001 1378/1526/1972 1379/1525/1971 1380/1556/2002
f 1381/1560/2006 1382/1531/1977 1383/1530/1976 1384/1561/2007
f 1385/1564/2010 1386/1535/1981 1387/1534/1980 1388/1565/2011
f 1389/1569/2015 1390/1540/1986 1391/1539/1985 1392/1570/2016
f 1393/1575/2021 1394/1545/1991 1395/1544/1990 1396/1573/2019
f 1397/1579/2025 1398/1549/1995 1399/1548/1994 1400/1578/2024
f 1401/1574/2020 1402/1552/1998 1403/1551/1997 1404/1559/2005
f 1405/1568/2014 1406/1554/2000 1407/1553/1999 1408/1582/2028
f 1409/1587/2033 1410/1558/2004 1411/1557/2003 1412/1588/2034
f 1413/1592/2038 1414/1563/2009 1415/1562/2008 1416/1593/2039
f 1417/1596/2042 1418/1567/2013 1419/1566/2012 1420/1597/2043
f 1421/1601/2047 1422/1572/2018 1423/1571/2017 1424/1602/2048
f 1425/1607/2053 1426/1577/2023 1427/1576/2022 1428/1605/2051
f 1429/1611/2057 1430/1581/2027 1431/1580/2026 1432/1610/2056
f 1433/1606/2052 1434/1584/2030 1435/1583/2029 1436/1591/2037
f 1437/1600/2046 1438/1586/2032 1439/1585/2031 1440/1614/2060
f 1441/1619/2065 1442/1590/2036 1443/1589/2035 1444/1620/2066
f 1445/1624/2070 1446/1595/2041 1447/1594/2040 1448/1625/2071
f 1449/1628/2074 1450/1599/2045 1451/1598/2044 1452/1629/2075
f 1453/1633/2079 1454/1604/2050 1455/1603/2049 1456/1634/2080
f 1457/1639/2085 1458/1609/2055 1459/1608/2054 1460/1637/2083
f 1461/1643/2089 1462/1613/2059 1463/1612/2058 1464/1642/2088
f 1465/1638/2084 1466/1616/2062 1467/1615/2061 1468/1623/2069
f 1469/1632/2078 1470/1618/2064 1471/1617/2063 1472/1646/2092
f 1473/1651/2097 1474/1622/2068 1475/1621/2067 1476/1652/2098
f 1477/1656/2102 1478/1627/2073 1479/1626/2072
f 1480/1657/2103 1481/1631/2077 1482/1630/2076 1483/1658/2104
f 1484/1661/2107 1485/1636/2082 1486/1635/2081 1487/1662/2108
f 1488/1641/2087 1489/1640/2086 1490/1664/2110
f 1491/1666/2112 1492/1645/2091 1493/1644/2090 1494/1665/2111
f 1495/1648/2094 1496/1647/2093 1497/1655/2101
f 1498/1660/2106 1499/1650/2096 1500/1649/2095
f 1501/1663/2109 1502/1654/2100 1503/1653/2099 1504/1659/2105
s 194
f 1505/1667/2118 1506/1462/2117 1507/1461/2122 1508/1668/2121
f 1509/1672/2124 1510/1516/2123 1511/1515/2130 1512/1673/2129
f 1513/1677/2138 1514/1473/2137 1515/1472/2120 1516/1671/2119
f 1517/1681/2146 1518/1520/2145 1519/1519/2150 1520/1682/2149
f 1521/1686/2152 1522/1481/2151 1523/1480/2140 1524/1680/2139
f 1525/1676/2132 1526/1490/2131 1527/1489/2162 1528/1689/2161
f 1529/1692/2164 1530/1501/2163 1531/1500/2170 1532/1693/2169
f 1533/1696/2172 1534/1509/2171 1535/1508/2148 1536/1685/2147
s 193
f 1537/1703/2177 1538/1670/2116 1539/1669/2115 1540/1705/2178
s 195
f 1541/1706/2186 1542/1675/2128 1543/1674/2127 1544/1711/2187
s 196
f 1545/1717/2192 1546/1679/2136 1547/1678/2135 1548/1704/2183
s 197
f 1549/1723/2197 1550/1684/2144 1551/1683/2143 1552/1725/2198
s 199
f 1553/1726/2205 1554/1688/2156 1555/1687/2155 1556/1718/2206
s 200
f 1557/1712/2209 1558/1691/2160 1559/1690/2159 1560/1735/2210
s 201
f 1561/1736/2215 1562/1695/2168 1563/1694/2167 1564/1741/2216
s 202
f 1565/1742/2221 1566/1698/2176 1567/1697/2175 1568/1724/2222
s 204
f 1569/1747/2225 1570/1751/2229 1571/1748/2226
f 1572/1754/2232 1573/1753/2231 1574/1752/2230 1575/1755/2233
s 205
f 1576/1760/2240 1577/1763/2243 1578/1759/2239 1579/1758/2238
s 204
f 1580/1767/2248 1581/1750/2228 1582/1749/2227 1583/1766/2249
f 1584/1770/2252 1585/1773/2257 1586/1765/2256 1587/1764/2253
f 1588/1768/2250 1589/1774/2258 1590/1769/2251
f 1591/1757/2235 1592/1756/2234 1593/1775/2259
f 1594/1762/2262 1595/1761/2261 1596/1776/2260 1597/1777/2263
f 1598/1771/2254 1599/1778/2264 1600/1772/2255
g default
v 2.086870 1.968097 3.370285
v 2.239678 2.027309 2.957073
v 2.068038 2.131872 3.374098
v 2.262322 2.204946 2.961967
v 2.383386 2.083477 2.543628
v 2.444918 2.274111 2.549528
v 2.267150 2.387413 2.966667
v 2.480445 2.466971 2.555030
v 2.040136 2.303259 3.377947
v 2.508908 2.133564 2.129709
v 2.604144 2.335461 2.136486
v 2.607157 2.174529 1.715082
v 2.728308 2.385089 1.722531
v 2.666268 2.537326 2.142682
v 2.810893 2.593880 1.729261
v 2.482023 2.670289 2.560204
v 2.687812 2.747655 2.148380
v 2.847795 2.809601 1.735365
v 2.661294 2.974945 2.153669
v 2.441702 2.892307 2.565117
v 1.994098 2.489865 3.381863
v 2.245688 2.582646 2.971232
v 2.189445 2.798577 2.975711
v 1.920865 2.699305 3.385881
v 2.143954 2.279282 -2.881596
v 2.319346 2.159644 -2.464169
v 1.890747 2.202848 -3.305347
v 1.909577 2.039072 -3.309162
v 2.900589 2.632033 1.314412
v 2.848085 2.441361 0.891285
v 2.805722 2.419085 1.307363
v 2.669023 2.203330 1.299510
v 2.703606 2.223005 0.883229
v 1.811355 2.939184 3.390034
v 2.089927 3.043139 2.980158
v 1.669353 3.195071 3.396219
v 2.079226 1.293508 2.935695
v 2.125159 1.478895 2.941192
v 2.162211 1.312998 3.355027
v 2.143377 1.476774 3.358841
v 2.001885 1.275895 2.516512
v 2.108544 1.481545 2.523583
v 2.168762 1.663507 2.946627
v 2.210691 1.685694 2.530539
v 2.124541 1.640546 3.362656
v 1.935825 1.262036 2.097622
v 2.095106 1.485246 2.106059
v 1.886694 1.253811 1.679170
v 2.086467 1.490532 1.688657
v 2.247995 1.706329 2.114329
v 2.278375 1.724635 1.697941
v 2.303812 1.886839 2.537258
v 2.388065 1.923145 2.122269
v 2.454560 1.953507 1.706817
v 2.105709 1.804323 3.366469
v 2.207718 1.846571 2.951940
v 2.535654 2.004975 0.457388
v 2.522435 1.992440 0.874223
v 2.323349 1.764046 0.447574
v 2.313748 1.752719 0.864504
v 2.497377 1.975945 1.290752
v 2.299517 1.739840 1.281312
v 2.086716 1.506895 0.854308
v 2.084200 1.497923 1.271421
v 1.860139 1.253098 1.261303
v 1.850512 1.258017 0.843875
v 2.099720 1.527472 0.020289
v 2.092422 1.516920 0.437278
v 1.852168 1.266692 0.426740
v 1.859462 1.277242 0.009751
v 1.899138 1.322936 -1.657932
v 2.098917 1.559658 -1.648445
v 1.885555 1.310292 -1.241106
v 2.109620 1.555120 -1.230988
v 2.290818 1.793760 -1.639161
v 2.324935 1.797034 -1.221097
v 2.111314 1.547572 -0.813766
v 2.338353 1.793400 -0.803571
v 1.875113 1.298695 -0.824200
v 2.467007 2.022633 -1.630285
v 2.522796 2.033141 -1.211658
v 2.547040 2.033120 -0.793851
v 2.337946 1.785148 -0.386403
v 1.866770 1.287797 -0.407238
v 2.107019 1.538023 -0.396700
v 2.239771 1.963006 -2.470539
v 1.928417 1.875298 -3.312977
v 2.146644 1.761859 -2.477259
v 1.947250 1.711523 -3.316793
v 2.490012 2.208507 -2.042561
v 2.369161 1.998085 -2.050002
v 2.229091 1.781268 -2.057941
v 2.076210 1.560188 -2.066212
v 2.044503 1.557712 -2.484213
v 1.916924 1.336977 -2.074649
v 1.937842 1.352064 -2.491285
v 2.006788 1.553229 -2.902371
v 1.966080 1.547746 -3.320606
v 1.960858 1.367843 -2.907867
v 1.984920 1.383973 -3.324421
vt 0.565898 0.628548
vt 0.588911 0.628548
vt 0.565898 0.640054
vt 0.588911 0.640054
vt 0.611924 0.628548
vt 0.611924 0.640054
vt 0.588911 0.651920
vt 0.611924 0.652190
vt 0.565898 0.651561
vt 0.634936 0.628548
vt 0.634936 0.640054
vt 0.657949 0.628548
vt 0.657949 0.640054
vt 0.634936 0.652280
vt 0.657949 0.652280
vt 0.611924 0.665584
vt 0.634936 0.665944
vt 0.657949 0.665944
vt 0.634936 0.681765
vt 0.611924 0.681225
vt 0.565898 0.663067
vt 0.588911 0.664505
vt 0.588911 0.679607
vt 0.565898 0.674573
vt 0.911089 0.640054
vt 0.887970 0.628664
vt 0.934102 0.640054
vt 0.934102 0.628548
vt 0.680962 0.652280
vt 0.703975 0.640054
vt 0.680962 0.640054
vt 0.680962 0.628548
vt 0.703975 0.628548
vt 0.565898 0.697586
vt 0.588911 0.699024
vt 0.565898 0.720599
vt 0.588911 0.582523
vt 0.588911 0.594029
vt 0.565898 0.582523
vt 0.565898 0.594029
vt 0.611924 0.582523
vt 0.611924 0.594029
vt 0.588911 0.605535
vt 0.611924 0.605535
vt 0.565898 0.605535
vt 0.634936 0.582523
vt 0.634936 0.594029
vt 0.657949 0.582523
vt 0.657949 0.594029
vt 0.634936 0.605535
vt 0.657949 0.605535
vt 0.611924 0.617042
vt 0.634936 0.617042
vt 0.657949 0.617042
vt 0.565898 0.617042
vt 0.588911 0.617042
vt 0.726987 0.617042
vt 0.703975 0.617042
vt 0.726987 0.605535
vt 0.703975 0.605535
vt 0.680962 0.617042
vt 0.680962 0.605535
vt 0.703975 0.594029
vt 0.680962 0.594029
vt 0.680962 0.582523
vt 0.703975 0.582523
vt 0.750000 0.594029
vt 0.726987 0.594029
vt 0.726987 0.582523
vt 0.750000 0.582523
vt 0.842051 0.582523
vt 0.842051 0.594029
vt 0.819038 0.582523
vt 0.819038 0.594029
vt 0.842051 0.605535
vt 0.819038 0.605535
vt 0.796025 0.594029
vt 0.796025 0.605535
vt 0.796025 0.582523
vt 0.842051 0.617042
vt 0.819038 0.617042
vt 0.796025 0.617042
vt 0.773013 0.605535
vt 0.773013 0.582523
vt 0.773013 0.594029
vt 0.888089 0.617079
vt 0.934102 0.617042
vt 0.888091 0.605593
vt 0.934102 0.605535
vt 0.865064 0.628548
vt 0.865064 0.617042
vt 0.865064 0.605535
vt 0.865064 0.594029
vt 0.888076 0.594029
vt 0.865064 0.582523
vt 0.888076 0.582523
vt 0.911089 0.594029
vt 0.934102 0.594029
vt 0.911089 0.582523
vt 0.934102 0.582523
vn 0.906353 0.011784 0.422358
vn 0.942851 -0.027648 0.332064
vn 0.936195 -0.154988 0.315463
vn 0.912911 -0.079405 0.400359
vn 0.901659 -0.350277 0.253608
vn 0.911065 -0.236930 0.337380
vn 0.880176 0.027388 0.473856
vn 0.903421 -0.093287 0.418483
vn 0.866022 0.091453 0.491571
vn 0.871178 -0.455562 0.183065
vn 0.899279 -0.352185 0.259350
vn 0.841068 -0.528195 0.116680
vn 0.887554 -0.427428 0.171911
vn 0.921565 -0.191289 0.337826
vn 0.933393 -0.268957 0.237571
vn 0.873816 0.069895 0.481208
vn 0.913713 -0.002641 0.406352
vn 0.946412 -0.109740 0.303747
vn 0.886855 0.113910 0.447787
vn 0.846856 0.161217 0.506797
vn 0.820428 0.185545 0.540805
vn 0.837155 0.146688 0.526929
vn 0.790279 0.253745 0.557738
vn 0.773894 0.275202 0.570396
vn 0.888444 -0.055991 -0.455558
vn 0.888444 -0.055991 -0.455558
vn 0.905192 -0.245007 -0.347274
vn 0.907257 -0.110429 -0.405821
vn 0.920971 -0.364292 0.138216
vn 0.850529 -0.523207 0.053423
vn 0.874297 -0.475801 0.096019
vn 0.821438 -0.566971 0.061514
vn 0.811046 -0.583901 0.035538
vn 0.739850 0.338490 0.581417
vn 0.752479 0.323094 0.573921
vn 0.715868 0.383156 0.583717
vn 0.981275 -0.187689 -0.043280
vn 0.997516 -0.015306 -0.068758
vn 0.957014 -0.266240 -0.115070
vn 0.897260 -0.440090 -0.035296
vn 0.992432 0.115131 -0.042705
vn 0.999397 0.026133 0.022877
vn 0.858521 -0.504148 -0.093678
vn 0.967770 -0.238071 0.082115
vn 0.891287 -0.448357 0.067706
vn 0.820335 -0.571193 -0.028070
vn 0.814965 -0.576215 -0.061704
vn 0.767890 -0.639293 -0.040625
vn 0.773630 -0.633312 -0.020308
vn 0.825390 -0.562381 0.049580
vn 0.786709 -0.616885 0.023293
vn 0.890480 -0.424562 0.163685
vn 0.849876 -0.515047 0.111527
vn 0.808787 -0.584094 0.068537
vn 0.983663 0.005384 0.179938
vn 0.957959 -0.196438 0.209111
vn 0.758222 -0.651992 0.002528
vn 0.770180 -0.637685 0.013429
vn 0.740975 -0.671531 -0.001573
vn 0.746267 -0.665644 0.001853
vn 0.784050 -0.619738 0.034502
vn 0.759516 -0.650412 0.009997
vn 0.732100 -0.681145 -0.008406
vn 0.745666 -0.666191 -0.013122
vn 0.740815 -0.671282 -0.023971
vn 0.727500 -0.685981 -0.013218
vn 0.723220 -0.690601 -0.004816
vn 0.726519 -0.687122 -0.005791
vn 0.722454 -0.691384 -0.006980
vn 0.721430 -0.692470 -0.004894
vn 0.740975 -0.671466 -0.009444
vn 0.768862 -0.639281 -0.013075
vn 0.773639 -0.632674 -0.034740
vn 0.745762 -0.665893 -0.020659
vn 0.786490 -0.612597 -0.078476
vn 0.759978 -0.648499 -0.043391
vn 0.732171 -0.681021 -0.011627
vn 0.746082 -0.665504 -0.021583
vn 0.727470 -0.686104 -0.006955
vn 0.799134 -0.592170 -0.103537
vn 0.768914 -0.637095 -0.053670
vn 0.759200 -0.650089 -0.031610
vn 0.735772 -0.677160 -0.009631
vn 0.722435 -0.691418 -0.005424
vn 0.726551 -0.687080 -0.006691
vn 0.915710 -0.274712 -0.293273
vn 0.932856 -0.165776 -0.319840
vn 0.919330 -0.341332 -0.195769
vn 0.956662 -0.174798 -0.232903
vn 0.865852 -0.440099 -0.237934
vn 0.848494 -0.493866 -0.190145
vn 0.830810 -0.543068 -0.121785
vn 0.813469 -0.578406 -0.060951
vn 0.898867 -0.428457 -0.091996
vn 0.813906 -0.580475 -0.024630
vn 0.902832 -0.429336 -0.023757
vn 0.953090 -0.284401 -0.103609
vn 0.999553 -0.002003 -0.029822
vn 0.976407 -0.215231 -0.017444
vn 0.991721 0.112649 0.061648
s 1
g shard6 surfaceShatter
usemtl blinn2SG
f 1603/1781/2285 1601/1779/2286 1602/1780/2287 1604/1782/2288
f 1604/1782/2288 1602/1780/2287 1605/1783/2289 1606/1784/2290
f 1607/1785/2291 1604/1782/2288 1606/1784/2290 1608/1786/2292
f 1609/1787/2293 1603/1781/2285 1604/1782/2288 1607/1785/2291
f 1606/1784/2290 1605/1783/2289 1610/1788/2294 1611/1789/2295
f 1611/1789/2295 1610/1788/2294 1612/1790/2296 1613/1791/2297
f 1614/1792/2298 1611/1789/2295 1613/1791/2297 1615/1793/2299
f 1608/1786/2292 1606/1784/2290 1611/1789/2295 1614/1792/2298
f 1616/1794/2300 1608/1786/2292 1614/1792/2298 1617/1795/2301
f 1617/1795/2301 1614/1792/2298 1615/1793/2299 1618/1796/2302
f 1617/1795/2301 1618/1796/2302 1619/1797/2303
f 1620/1798/2304 1616/1794/2300 1617/1795/2301 1619/1797/2303
f 1621/1799/2305 1609/1787/2293 1607/1785/2291 1622/1800/2306
f 1622/1800/2306 1607/1785/2291 1608/1786/2292 1616/1794/2300
f 1623/1801/2307 1622/1800/2306 1616/1794/2300 1620/1798/2304
f 1624/1802/2308 1621/1799/2305 1622/1800/2306 1623/1801/2307
f 1627/1805/2309 1625/1803/2310 1626/1804/2311 1628/1806/2312
f 1629/1807/2313 1618/1796/2302 1615/1793/2299
f 1630/1808/2314 1629/1807/2313 1631/1809/2315
f 1631/1809/2315 1629/1807/2313 1615/1793/2299 1613/1791/2297
f 1632/1810/2316 1631/1809/2315 1613/1791/2297 1612/1790/2296
f 1633/1811/2317 1630/1808/2314 1631/1809/2315 1632/1810/2316
f 1634/1812/2318 1624/1802/2308 1623/1801/2307 1635/1813/2319
f 1623/1801/2307 1620/1798/2304 1635/1813/2319
f 1634/1812/2318 1635/1813/2319 1636/1814/2320
f 1638/1816/2321 1639/1817/2322 1637/1815/2323 1642/1820/2324
f 1640/1818/2325 1639/1817/2322 1638/1816/2321 1645/1823/2326
f 1641/1819/2327 1642/1820/2324 1637/1815/2323
f 1638/1816/2321 1642/1820/2324 1643/1821/2328 1645/1823/2326
f 1644/1822/2329 1643/1821/2328 1642/1820/2324 1647/1825/2330
f 1641/1819/2327 1646/1824/2331 1647/1825/2330 1642/1820/2324
f 1646/1824/2331 1648/1826/2332 1649/1827/2333 1647/1825/2330
f 1650/1828/2334 1647/1825/2330 1649/1827/2333 1651/1829/2335
f 1644/1822/2329 1647/1825/2330 1650/1828/2334
f 1652/1830/2336 1644/1822/2329 1650/1828/2334 1653/1831/2337
f 1653/1831/2337 1650/1828/2334 1651/1829/2335 1654/1832/2338
f 1610/1788/2294 1653/1831/2337 1654/1832/2338 1612/1790/2296
f 1605/1783/2289 1652/1830/2336 1653/1831/2337 1610/1788/2294
f 1645/1823/2326 1643/1821/2328 1655/1833/2339
f 1656/1834/2340 1655/1833/2339 1643/1821/2328 1644/1822/2329
f 1656/1834/2340 1644/1822/2329 1652/1830/2336
f 1656/1834/2340 1652/1830/2336 1602/1780/2287 1601/1779/2286
f 1602/1780/2287 1652/1830/2336 1605/1783/2289
f 1655/1833/2339 1656/1834/2340 1601/1779/2286
f 1657/1835/2341 1633/1811/2317 1658/1836/2342
f 1659/1837/2343 1657/1835/2341 1658/1836/2342 1660/1838/2344
f 1658/1836/2342 1633/1811/2317 1632/1810/2316 1661/1839/2345
f 1661/1839/2345 1632/1810/2316 1612/1790/2296 1654/1832/2338
f 1662/1840/2346 1661/1839/2345 1654/1832/2338 1651/1829/2335
f 1660/1838/2344 1658/1836/2342 1661/1839/2345 1662/1840/2346
f 1663/1841/2347 1660/1838/2344 1662/1840/2346 1664/1842/2348
f 1664/1842/2348 1662/1840/2346 1651/1829/2335 1649/1827/2333
f 1664/1842/2348 1649/1827/2333 1648/1826/2332 1665/1843/2349
f 1663/1841/2347 1664/1842/2348 1665/1843/2349 1666/1844/2350
f 1667/1845/2351 1659/1837/2343 1668/1846/2352
f 1668/1846/2352 1659/1837/2343 1660/1838/2344 1663/1841/2347
f 1668/1846/2352 1663/1841/2347 1666/1844/2350 1669/1847/2353
f 1670/1848/2354 1667/1845/2351 1668/1846/2352 1669/1847/2353
f 1673/1851/2355 1671/1849/2356 1672/1850/2357 1674/1852/2358
f 1674/1852/2358 1672/1850/2357 1675/1853/2359 1676/1854/2360
f 1677/1855/2361 1674/1852/2358 1676/1854/2360 1678/1856/2362
f 1679/1857/2363 1673/1851/2355 1674/1852/2358 1677/1855/2361
f 1676/1854/2360 1675/1853/2359 1680/1858/2364 1681/1859/2365
f 1678/1856/2362 1676/1854/2360 1681/1859/2365 1682/1860/2366
f 1678/1856/2362 1682/1860/2366 1683/1861/2367
f 1684/1862/2368 1679/1857/2363 1677/1855/2361 1685/1863/2369
f 1685/1863/2369 1677/1855/2361 1678/1856/2362 1683/1861/2367
f 1685/1863/2369 1683/1861/2367 1667/1845/2351
f 1670/1848/2354 1684/1862/2368 1685/1863/2369 1667/1845/2351
f 1628/1806/2312 1626/1804/2311 1686/1864/2370 1687/1865/2371
f 1687/1865/2371 1686/1864/2370 1688/1866/2372 1689/1867/2373
f 1626/1804/2311 1690/1868/2374 1691/1869/2375 1686/1864/2370
f 1690/1868/2374 1680/1858/2364 1691/1869/2375
f 1691/1869/2375 1680/1858/2364 1675/1853/2359 1692/1870/2376
f 1686/1864/2370 1691/1869/2375 1692/1870/2376 1688/1866/2372
f 1688/1866/2372 1692/1870/2376 1693/1871/2377 1694/1872/2378
f 1692/1870/2376 1675/1853/2359 1672/1850/2357 1693/1871/2377
f 1693/1871/2377 1672/1850/2357 1671/1849/2356 1695/1873/2379
f 1693/1871/2377 1695/1873/2379 1694/1872/2378
f 1694/1872/2378 1695/1873/2379 1696/1874/2380 1697/1875/2381
f 1697/1875/2381 1689/1867/2373 1688/1866/2372 1694/1872/2378
f 1689/1867/2373 1697/1875/2381 1698/1876/2382
f 1697/1875/2381 1696/1874/2380 1699/1877/2383 1698/1876/2382
f 1698/1876/2382 1699/1877/2383 1700/1878/2384
g default
v 1.796697 1.989129 2.104800
v 1.983198 1.823785 1.686496
v 1.967301 2.055131 1.692072
v 2.159802 2.152792 0.028379
v 2.152503 2.142240 0.445367
v 2.165083 1.917387 0.022514
v 2.157783 1.906835 0.439503
v 2.128873 2.126143 0.861930
v 2.135216 1.891144 0.856094
v 2.105518 1.685721 0.432993
v 2.084490 1.670571 0.849625
v 2.112824 1.696273 0.016004
v 2.072575 2.098953 1.277641
v 2.082111 1.865171 1.271891
v 2.035992 1.646217 1.265543
v 2.120114 1.706824 -0.400985
v 2.172382 1.927939 -0.394475
v 2.167103 2.163344 -0.388610
v 2.090224 2.411387 0.033704
v 2.097524 2.421938 -0.383284
v 2.083266 2.425122 -0.800837
v 1.961360 2.703417 -0.796966
v 1.976172 2.701409 -0.379142
v 1.969334 2.691496 0.037999
v 1.741751 2.981340 -1.214939
v 1.799868 2.998382 -0.795441
v 1.553452 3.282667 -1.217833
v 1.610973 3.306715 -0.797171
v 1.810107 2.991439 0.040770
v 1.815596 2.999447 -0.376830
v 1.628308 3.313733 -0.376991
v 1.625555 3.309547 0.041524
v 1.611299 2.877187 1.701977
v 1.722925 2.930231 1.287616
v 1.432522 3.178932 1.699487
v 1.544512 3.240688 1.284941
v 1.768550 2.586316 1.700869
v 1.879438 2.634466 1.286576
v 1.938305 2.664037 0.871143
v 1.781474 2.962906 0.872773
v 1.601874 3.279036 0.871254
v 1.891483 2.310803 1.697215
v 2.000507 2.356379 1.282894
v 2.058670 2.384445 0.867238
v 2.082924 2.400834 0.450693
v 1.962490 2.681043 0.454856
v 1.804639 2.981285 0.457231
v 1.622816 3.299986 0.457195
v 1.225331 2.057323 2.931289
v 1.577106 1.906491 2.516248
v 1.486940 2.155436 2.520968
v 1.089057 2.318891 2.936620
v 1.356011 2.422377 2.525533
v 0.804756 2.209254 3.347349
v 1.714644 2.241876 2.109759
v 1.588295 2.513570 2.113735
v 1.193412 2.698383 2.529982
v 1.428897 2.797701 2.116077
v 1.247697 3.087761 2.116129
v 1.008232 2.974523 2.534346
v 0.922553 2.585849 2.943753
v 0.633994 2.466702 3.357461
v 0.732338 2.846573 2.953608
v 0.438241 2.711272 3.373395
v 0.524946 3.089448 2.967099
v 0.221253 2.928525 3.397046
v 0.809538 3.241857 2.538659
v 0.312217 3.317501 2.981658
v 0.605697 3.496890 2.542719
v 1.055939 3.377239 2.113237
v 1.245047 3.487078 1.692341
v 0.859099 3.656730 2.109044
v 1.052394 3.787245 1.683268
v 1.218575 3.936529 0.858446
v 1.165527 3.878657 1.268025
v 1.413201 3.610414 0.865713
v 1.357767 3.562861 1.277476
v 1.430459 3.635565 0.454121
v 1.426835 3.641952 -0.380272
v 1.406797 3.625093 -0.803064
vt 0.634936 0.681765
vt 0.657949 0.665944
vt 0.657949 0.681765
vt 0.750000 0.681765
vt 0.726987 0.681765
vt 0.750000 0.665944
vt 0.726987 0.665944
vt 0.703975 0.681765
vt 0.703975 0.665944
vt 0.726987 0.652280
vt 0.703975 0.652280
vt 0.750000 0.652280
vt 0.680962 0.681765
vt 0.680962 0.665944
vt 0.680962 0.652280
vt 0.773013 0.652280
vt 0.773013 0.665944
vt 0.773013 0.681765
vt 0.750000 0.700463
vt 0.773013 0.700463
vt 0.796025 0.700463
vt 0.796025 0.720743
vt 0.773013 0.720743
vt 0.750000 0.720743
vt 0.819038 0.741310
vt 0.796025 0.741310
vt 0.819038 0.760871
vt 0.796025 0.760871
vt 0.750000 0.741310
vt 0.773013 0.741310
vt 0.773013 0.760871
vt 0.750000 0.760871
vt 0.657949 0.741310
vt 0.680962 0.741310
vt 0.657949 0.760871
vt 0.680962 0.760871
vt 0.657949 0.720743
vt 0.680962 0.720743
vt 0.703975 0.720743
vt 0.703975 0.741310
vt 0.703975 0.760871
vt 0.657949 0.700463
vt 0.680962 0.700463
vt 0.703975 0.700463
vt 0.726987 0.700463
vt 0.726987 0.720743
vt 0.726987 0.741310
vt 0.726987 0.760871
vt 0.588911 0.699024
vt 0.611924 0.681225
vt 0.611924 0.700103
vt 0.588911 0.720671
vt 0.611924 0.720725
vt 0.565898 0.720599
vt 0.634936 0.700463
vt 0.634936 0.720743
vt 0.611924 0.741598
vt 0.634936 0.741310
vt 0.634936 0.760871
vt 0.611924 0.761302
vt 0.588911 0.742461
vt 0.565898 0.743611
vt 0.588911 0.762597
vt 0.565898 0.766624
vt 0.588911 0.779281
vt 0.565898 0.780432
vt 0.611924 0.778418
vt 0.588911 0.794124
vt 0.611924 0.794038
vt 0.634936 0.778131
vt 0.657949 0.778131
vt 0.634936 0.794009
vt 0.657949 0.794009
vt 0.703975 0.794009
vt 0.680962 0.794009
vt 0.703975 0.778131
vt 0.680962 0.778131
vt 0.726987 0.778131
vt 0.773013 0.778131
vt 0.796025 0.778131
vn 0.853861 0.251829 0.455526
vn 0.961345 0.015763 0.274895
vn 0.928294 0.180573 0.325060
vn 0.994596 -0.102760 0.014810
vn 0.988563 0.149326 0.021085
vn 0.987801 0.150129 0.041354
vn 0.994350 -0.101099 0.032365
vn 0.982970 0.152923 0.101900
vn 0.991856 -0.094774 0.085090
vn 0.973004 -0.229214 0.026921
vn 0.972073 -0.222476 0.074685
vn 0.973050 -0.230322 0.011204
vn 0.966528 0.159853 0.200677
vn 0.983222 -0.066346 0.169917
vn 0.967716 -0.214653 0.132096
vn 0.973050 -0.230322 0.011195
vn 0.994596 -0.102760 0.014806
vn 0.986369 0.163926 0.014317
vn 0.942630 0.332933 0.024564
vn 0.938817 0.344416 0.000898
vn 0.925561 0.377432 -0.029698
vn 0.894281 0.445400 -0.043364
vn 0.898515 0.438932 -0.003115
vn 0.900175 0.434833 0.024620
vn 0.847461 0.511771 -0.141068
vn 0.860995 0.502152 -0.080816
vn 0.842338 0.520078 -0.141373
vn 0.848879 0.522986 -0.076748
vn 0.873342 0.486659 0.020885
vn 0.869395 0.494056 -0.007849
vn 0.854467 0.519114 -0.020173
vn 0.863303 0.504392 0.017194
vn 0.791750 0.483782 0.372945
vn 0.809933 0.461673 0.361755
vn 0.851994 0.473119 0.224196
vn 0.839611 0.491184 0.231931
vn 0.838523 0.413320 0.355030
vn 0.878437 0.424555 0.219323
vn 0.895963 0.429426 0.113329
vn 0.870795 0.477985 0.115091
vn 0.861599 0.493920 0.117006
vn 0.879322 0.325565 0.347564
vn 0.919459 0.330031 0.213714
vn 0.937007 0.331500 0.110117
vn 0.942087 0.332183 0.046121
vn 0.900608 0.432045 0.047359
vn 0.875249 0.481473 0.046075
vn 0.866846 0.496311 0.047463
vn 0.740965 0.352490 0.571595
vn 0.810700 0.272211 0.518331
vn 0.779646 0.327465 0.533778
vn 0.712217 0.396274 0.579408
vn 0.742414 0.392820 0.542692
vn 0.691105 0.412198 0.593689
vn 0.825373 0.321486 0.464118
vn 0.785907 0.399562 0.471911
vn 0.711303 0.439680 0.548389
vn 0.755711 0.447135 0.478509
vn 0.731575 0.474503 0.489536
vn 0.681859 0.473273 0.557747
vn 0.680637 0.441380 0.584737
vn 0.668086 0.445435 0.596027
vn 0.645553 0.482227 0.592215
vn 0.628960 0.491051 0.602726
vn 0.618600 0.505432 0.601559
vn 0.606217 0.512888 0.607822
vn 0.653568 0.495098 0.572474
vn 0.610532 0.509417 0.606420
vn 0.641082 0.502624 0.579986
vn 0.708642 0.491753 0.505970
vn 0.775165 0.497677 0.389148
vn 0.698751 0.499557 0.512045
vn 0.768294 0.506330 0.391605
vn 0.855011 0.502752 0.127262
vn 0.844853 0.512135 0.154728
vn 0.823925 0.511709 0.243519
vn 0.829500 0.502804 0.243142
vn 0.864455 0.499141 0.059801
vn 0.847635 0.529021 -0.040639
vn 0.846264 0.530167 -0.052535
s 1
g surfaceShatter shard8
usemtl blinn2SG
f 1701/1879/2385 1702/1880/2386 1703/1881/2387
f 1706/1884/2388 1704/1882/2389 1705/1883/2390 1707/1885/2391
f 1707/1885/2391 1705/1883/2390 1708/1886/2392 1709/1887/2393
f 1710/1888/2394 1707/1885/2391 1709/1887/2393 1711/1889/2395
f 1712/1890/2396 1706/1884/2388 1707/1885/2391 1710/1888/2394
f 1709/1887/2393 1708/1886/2392 1713/1891/2397 1714/1892/2398
f 1714/1892/2398 1713/1891/2397 1703/1881/2387 1702/1880/2386
f 1714/1892/2398 1702/1880/2386 1715/1893/2399
f 1711/1889/2395 1709/1887/2393 1714/1892/2398 1715/1893/2399
f 1706/1884/2388 1712/1890/2396 1716/1894/2400 1717/1895/2401
f 1704/1882/2389 1706/1884/2388 1717/1895/2401 1718/1896/2402
f 1719/1897/2403 1704/1882/2389 1718/1896/2402 1720/1898/2404
f 1718/1896/2402 1721/1899/2405 1720/1898/2404
f 1720/1898/2404 1721/1899/2405 1722/1900/2406 1723/1901/2407
f 1724/1902/2408 1719/1897/2403 1720/1898/2404 1723/1901/2407
f 1722/1900/2406 1725/1903/2409 1726/1904/2410
f 1726/1904/2410 1725/1903/2409 1727/1905/2411 1728/1906/2412
f 1729/1907/2413 1724/1902/2408 1723/1901/2407 1730/1908/2414
f 1723/1901/2407 1722/1900/2406 1726/1904/2410 1730/1908/2414
f 1730/1908/2414 1726/1904/2410 1728/1906/2412 1731/1909/2415
f 1732/1910/2416 1729/1907/2413 1730/1908/2414 1731/1909/2415
f 1735/1913/2417 1733/1911/2418 1734/1912/2419 1736/1914/2420
f 1733/1911/2418 1737/1915/2421 1738/1916/2422 1734/1912/2419
f 1734/1912/2419 1738/1916/2422 1739/1917/2423 1740/1918/2424
f 1736/1914/2420 1734/1912/2419 1740/1918/2424 1741/1919/2425
f 1737/1915/2421 1742/1920/2426 1743/1921/2427 1738/1916/2422
f 1742/1920/2426 1703/1881/2387 1713/1891/2397 1743/1921/2427
f 1743/1921/2427 1713/1891/2397 1708/1886/2392 1744/1922/2428
f 1738/1916/2422 1743/1921/2427 1744/1922/2428 1739/1917/2423
f 1739/1917/2423 1744/1922/2428 1745/1923/2429 1746/1924/2430
f 1744/1922/2428 1708/1886/2392 1705/1883/2390 1745/1923/2429
f 1719/1897/2403 1745/1923/2429 1705/1883/2390 1704/1882/2389
f 1746/1924/2430 1745/1923/2429 1719/1897/2403 1724/1902/2408
f 1741/1919/2425 1740/1918/2424 1747/1925/2431 1748/1926/2432
f 1740/1918/2424 1739/1917/2423 1746/1924/2430 1747/1925/2431
f 1747/1925/2431 1746/1924/2430 1724/1902/2408 1729/1907/2413
f 1748/1926/2432 1747/1925/2431 1729/1907/2413 1732/1910/2416
f 1749/1927/2433 1750/1928/2434 1751/1929/2435
f 1752/1930/2436 1749/1927/2433 1751/1929/2435 1753/1931/2437
f 1754/1932/2438 1749/1927/2433 1752/1930/2436
f 1751/1929/2435 1750/1928/2434 1701/1879/2385 1755/1933/2439
f 1755/1933/2439 1701/1879/2385 1703/1881/2387 1742/1920/2426
f 1756/1934/2440 1755/1933/2439 1742/1920/2426 1737/1915/2421
f 1753/1931/2437 1751/1929/2435 1755/1933/2439 1756/1934/2440
f 1757/1935/2441 1753/1931/2437 1756/1934/2440 1758/1936/2442
f 1758/1936/2442 1756/1934/2440 1737/1915/2421 1733/1911/2418
f 1759/1937/2443 1758/1936/2442 1733/1911/2418 1735/1913/2417
f 1760/1938/2444 1757/1935/2441 1758/1936/2442 1759/1937/2443
f 1754/1932/2438 1752/1930/2436 1761/1939/2445 1762/1940/2446
f 1761/1939/2445 1752/1930/2436 1753/1931/2437 1757/1935/2441
f 1761/1939/2445 1757/1935/2441 1760/1938/2444 1763/1941/2447
f 1762/1940/2446 1761/1939/2445 1763/1941/2447 1764/1942/2448
f 1764/1942/2448 1763/1941/2447 1765/1943/2449 1766/1944/2450
f 1763/1941/2447 1760/1938/2444 1767/1945/2451 1765/1943/2449
f 1768/1946/2452 1765/1943/2449 1767/1945/2451 1769/1947/2453
f 1765/1943/2449 1768/1946/2452 1766/1944/2450
f 1767/1945/2451 1760/1938/2444 1759/1937/2443 1770/1948/2454
f 1770/1948/2454 1759/1937/2443 1735/1913/2417 1771/1949/2455
f 1772/1950/2456 1770/1948/2454 1771/1949/2455 1773/1951/2457
f 1769/1947/2453 1767/1945/2451 1770/1948/2454 1772/1950/2456
f 1776/1954/2458 1774/1952/2459 1775/1953/2460 1777/1955/2461
f 1777/1955/2461 1775/1953/2460 1773/1951/2457 1771/1949/2455
f 1736/1914/2420 1777/1955/2461 1771/1949/2455 1735/1913/2417
f 1741/1919/2425 1776/1954/2458 1777/1955/2461 1736/1914/2420
f 1778/1956/2462 1774/1952/2459 1776/1954/2458
f 1748/1926/2432 1778/1956/2462 1776/1954/2458 1741/1919/2425
f 1732/1910/2416 1778/1956/2462 1748/1926/2432
f 1779/1957/2463 1732/1910/2416 1731/1909/2415
f 1780/1958/2464 1779/1957/2463 1731/1909/2415 1728/1906/2412
g default
v -0.907056 3.830582 -3.267364
v -0.725919 3.922438 -2.874021
v -0.749963 3.676321 -3.250540
v -0.560467 3.783041 -2.865662
v -0.555784 4.010381 -2.478198
v -0.382246 3.885683 -2.477473
v -0.392879 3.625132 -2.858806
v -0.209756 3.740113 -2.477394
v -0.587373 3.505963 -3.236167
v -0.407649 4.090498 -2.077422
v -0.226585 3.980155 -2.082662
v 0.076789 3.940719 -1.686233
v -0.049406 3.846709 -2.087886
v 0.127139 3.685665 -2.091947
v -0.038742 3.570397 -2.478235
v 0.258066 3.787882 -1.692157
v 0.444930 3.597853 -1.693694
v 0.306286 3.492540 -2.093700
v 0.130375 3.373246 -2.480263
v -0.227927 3.446427 -2.855519
v -0.428750 3.318110 -3.228300
v -0.070386 3.244632 -2.857867
v -0.283562 3.111358 -3.230990
v 0.157440 4.017958 -1.268385
v 0.342393 3.872699 -1.274361
v 0.533881 3.684526 -1.275771
v 1.971328 1.213408 -0.837971
v 1.909509 1.437736 -1.250759
v 1.964976 1.448403 -0.832135
v 1.983890 1.209523 -0.420465
v 1.978610 1.444928 -0.414601
v 0.491782 2.233208 -2.914283
v 0.642213 1.954054 -2.925134
v 0.172995 2.114590 -3.329548
v 0.790459 2.344652 -2.498549
v 0.954793 2.061089 -2.503448
v 1.048950 2.441755 -2.081873
v 1.224965 2.153215 -2.082080
v 1.247152 2.517347 -1.663788
v 1.431512 2.222975 -1.661188
v 1.591572 1.935796 -1.662242
v 1.381766 1.869842 -2.084500
v 1.894774 1.706706 -0.826828
v 1.837426 1.695158 -1.245507
v 1.714709 1.971722 -1.241861
v 1.772868 1.985001 -0.822957
v 1.553259 2.262924 -1.240930
v 1.364960 2.564251 -1.243824
v 0.739040 3.445469 -1.270524
v 0.643246 3.364614 -1.688848
v 0.792715 3.505045 -0.843773
v 1.005992 3.217967 -0.836722
v 0.950703 3.169652 -1.261519
v 0.847039 3.099335 -1.680396
v 1.029072 3.245995 -0.410955
v 1.238343 2.923536 -0.406263
v 1.218305 2.906677 -0.829055
v 1.161719 2.871201 -1.251653
v 1.050330 2.813188 -1.671117
v 1.422481 2.588299 -0.823161
v 0.074982 3.017461 -2.867920
v -0.161256 2.884311 -3.248291
v 0.297173 3.145380 -2.483750
v 0.462328 2.893514 -2.488257
v 0.213544 2.769864 -2.882673
v -0.051371 2.640287 -3.274372
v 0.491276 3.262841 -2.091992
v 0.678875 3.005314 -2.088404
v 0.865840 2.728703 -2.084505
v 0.626538 2.624368 -2.493336
v 0.350685 2.506796 -2.899128
v 0.056550 2.382604 -3.303402
vt 0.934102 0.899177
vt 0.911089 0.896358
vt 0.934102 0.879847
vt 0.911089 0.879041
vt 0.888076 0.895452
vt 0.888076 0.878437
vt 0.911089 0.860487
vt 0.888076 0.860466
vt 0.934102 0.860516
vt 0.865064 0.895150
vt 0.865064 0.878236
vt 0.842051 0.860458
vt 0.865064 0.860458
vt 0.865064 0.842566
vt 0.888076 0.842393
vt 0.842051 0.842566
vt 0.842051 0.825307
vt 0.865064 0.825307
vt 0.888076 0.825048
vt 0.911089 0.841876
vt 0.934102 0.841185
vt 0.911089 0.824271
vt 0.934102 0.821855
vt 0.819038 0.860458
vt 0.819038 0.842566
vt 0.819038 0.825307
vt 0.796025 0.665944
vt 0.819038 0.681765
vt 0.796025 0.681765
vt 0.773013 0.665944
vt 0.773013 0.681765
vt 0.911089 0.762597
vt 0.911089 0.742461
vt 0.934102 0.766624
vt 0.888076 0.761302
vt 0.888076 0.741598
vt 0.865064 0.760871
vt 0.865064 0.741310
vt 0.842051 0.760871
vt 0.842051 0.741310
vt 0.842051 0.720743
vt 0.865064 0.720743
vt 0.796025 0.700463
vt 0.819038 0.700463
vt 0.819038 0.720743
vt 0.796025 0.720743
vt 0.819038 0.741310
vt 0.819038 0.760871
vt 0.819038 0.809428
vt 0.842051 0.809428
vt 0.796025 0.809428
vt 0.796025 0.794009
vt 0.819038 0.794009
vt 0.842051 0.794009
vt 0.773013 0.794009
vt 0.773013 0.778131
vt 0.796025 0.778131
vt 0.819038 0.778131
vt 0.842051 0.778131
vt 0.796025 0.760871
vt 0.911089 0.808737
vt 0.934102 0.808047
vt 0.888076 0.809255
vt 0.888076 0.794038
vt 0.911089 0.794124
vt 0.934102 0.794239
vt 0.865064 0.809428
vt 0.865064 0.794009
vt 0.865064 0.778131
vt 0.888076 0.778418
vt 0.911089 0.779281
vt 0.934102 0.780432
vn 0.623537 0.619899 -0.476369
vn 0.617911 0.639468 -0.457456
vn 0.593284 0.672922 -0.441803
vn 0.602426 0.651371 -0.461301
vn 0.539695 0.742594 -0.396590
vn 0.560362 0.715196 -0.417720
vn 0.623097 0.608396 -0.491533
vn 0.596174 0.666780 -0.447191
vn 0.641390 0.571032 -0.512388
vn 0.510950 0.777888 -0.365813
vn 0.542571 0.746930 -0.384334
vn 0.602904 0.732013 -0.317275
vn 0.591845 0.699742 -0.400100
vn 0.638490 0.645696 -0.418816
vn 0.638451 0.601878 -0.479712
vn 0.642580 0.693269 -0.326296
vn 0.699230 0.628729 -0.340261
vn 0.679950 0.593614 -0.430454
vn 0.670610 0.543368 -0.505008
vn 0.654325 0.545126 -0.524114
vn 0.667167 0.508555 -0.544298
vn 0.676825 0.494229 -0.545569
vn 0.695128 0.490170 -0.525861
vn 0.687288 0.454670 -0.566489
vn 0.692467 0.446130 -0.566973
vn 0.603511 0.752034 -0.264990
vn 0.641607 0.716836 -0.272922
vn 0.711760 0.648573 -0.269723
vn 0.998108 0.026607 -0.055434
vn 0.963785 0.229636 -0.135591
vn 0.984102 0.156176 -0.084570
vn 0.999191 0.025483 -0.031121
vn 0.996734 0.074614 -0.030893
vn 0.685840 0.388529 -0.615361
vn 0.683868 0.397955 -0.611520
vn 0.683846 0.376672 -0.624878
vn 0.705469 0.416672 -0.573322
vn 0.707218 0.409849 -0.576078
vn 0.738573 0.458190 -0.494542
vn 0.745710 0.436993 -0.502945
vn 0.706567 0.430708 -0.561475
vn 0.757343 0.428133 -0.493085
vn 0.785788 0.498057 -0.366709
vn 0.800084 0.471194 -0.371271
vn 0.816315 0.446393 -0.366557
vn 0.935336 0.331186 -0.124350
vn 0.925251 0.345391 -0.156894
vn 0.872988 0.438071 -0.214446
vn 0.897783 0.418717 -0.136609
vn 0.830671 0.487090 -0.269682
vn 0.817083 0.524392 -0.239557
vn 0.762093 0.601961 -0.238447
vn 0.736705 0.579318 -0.348793
vn 0.785034 0.598386 -0.160176
vn 0.810772 0.571155 -0.128183
vn 0.789918 0.569642 -0.227018
vn 0.759952 0.544114 -0.355547
vn 0.825140 0.560103 -0.073680
vn 0.831122 0.551488 -0.071405
vn 0.825169 0.550148 -0.128195
vn 0.809717 0.543772 -0.220614
vn 0.775243 0.517970 -0.361532
vn 0.829855 0.537376 -0.150225
vn 0.697039 0.410284 -0.588051
vn 0.696781 0.412363 -0.586901
vn 0.704644 0.454406 -0.544969
vn 0.697635 0.384067 -0.604813
vn 0.693325 0.391959 -0.604705
vn 0.711009 0.539704 -0.450762
vn 0.725309 0.504316 -0.468607
vn 0.734288 0.477054 -0.482951
vn 0.689194 0.370701 -0.622569
s 1
g surfaceShatter shard2
usemtl blinn2SG
f 1783/1961/2465 1781/1959/2466 1782/1960/2467 1784/1962/2468
f 1784/1962/2468 1782/1960/2467 1785/1963/2469 1786/1964/2470
f 1787/1965/2471 1784/1962/2468 1786/1964/2470 1788/1966/2472
f 1789/1967/2473 1783/1961/2465 1784/1962/2468 1787/1965/2471
f 1786/1964/2470 1785/1963/2469 1790/1968/2474 1791/1969/2475
f 1791/1969/2475 1792/1970/2476 1793/1971/2477
f 1788/1966/2472 1786/1964/2470 1791/1969/2475 1793/1971/2477
f 1788/1966/2472 1793/1971/2477 1794/1972/2478 1795/1973/2479
f 1793/1971/2477 1792/1970/2476 1796/1974/2480 1794/1972/2478
f 1794/1972/2478 1796/1974/2480 1797/1975/2481 1798/1976/2482
f 1795/1973/2479 1794/1972/2478 1798/1976/2482 1799/1977/2483
f 1787/1965/2471 1800/1978/2484 1789/1967/2473
f 1801/1979/2485 1789/1967/2473 1800/1978/2484 1802/1980/2486
f 1788/1966/2472 1795/1973/2479 1787/1965/2471
f 1800/1978/2484 1787/1965/2471 1795/1973/2479 1799/1977/2483
f 1802/1980/2486 1800/1978/2484 1799/1977/2483 1843/2021/2487
f 1803/1981/2488 1801/1979/2485 1802/1980/2486 1841/2019/2489
f 1792/1970/2476 1804/1982/2490 1805/1983/2491 1796/1974/2480
f 1796/1974/2480 1805/1983/2491 1806/1984/2492 1797/1975/2481
f 1807/1985/2493 1808/1986/2494 1809/1987/2495
f 1810/1988/2496 1807/1985/2493 1809/1987/2495 1811/1989/2497
f 1812/1990/2498 1813/1991/2499 1814/1992/2500
f 1812/1990/2498 1815/1993/2501 1816/1994/2502 1813/1991/2499
f 1817/1995/2503 1818/1996/2504 1815/1993/2501 1850/2028/2505
f 1816/1994/2502 1815/1993/2501 1818/1996/2504 1822/2000/2506
f 1817/1995/2503 1819/1997/2507 1820/1998/2508 1818/1996/2504
f 1818/1996/2504 1820/1998/2508 1821/1999/2509 1822/2000/2506
f 1809/1987/2495 1823/2001/2510 1811/1989/2497
f 1809/1987/2495 1808/1986/2494 1824/2002/2511 1823/2001/2510
f 1824/2002/2511 1821/1999/2509 1825/2003/2512
f 1823/2001/2510 1824/2002/2511 1825/2003/2512 1826/2004/2513
f 1825/2003/2512 1827/2005/2514 1826/2004/2513
f 1825/2003/2512 1821/1999/2509 1820/1998/2508 1827/2005/2514
f 1827/2005/2514 1820/1998/2508 1819/1997/2507 1828/2006/2515
f 1797/1975/2481 1806/1984/2492 1829/2007/2516 1830/2008/2517
f 1806/1984/2492 1831/2009/2518 1829/2007/2516
f 1829/2007/2516 1831/2009/2518 1832/2010/2519 1833/2011/2520
f 1830/2008/2517 1829/2007/2516 1833/2011/2520 1834/2012/2521
f 1831/2009/2518 1835/2013/2522 1832/2010/2519
f 1832/2010/2519 1835/2013/2522 1836/2014/2523 1837/2015/2524
f 1834/2012/2521 1833/2011/2520 1838/2016/2525 1839/2017/2526
f 1833/2011/2520 1832/2010/2519 1837/2015/2524 1838/2016/2525
f 1838/2016/2525 1837/2015/2524 1840/2018/2527 1828/2006/2515
f 1839/2017/2526 1838/2016/2525 1828/2006/2515 1819/1997/2507
f 1842/2020/2528 1803/1981/2488 1841/2019/2489 1845/2023/2529
f 1841/2019/2489 1802/1980/2486 1843/2021/2487 1844/2022/2530
f 1845/2023/2529 1841/2019/2489 1844/2022/2530 1850/2028/2505
f 1846/2024/2531 1842/2020/2528 1845/2023/2529 1851/2029/2532
f 1798/1976/2482 1847/2025/2533 1799/1977/2483
f 1843/2021/2487 1799/1977/2483 1847/2025/2533 1848/2026/2534
f 1798/1976/2482 1797/1975/2481 1830/2008/2517 1847/2025/2533
f 1847/2025/2533 1830/2008/2517 1834/2012/2521 1848/2026/2534
f 1844/2022/2530 1843/2021/2487 1848/2026/2534 1849/2027/2535
f 1850/2028/2505 1844/2022/2530 1849/2027/2535 1817/1995/2503
f 1848/2026/2534 1834/2012/2521 1839/2017/2526 1849/2027/2535
f 1849/2027/2535 1839/2017/2526 1819/1997/2507 1817/1995/2503
f 1846/2024/2531 1851/2029/2532 1852/2030/2536
f 1851/2029/2532 1845/2023/2529 1850/2028/2505 1815/1993/2501
f 1851/2029/2532 1815/1993/2501 1812/1990/2498
f 1852/2030/2536 1851/2029/2532 1812/1990/2498 1814/1992/2500
g default
v 0.130454 2.656905 -2.136529
v 0.245617 2.725294 -1.728320
v 0.311518 2.546562 -2.141769
v 0.433327 2.628790 -1.737026
v 0.614891 2.507126 -1.745340
v 0.642921 2.491368 1.592553
v 0.454436 2.603923 1.600731
v 0.469982 2.349126 2.024151
v 0.299171 2.480692 2.029568
v 0.376444 2.844415 -0.040796
v 0.381722 2.836593 0.372553
v 0.582239 2.786822 -0.044341
v 0.591359 2.779837 0.367901
v 0.373157 2.810538 0.782429
v 0.584075 2.749613 0.775655
v 0.790753 2.692785 0.363122
v 0.784739 2.658930 0.769011
v 0.778266 2.699038 -0.048144
v 0.336828 2.762836 1.193213
v 0.543917 2.692269 1.184680
v 0.741654 2.593215 1.176497
v 0.979708 2.526144 0.764177
v 0.934194 2.454961 1.170689
v 1.173519 2.338902 0.762831
v 0.970541 2.568140 -0.051206
v 0.985124 2.562338 0.359453
v 1.179711 2.375406 0.358129
v 1.165119 2.381205 -0.052530
v 0.316781 2.778038 -1.310202
v 0.510010 2.694684 -1.319040
v 0.354975 2.815336 -0.886614
v 0.552864 2.743493 -0.893683
v 0.742059 2.643189 -0.900587
v 0.695543 2.584366 -1.327492
v 0.371193 2.837398 -0.461999
v 0.573180 2.774457 -0.466826
v 0.765832 2.681959 -0.471758
v 0.956016 2.548131 -0.475523
v 0.929881 2.504419 -0.905583
v 1.150597 2.361198 -0.476848
v 1.368049 2.125319 -0.051118
v 0.045877 2.802658 -1.721217
v -0.565518 2.945215 -0.036039
v -0.320131 2.930815 -0.036443
v -0.558215 2.955768 -0.453028
v -0.315742 2.937292 -0.454409
v -0.078707 2.912092 -0.037162
v -0.077322 2.914365 -0.456135
v -0.318858 2.938630 -0.873295
v -0.084890 2.908294 -0.876815
v -0.556822 2.964355 -0.870170
v 0.154806 2.884730 -0.038508
v 0.153007 2.882548 -0.458550
v 0.141050 2.868732 -0.881123
v 0.108742 2.842400 -1.303065
v -0.110410 2.892516 -1.297207
v -0.336973 2.933138 -1.292199
v -0.567239 2.969011 -1.287619
v -0.333546 2.906270 0.795004
v -0.114439 2.855091 1.205676
v -0.089347 2.884513 0.791716
v 0.052025 2.758105 1.616248
v 0.116259 2.815631 1.200072
v 0.147454 2.854052 0.787653
v -0.080077 2.902828 0.378113
v 0.156628 2.876160 0.375844
v -0.581439 2.923671 0.797904
v -0.572815 2.934663 0.380949
v -0.324519 2.920895 0.379701
vt 0.865064 0.895150
vt 0.842051 0.895150
vt 0.865064 0.878236
vt 0.842051 0.878236
vt 0.842051 0.860458
vt 0.657949 0.860459
vt 0.657949 0.878236
vt 0.634936 0.860458
vt 0.634936 0.878236
vt 0.750000 0.895150
vt 0.726987 0.895150
vt 0.750000 0.878236
vt 0.726987 0.878236
vt 0.703975 0.895150
vt 0.703975 0.878236
vt 0.726987 0.860458
vt 0.703975 0.860458
vt 0.750000 0.860458
vt 0.680962 0.895150
vt 0.680962 0.878236
vt 0.680962 0.860458
vt 0.703975 0.842566
vt 0.680962 0.842566
vt 0.703975 0.825307
vt 0.750000 0.842566
vt 0.726987 0.842566
vt 0.726987 0.825307
vt 0.750000 0.825307
vt 0.819038 0.895150
vt 0.819038 0.878236
vt 0.796025 0.895150
vt 0.796025 0.878236
vt 0.796025 0.860458
vt 0.819038 0.860458
vt 0.773013 0.895150
vt 0.773013 0.878236
vt 0.773013 0.860458
vt 0.773013 0.842566
vt 0.796025 0.842566
vt 0.773013 0.825307
vt 0.750000 0.809428
vt 0.842051 0.910454
vt 0.750000 0.950726
vt 0.750000 0.937839
vt 0.773013 0.950726
vt 0.773013 0.937839
vt 0.750000 0.924549
vt 0.773013 0.924549
vt 0.796025 0.937839
vt 0.796025 0.924549
vt 0.796025 0.950726
vt 0.750000 0.910454
vt 0.773013 0.910454
vt 0.796025 0.910454
vt 0.819038 0.910454
vt 0.819038 0.924549
vt 0.819038 0.937839
vt 0.819038 0.950726
vt 0.703975 0.937839
vt 0.680962 0.924549
vt 0.703975 0.924549
vt 0.657949 0.910454
vt 0.680962 0.910454
vt 0.703975 0.910454
vt 0.726987 0.924549
vt 0.726987 0.910454
vt 0.703975 0.950726
vt 0.726987 0.950726
vt 0.726987 0.937839
vn 0.468334 0.833331 -0.293637
vn 0.443724 0.849947 -0.284075
vn 0.390825 0.893828 -0.219834
vn 0.471237 0.844845 -0.253322
vn 0.513230 0.818393 -0.258512
vn 0.519291 0.740531 0.426558
vn 0.501340 0.787037 0.359487
vn 0.486056 0.796050 0.360630
vn 0.519291 0.740531 0.426558
vn 0.343787 0.938955 -0.013178
vn 0.227717 0.973725 -0.001984
vn 0.222934 0.973972 0.040985
vn 0.337967 0.940233 0.041727
vn 0.241725 0.965136 0.100403
vn 0.353935 0.927590 0.119610
vn 0.487241 0.872409 0.038701
vn 0.495400 0.858336 0.133559
vn 0.491920 0.870279 -0.025089
vn 0.265694 0.951686 0.153950
vn 0.392127 0.893774 0.217725
vn 0.502644 0.830965 0.238422
vn 0.624155 0.770645 0.128599
vn 0.584176 0.779778 0.225133
vn 0.690524 0.715516 0.105892
vn 0.633745 0.772807 -0.033707
vn 0.632779 0.773641 0.032702
vn 0.715572 0.698379 0.014942
vn 0.742581 0.668715 -0.037340
vn 0.339783 0.929418 -0.143975
vn 0.443352 0.877731 -0.181737
vn 0.303641 0.948276 -0.092599
vn 0.403055 0.908015 -0.114259
vn 0.517998 0.845456 -0.129934
vn 0.504134 0.840638 -0.197932
vn 0.247811 0.968068 -0.037865
vn 0.367929 0.927951 -0.059459
vn 0.507971 0.857985 -0.076332
vn 0.629736 0.772635 -0.080431
vn 0.598337 0.791302 -0.125834
vn 0.721077 0.690133 -0.061359
vn 0.783058 0.620795 -0.037868
vn 0.314274 0.933173 -0.174412
vn 0.057547 0.998014 0.025637
vn 0.069359 0.997357 0.021645
vn 0.074137 0.997063 0.019228
vn 0.088484 0.996026 0.010146
vn 0.099703 0.994906 0.014883
vn 0.119562 0.992814 -0.005000
vn 0.126404 0.991911 -0.011569
vn 0.114795 0.993389 -0.000116
vn 0.162203 0.986114 -0.035622
vn 0.163139 0.986436 -0.018158
vn 0.151258 0.988470 0.006858
vn 0.215651 0.974514 -0.061784
vn 0.254352 0.961218 -0.106611
vn 0.180082 0.981881 -0.058988
vn 0.140852 0.989848 -0.018997
vn 0.130342 0.991454 -0.005437
vn 0.074554 0.996318 0.042335
vn 0.147259 0.983359 0.106395
vn 0.113014 0.991572 0.063347
vn 0.170198 0.972226 0.160654
vn 0.177379 0.977412 0.114899
vn 0.165918 0.982828 0.080748
vn 0.097759 0.994615 0.034401
vn 0.147801 0.988285 0.038058
vn 0.060028 0.997783 0.028737
vn 0.062927 0.997504 0.032039
vn 0.069240 0.997130 0.030604
s 1
g surfaceShatter shard3
usemtl blinn2SG
f 1855/2033/2537 1853/2031/2538 1854/2032/2539 1856/2034/2540
f 1856/2034/2540 1857/2035/2541 1855/2033/2537
f 1860/2038/2542 1858/2036/2543 1859/2037/2544 1861/2039/2545
f 1864/2042/2546 1862/2040/2547 1863/2041/2548 1865/2043/2549
f 1863/2041/2548 1866/2044/2550 1867/2045/2551 1865/2043/2549
f 1868/2046/2552 1865/2043/2549 1867/2045/2551 1869/2047/2553
f 1870/2048/2554 1864/2042/2546 1865/2043/2549 1868/2046/2552
f 1866/2044/2550 1871/2049/2555 1872/2050/2556 1867/2045/2551
f 1871/2049/2555 1859/2037/2544 1872/2050/2556
f 1872/2050/2556 1859/2037/2544 1858/2036/2543 1873/2051/2557
f 1867/2045/2551 1872/2050/2556 1873/2051/2557 1869/2047/2553
f 1874/2052/2558 1869/2047/2553 1873/2051/2557 1875/2053/2559
f 1873/2051/2557 1858/2036/2543 1875/2053/2559
f 1874/2052/2558 1875/2053/2559 1876/2054/2560
f 1877/2055/2561 1870/2048/2554 1868/2046/2552 1878/2056/2562
f 1878/2056/2562 1868/2046/2552 1869/2047/2553 1874/2052/2558
f 1879/2057/2563 1878/2056/2562 1874/2052/2558 1876/2054/2560
f 1880/2058/2564 1877/2055/2561 1878/2056/2562 1879/2057/2563
f 1856/2034/2540 1854/2032/2539 1881/2059/2565 1882/2060/2566
f 1881/2059/2565 1883/2061/2567 1884/2062/2568 1882/2060/2566
f 1882/2060/2566 1884/2062/2568 1885/2063/2569 1886/2064/2570
f 1856/2034/2540 1882/2060/2566 1886/2064/2570 1857/2035/2541
f 1883/2061/2567 1887/2065/2571 1888/2066/2572 1884/2062/2568
f 1887/2065/2571 1862/2040/2547 1864/2042/2546 1888/2066/2572
f 1888/2066/2572 1864/2042/2546 1870/2048/2554 1889/2067/2573
f 1884/2062/2568 1888/2066/2572 1889/2067/2573 1885/2063/2569
f 1885/2063/2569 1889/2067/2573 1890/2068/2574 1891/2069/2575
f 1889/2067/2573 1870/2048/2554 1877/2055/2561 1890/2068/2574
f 1890/2068/2574 1877/2055/2561 1880/2058/2564 1892/2070/2576
f 1890/2068/2574 1892/2070/2576 1891/2069/2575
f 1885/2063/2569 1891/2069/2575 1886/2064/2570
f 1880/2058/2564 1879/2057/2563 1893/2071/2577 1892/2070/2576
f 1854/2032/2539 1853/2031/2538 1894/2072/2578
f 1895/2073/2579 1896/2074/2580 1897/2075/2581
f 1898/2076/2582 1897/2075/2581 1896/2074/2580 1899/2077/2583
f 1898/2076/2582 1899/2077/2583 1900/2078/2584
f 1898/2076/2582 1900/2078/2584 1901/2079/2585 1903/2081/2586
f 1902/2080/2587 1901/2079/2585 1900/2078/2584 1905/2083/2588
f 1897/2075/2581 1898/2076/2582 1903/2081/2586
f 1900/2078/2584 1899/2077/2583 1904/2082/2589 1905/2083/2588
f 1905/2083/2588 1904/2082/2589 1862/2040/2547 1887/2065/2571
f 1905/2083/2588 1887/2065/2571 1906/2084/2590 1902/2080/2587
f 1906/2084/2590 1887/2065/2571 1883/2061/2567
f 1902/2080/2587 1906/2084/2590 1907/2085/2591 1908/2086/2592
f 1906/2084/2590 1883/2061/2567 1881/2059/2565 1907/2085/2591
f 1907/2085/2591 1881/2059/2565 1854/2032/2539 1894/2072/2578
f 1907/2085/2591 1894/2072/2578 1908/2086/2592
f 1903/2081/2586 1901/2079/2585 1909/2087/2593 1910/2088/2594
f 1901/2079/2585 1902/2080/2587 1908/2086/2592 1909/2087/2593
f 1911/2089/2595 1912/2090/2596 1913/2091/2597
f 1912/2090/2596 1914/2092/2598 1915/2093/2599
f 1916/2094/2600 1915/2093/2599 1871/2049/2555 1866/2044/2550
f 1913/2091/2597 1912/2090/2596 1915/2093/2599 1916/2094/2600
f 1917/2095/2601 1913/2091/2597 1916/2094/2600 1918/2096/2602
f 1918/2096/2602 1916/2094/2600 1866/2044/2550 1863/2041/2548
f 1904/2082/2589 1918/2096/2602 1863/2041/2548 1862/2040/2547
f 1899/2077/2583 1917/2095/2601 1918/2096/2602 1904/2082/2589
f 1920/2098/2603 1919/2097/2604 1911/2089/2595 1921/2099/2605
f 1921/2099/2605 1911/2089/2595 1913/2091/2597 1917/2095/2601
f 1896/2074/2580 1921/2099/2605 1917/2095/2601 1899/2077/2583
f 1895/2073/2579 1920/2098/2603 1921/2099/2605 1896/2074/2580
g default
v -0.710995 1.839535 3.398688
v -0.392356 2.065679 2.939920
v -0.856254 2.046263 3.401375
v -0.549944 2.267459 2.942268
v -0.094543 2.280473 2.485439
v -0.263701 2.477610 2.487467
v -0.684464 2.460271 2.939741
v -0.418766 2.653009 2.488718
v -0.968718 2.257435 3.394652
v 0.161595 2.472560 2.039532
v -0.017577 2.665677 2.041282
v 0.355236 2.630590 1.606488
v 0.168356 2.820616 1.608025
v -0.190165 2.825548 2.045463
v -0.017225 2.967790 1.613865
v -0.565577 2.807721 2.489301
v -0.360975 2.957114 2.050880
v -0.534796 3.065324 2.056336
v -0.709966 2.942798 2.489326
v -1.057012 2.465321 3.382123
v -0.803070 2.640880 2.934114
v -0.912911 2.806050 2.927152
v -1.129740 2.662193 3.367392
v 0.274048 2.931383 1.192002
v 0.465543 2.743210 1.190592
v 0.513373 2.815324 0.784144
v 0.269735 2.980841 -0.884270
v 0.490451 2.837620 -0.455535
v 0.463551 2.793599 -0.885615
v 0.035396 3.060788 -1.306179
v 0.220351 2.915528 -1.312156
v 0.411838 2.727355 -1.313565
v -0.089282 1.252938 3.333261
v 0.001682 1.641914 2.917873
v -0.311843 1.452747 3.359447
v 0.295162 1.821304 2.478934
v 0.548564 1.981143 2.045259
v 0.094529 2.060538 2.482524
v 0.352131 2.241246 2.041406
v 0.741859 2.111658 1.619483
v 0.547579 2.389479 1.611218
v -0.204522 1.858177 2.930932
v -0.524295 1.644990 3.382984
v 0.707903 2.601741 -0.029805
v 0.519565 2.851828 0.379442
v 0.719566 2.595306 0.381698
v 0.710569 2.561278 0.787967
v 0.921025 2.290820 0.385881
v 0.908039 2.260942 0.794661
v 0.914005 2.298263 -0.026967
v 0.660151 2.494413 1.195606
v 0.854991 2.203070 1.204240
v 1.118094 1.968547 -0.024015
v 1.119923 1.959978 0.390336
v 1.315019 1.633960 -0.022260
v 0.670672 2.547874 -0.881568
v 0.696289 2.585810 -0.453145
v 0.907029 2.288825 -0.448749
v 1.116300 1.966366 -0.444057
v -1.268091 3.375027 1.652886
v -1.044346 3.334248 1.648307
v -1.252853 3.388220 1.236103
v -1.012032 3.362089 1.231754
v -0.823416 3.288927 1.643331
v -0.774585 3.331514 1.226989
v -0.993691 3.382691 0.816316
v -1.241585 3.400093 0.819217
v -0.608121 3.234527 1.637561
v -1.195549 2.840312 3.354065
v -1.021155 2.952540 2.920622
v -0.857769 3.059302 2.488905
v -1.128188 3.085026 2.914418
v -1.008138 3.161872 2.488147
v -1.256164 3.004370 3.341788
v -0.716421 3.155120 2.060642
v -0.903911 3.231106 2.064085
v -1.095286 3.297893 2.066954
v -1.160208 3.255157 2.487167
v -1.288620 3.360075 2.069533
v -1.313115 3.343798 2.486075
v -1.313311 3.159052 3.330213
v -1.234431 3.208167 2.908429
v -1.340259 3.326646 2.902551
v -1.368724 3.309048 3.318989
vt 0.565898 0.821855
vt 0.588911 0.824271
vt 0.565898 0.841185
vt 0.588911 0.841876
vt 0.611924 0.825048
vt 0.611924 0.842393
vt 0.588911 0.860487
vt 0.611924 0.860466
vt 0.565898 0.860516
vt 0.634936 0.825307
vt 0.634936 0.842566
vt 0.657949 0.825307
vt 0.657949 0.842566
vt 0.634936 0.860458
vt 0.657949 0.860459
vt 0.611924 0.878437
vt 0.634936 0.878236
vt 0.634936 0.895150
vt 0.611924 0.895452
vt 0.565898 0.879847
vt 0.588911 0.879041
vt 0.588911 0.896358
vt 0.565898 0.899177
vt 0.680962 0.842566
vt 0.680962 0.825307
vt 0.703975 0.825307
vt 0.796025 0.842566
vt 0.773013 0.825307
vt 0.796025 0.825307
vt 0.819038 0.860458
vt 0.819038 0.842566
vt 0.819038 0.825307
vt 0.565898 0.780432
vt 0.588911 0.794124
vt 0.565898 0.794239
vt 0.611924 0.794038
vt 0.634936 0.794009
vt 0.611924 0.809255
vt 0.634936 0.809428
vt 0.657949 0.794009
vt 0.657949 0.809428
vt 0.588911 0.808737
vt 0.565898 0.808047
vt 0.750000 0.809428
vt 0.726987 0.825307
vt 0.726987 0.809428
vt 0.703975 0.809428
vt 0.726987 0.794009
vt 0.703975 0.794009
vt 0.750000 0.794009
vt 0.680962 0.809428
vt 0.680962 0.794009
vt 0.750000 0.778131
vt 0.726987 0.778131
vt 0.750000 0.760871
vt 0.796025 0.809428
vt 0.773013 0.809428
vt 0.773013 0.794009
vt 0.773013 0.778131
vt 0.657949 0.950726
vt 0.657949 0.937839
vt 0.680962 0.950726
vt 0.680962 0.937839
vt 0.657949 0.924549
vt 0.680962 0.924549
vt 0.703975 0.937839
vt 0.703975 0.950726
vt 0.657949 0.910454
vt 0.565898 0.912064
vt 0.588911 0.911259
vt 0.611924 0.910655
vt 0.588911 0.924750
vt 0.611924 0.924599
vt 0.565898 0.924952
vt 0.634936 0.910454
vt 0.634936 0.924549
vt 0.634936 0.937839
vt 0.611924 0.937839
vt 0.634936 0.950726
vt 0.611924 0.950726
vt 0.565898 0.937839
vt 0.588911 0.937839
vt 0.588911 0.950726
vt 0.565898 0.950726
vn 0.637033 0.438381 0.634043
vn 0.597013 0.477848 0.644389
vn 0.600252 0.487126 0.634354
vn 0.629997 0.463586 0.623050
vn 0.610844 0.509919 0.605683
vn 0.616374 0.516394 0.594491
vn 0.664285 0.442950 0.602097
vn 0.619779 0.543825 0.565799
vn 0.677654 0.412422 0.608846
vn 0.637786 0.553594 0.535503
vn 0.608881 0.597406 0.521891
vn 0.679073 0.597948 0.425815
vn 0.624627 0.654161 0.426514
vn 0.573718 0.646074 0.503425
vn 0.585063 0.680690 0.440866
vn 0.614451 0.597198 0.515562
vn 0.510839 0.712413 0.481156
vn 0.500844 0.763653 0.407419
vn 0.599343 0.672509 0.434188
vn 0.716752 0.403152 0.568977
vn 0.693801 0.451446 0.561104
vn 0.701971 0.497034 0.510092
vn 0.712619 0.549297 0.436402
vn 0.749646 0.418193 0.512977
vn 0.661824 0.678306 0.319201
vn 0.723490 0.628967 0.284542
vn 0.774151 0.618520 0.134626
vn 0.677135 0.715263 -0.172881
vn 0.758334 0.644647 -0.096747
vn 0.728583 0.668673 -0.148469
vn 0.602892 0.775371 -0.187937
vn 0.662674 0.724670 -0.188988
vn 0.701434 0.687179 -0.189142
vn 0.559212 0.540506 0.628598
vn 0.580210 0.518909 0.627765
vn 0.564076 0.528625 0.634329
vn 0.614396 0.512396 0.599974
vn 0.618574 0.510742 0.597084
vn 0.669422 0.515453 0.534960
vn 0.660302 0.525909 0.536117
vn 0.735189 0.529971 0.422645
vn 0.721872 0.549093 0.421187
vn 0.583931 0.509737 0.631816
vn 0.572150 0.511188 0.641351
vn 0.818119 0.574564 -0.023622
vn 0.787844 0.613807 0.050433
vn 0.814638 0.579044 0.032774
vn 0.805190 0.578799 0.129075
vn 0.842137 0.538662 0.025474
vn 0.829785 0.544764 0.121200
vn 0.837899 0.545619 -0.014992
vn 0.776986 0.569295 0.268691
vn 0.794920 0.543485 0.269677
vn 0.855513 0.517768 -0.003794
vn 0.856633 0.515849 0.008913
vn 0.861812 0.507228 0.000141
vn 0.850881 0.525256 -0.010359
vn 0.773099 0.622611 -0.121132
vn 0.795394 0.601900 -0.071168
vn 0.831435 0.554605 -0.033622
vn 0.116578 0.991947 0.049493
vn 0.191649 0.979077 0.068398
vn 0.201163 0.974835 0.096075
vn 0.131261 0.989249 0.064465
vn 0.243092 0.958045 0.151845
vn 0.164814 0.982090 0.091301
vn 0.095074 0.994502 0.043891
vn 0.089265 0.995122 0.042003
vn 0.303508 0.931449 0.200712
vn 0.776952 0.452646 0.437558
vn 0.534493 0.768119 0.352577
vn 0.727903 0.597815 0.335820
vn 0.475097 0.837900 0.268713
vn 0.481052 0.856938 0.185059
vn 0.805861 0.484649 0.340152
vn 0.418452 0.858654 0.295992
vn 0.356298 0.909054 0.216039
vn 0.305309 0.941621 0.141905
vn 0.294788 0.950153 0.101537
vn 0.514530 0.848936 0.120688
vn 0.785276 0.589115 0.190487
vn 0.832463 0.508210 0.220745
vn 0.812298 0.569770 0.124633
vn 0.843470 0.516073 0.149091
s 1
g surfaceShatter shard4
usemtl blinn2SG
f 1924/2102/2606 1922/2100/2607 1923/2101/2608 1925/2103/2609
f 1925/2103/2609 1923/2101/2608 1926/2104/2610 1927/2105/2611
f 1928/2106/2612 1925/2103/2609 1927/2105/2611 1929/2107/2613
f 1930/2108/2614 1924/2102/2606 1925/2103/2609 1928/2106/2612
f 1926/2104/2610 1931/2109/2615 1927/2105/2611
f 1927/2105/2611 1931/2109/2615 1932/2110/2616 1929/2107/2613
f 1932/2110/2616 1931/2109/2615 1933/2111/2617 1934/2112/2618
f 1935/2113/2619 1932/2110/2616 1934/2112/2618 1936/2114/2620
f 1929/2107/2613 1932/2110/2616 1935/2113/2619 1937/2115/2621
f 1937/2115/2621 1935/2113/2619 1938/2116/2622 1939/2117/2623
f 1937/2115/2621 1939/2117/2623 1940/2118/2624
f 1941/2119/2625 1930/2108/2614 1928/2106/2612 1942/2120/2626
f 1928/2106/2612 1929/2107/2613 1942/2120/2626
f 1942/2120/2626 1929/2107/2613 1937/2115/2621 1943/2121/2627
f 1943/2121/2627 1937/2115/2621 1940/2118/2624 1991/2169/2628
f 1944/2122/2629 1941/2119/2625 1942/2120/2626 1943/2121/2627
f 1945/2123/2630 1936/2114/2620 1934/2112/2618
f 1946/2124/2631 1945/2123/2630 1934/2112/2618 1933/2111/2617
f 1947/2125/2632 1945/2123/2630 1946/2124/2631
f 1948/2126/2633 1949/2127/2634 1950/2128/2635
f 1951/2129/2636 1948/2126/2633 1952/2130/2637
f 1952/2130/2637 1948/2126/2633 1950/2128/2635 1953/2131/2638
f 1954/2132/2639 1955/2133/2640 1956/2134/2641
f 1959/2137/2642 1957/2135/2643 1958/2136/2644 1960/2138/2645
f 1960/2138/2645 1958/2136/2644 1961/2139/2646 1962/2140/2647
f 1931/2109/2615 1960/2138/2645 1962/2140/2647 1933/2111/2617
f 1926/2104/2610 1959/2137/2642 1960/2138/2645 1931/2109/2615
f 1956/2134/2641 1955/2133/2640 1963/2141/2648 1964/2142/2649
f 1963/2141/2648 1955/2133/2640 1957/2135/2643 1959/2137/2642
f 1923/2101/2608 1963/2141/2648 1959/2137/2642 1926/2104/2610
f 1922/2100/2607 1964/2142/2649 1963/2141/2648 1923/2101/2608
f 1965/2143/2650 1966/2144/2651 1967/2145/2652
f 1967/2145/2652 1966/2144/2651 1947/2125/2632 1968/2146/2653
f 1969/2147/2654 1967/2145/2652 1968/2146/2653 1970/2148/2655
f 1971/2149/2656 1965/2143/2650 1967/2145/2652 1969/2147/2654
f 1968/2146/2653 1947/2125/2632 1946/2124/2631 1972/2150/2657
f 1972/2150/2657 1946/2124/2631 1933/2111/2617 1962/2140/2647
f 1973/2151/2658 1972/2150/2657 1962/2140/2647 1961/2139/2646
f 1970/2148/2655 1968/2146/2653 1972/2150/2657 1973/2151/2658
f 1974/2152/2659 1971/2149/2656 1969/2147/2654 1975/2153/2660
f 1969/2147/2654 1970/2148/2655 1975/2153/2660
f 1974/2152/2659 1975/2153/2660 1976/2154/2661 1980/2158/2662
f 1950/2128/2635 1977/2155/2663 1953/2131/2638
f 1950/2128/2635 1949/2127/2634 1978/2156/2664 1977/2155/2663
f 1949/2127/2634 1965/2143/2650 1978/2156/2664
f 1978/2156/2664 1965/2143/2650 1971/2149/2656 1979/2157/2665
f 1978/2156/2664 1979/2157/2665 1977/2155/2663
f 1979/2157/2665 1971/2149/2656 1974/2152/2659 1980/2158/2662
f 1983/2161/2666 1981/2159/2667 1982/2160/2668 1984/2162/2669
f 1984/2162/2669 1982/2160/2668 1985/2163/2670 1986/2164/2671
f 1984/2162/2669 1986/2164/2671 1987/2165/2672
f 1988/2166/2673 1983/2161/2666 1984/2162/2669 1987/2165/2672
f 1985/2163/2670 1989/2167/2674 1986/2164/2671
f 1990/2168/2675 1944/2122/2629 1943/2121/2627 1991/2169/2628
f 1991/2169/2628 1940/2118/2624 1992/2170/2676 1993/2171/2677
f 1993/2171/2677 1992/2170/2676 1994/2172/2678 1999/2177/2679
f 1995/2173/2680 1990/2168/2675 1991/2169/2628 1993/2171/2677
f 1940/2118/2624 1939/2117/2623 1996/2174/2681 1992/2170/2676
f 1939/2117/2623 1989/2167/2674 1996/2174/2681
f 1996/2174/2681 1989/2167/2674 1985/2163/2670 1997/2175/2682
f 1992/2170/2676 1996/2174/2681 1997/2175/2682 1994/2172/2678
f 1994/2172/2678 1997/2175/2682 1998/2176/2683 1999/2177/2679
f 1997/2175/2682 1985/2163/2670 1982/2160/2668 1998/2176/2683
f 1998/2176/2683 1982/2160/2668 1981/2159/2667 2000/2178/2684
f 1998/2176/2683 2000/2178/2684 1999/2177/2679
f 1999/2177/2679 2000/2178/2684 2001/2179/2685 2003/2181/2686
f 2002/2180/2687 1995/2173/2680 1993/2171/2677 2003/2181/2686
f 1993/2171/2677 1999/2177/2679 2003/2181/2686
f 2003/2181/2686 2001/2179/2685 2004/2182/2688
f 2005/2183/2689 2002/2180/2687 2003/2181/2686 2004/2182/2688
g default
v 1.652626 2.547142 -2.883929
v 1.708868 2.331209 -2.888409
v 1.325118 2.444507 -3.309643
v 1.398347 2.235067 -3.313661
v 1.959204 2.642703 -2.458760
v 1.999522 2.420686 -2.463672
v 1.997945 2.217365 -2.468845
v 1.730332 2.135979 -2.892973
v 1.444388 2.048463 -3.317577
v 2.223936 2.724114 -2.034682
v 2.250451 2.496824 -2.039969
v 2.425888 2.784304 -1.612239
v 2.441788 2.552957 -1.617815
v 2.404880 2.337234 -1.623921
v 2.228900 2.286493 -2.045669
v 2.166783 2.084630 -2.051865
v 1.962421 2.024507 -2.474347
v 2.322297 2.128443 -1.630650
v 2.201148 1.917885 -1.638099
v 2.071555 1.882736 -2.058640
v 1.900888 1.833873 -2.480248
v 1.725497 1.953510 -2.897675
v 1.472289 1.877077 -3.321426
v 2.530629 2.330615 0.882415
v 2.482132 2.306262 1.298333
v 2.429629 2.115590 0.875206
v 2.558964 2.356317 0.048794
v 2.551657 2.345766 0.465783
v 2.455915 2.140601 0.041531
v 2.448615 2.130049 0.458520
v 2.301543 1.910827 0.450398
v 2.285149 1.897234 0.867151
v 2.308843 1.921379 0.033409
v 2.316136 1.931929 -0.383580
v 2.463216 2.151154 -0.375457
v 2.309753 1.937913 -0.800924
v 2.454235 2.156270 -0.792869
v 2.555227 2.371292 -0.785659
v 2.566254 2.366869 -0.368195
v 2.275985 1.934755 -1.218978
v 2.412688 2.150511 -1.211125
v 2.507544 2.363457 -1.204076
v 2.553668 2.582414 -1.197727
v 2.605960 2.591869 -0.779190
v 2.544141 2.816197 -1.191978
v 2.618522 2.587984 -0.361684
v 0.807627 3.493051 -3.270767
v 1.276845 3.332515 -2.866352
v 0.943061 3.218026 -3.288196
v 1.589425 3.439549 -2.444667
v 1.741594 3.159829 -2.449383
v 1.423453 3.056341 -2.873986
v 1.083659 2.945350 -3.299056
v 2.016398 3.248303 -2.025718
v 2.141875 2.976860 -2.029721
v 1.869041 2.891648 -2.454039
v 2.226205 3.314257 -1.603461
v 2.350073 3.039975 -1.607097
v 1.553100 2.791701 -2.879482
v 1.215610 2.684387 -3.305491
v 2.472058 3.073619 -1.186726
v 2.124497 1.689754 0.024320
v 2.117197 1.679203 0.441309
v 1.912198 1.448828 0.014507
v 1.904892 1.438275 0.431496
v 1.681263 1.201700 0.004210
v 2.048550 1.696862 -1.646364
v 2.104339 1.707370 -1.227737
v 2.128583 1.707349 -0.809930
v 1.919489 1.459377 -0.402482
v 2.131793 1.700305 -0.392668
vt 0.911089 0.679607
vt 0.911089 0.664505
vt 0.934102 0.674573
vt 0.934102 0.663067
vt 0.888076 0.681225
vt 0.888076 0.665584
vt 0.888076 0.652190
vt 0.911089 0.651920
vt 0.934102 0.651561
vt 0.865064 0.681765
vt 0.865064 0.665944
vt 0.842051 0.681765
vt 0.842051 0.665944
vt 0.842051 0.652280
vt 0.865064 0.652280
vt 0.865064 0.640054
vt 0.888076 0.640054
vt 0.842051 0.640054
vt 0.842051 0.628548
vt 0.865064 0.628548
vt 0.888076 0.628548
vt 0.911089 0.640054
vt 0.934102 0.640054
vt 0.703975 0.652280
vt 0.680962 0.652280
vt 0.703975 0.640054
vt 0.750000 0.652280
vt 0.726987 0.652280
vt 0.750000 0.640054
vt 0.726987 0.640054
vt 0.726987 0.628548
vt 0.703975 0.628548
vt 0.750000 0.628548
vt 0.773013 0.628548
vt 0.773013 0.640054
vt 0.796025 0.628548
vt 0.796025 0.640054
vt 0.796025 0.652280
vt 0.773013 0.652280
vt 0.819038 0.628548
vt 0.819038 0.640054
vt 0.819038 0.652280
vt 0.819038 0.665944
vt 0.796025 0.665944
vt 0.819038 0.681765
vt 0.773013 0.665944
vt 0.934102 0.766624
vt 0.911089 0.742461
vt 0.934102 0.743611
vt 0.888076 0.741598
vt 0.888076 0.720725
vt 0.911089 0.720671
vt 0.934102 0.720599
vt 0.865064 0.720743
vt 0.865064 0.700463
vt 0.888076 0.700103
vt 0.842051 0.720743
vt 0.842051 0.700463
vt 0.911089 0.699024
vt 0.934102 0.697586
vt 0.819038 0.700463
vt 0.750000 0.617042
vt 0.726987 0.617042
vt 0.750000 0.605535
vt 0.726987 0.605535
vt 0.750000 0.594029
vt 0.842051 0.617042
vt 0.819038 0.617042
vt 0.796025 0.617042
vt 0.773013 0.605535
vt 0.773013 0.617042
vn 0.728266 0.280590 -0.625219
vn 0.744254 0.263597 -0.613679
vn 0.789708 0.162056 -0.591692
vn 0.771694 0.197479 -0.604558
vn 0.785805 0.230293 -0.573999
vn 0.832484 0.090099 -0.546674
vn 0.865948 -0.065713 -0.495799
vn 0.833045 0.050001 -0.550941
vn 0.816302 0.109370 -0.567177
vn 0.843807 0.203678 -0.496492
vn 0.885164 0.025369 -0.464587
vn 0.912797 0.184271 -0.364479
vn 0.941972 -0.028507 -0.334479
vn 0.927453 -0.243410 -0.283870
vn 0.898101 -0.165424 -0.407492
vn 0.883498 -0.327291 -0.335131
vn 0.878018 -0.217301 -0.426455
vn 0.883063 -0.411562 -0.225425
vn 0.837033 -0.519598 -0.171443
vn 0.865805 -0.405456 -0.293237
vn 0.871515 -0.313786 -0.376828
vn 0.853554 -0.018055 -0.520691
vn 0.836078 0.067655 -0.544423
vn 0.902690 -0.427957 0.044758
vn 0.901177 -0.425980 0.080137
vn 0.872342 -0.487993 0.029703
vn 0.866840 -0.498580 0.002557
vn 0.902261 -0.431162 0.004883
vn 0.902693 -0.429973 0.016404
vn 0.867686 -0.496959 0.012377
vn 0.809658 -0.586875 0.005621
vn 0.822074 -0.569173 0.015372
vn 0.805740 -0.592268 -0.000885
vn 0.807014 -0.590435 -0.010730
vn 0.868155 -0.496171 -0.010999
vn 0.811790 -0.582530 -0.040689
vn 0.871988 -0.486744 -0.052126
vn 0.944661 -0.321586 -0.064791
vn 0.931046 -0.364506 -0.017006
vn 0.822296 -0.561461 -0.092686
vn 0.878218 -0.462291 -0.122556
vn 0.942551 -0.295113 -0.156543
vn 0.977306 -0.081696 -0.195443
vn 0.978244 -0.193410 -0.075048
vn 0.951759 0.162999 -0.259972
vn 0.973632 -0.226177 -0.029757
vn 0.675670 0.373025 -0.635864
vn 0.682614 0.379366 -0.624595
vn 0.674916 0.373995 -0.636095
vn 0.699545 0.389686 -0.598984
vn 0.717296 0.372353 -0.588931
vn 0.689576 0.367361 -0.624123
vn 0.679784 0.364858 -0.636217
vn 0.773574 0.371984 -0.513041
vn 0.797973 0.325619 -0.507161
vn 0.744478 0.324330 -0.583578
vn 0.822701 0.380801 -0.422082
vn 0.863044 0.325300 -0.386439
vn 0.709192 0.331419 -0.622261
vn 0.696378 0.336659 -0.633812
vn 0.910937 0.298641 -0.284619
vn 0.765994 -0.642841 -0.002860
vn 0.767939 -0.640522 -0.001285
vn 0.740357 -0.672202 -0.004051
vn 0.743778 -0.668416 -0.003891
vn 0.730725 -0.682657 -0.004484
vn 0.744806 -0.667255 -0.005865
vn 0.800552 -0.593766 -0.080988
vn 0.808882 -0.572609 -0.133525
vn 0.784319 -0.619434 -0.033832
vn 0.769023 -0.639153 -0.009343
s 1
g surfaceShatter shard1
usemtl blinn2SG
f 2008/2186/2690 2006/2184/2691 2007/2185/2692 2009/2187/2693
f 2006/2184/2691 2010/2188/2694 2011/2189/2695 2007/2185/2692
f 2007/2185/2692 2011/2189/2695 2012/2190/2696 2013/2191/2697
f 2009/2187/2693 2007/2185/2692 2013/2191/2697 2014/2192/2698
f 2010/2188/2694 2015/2193/2699 2016/2194/2700 2011/2189/2695
f 2015/2193/2699 2017/2195/2701 2018/2196/2702 2016/2194/2700
f 2016/2194/2700 2018/2196/2702 2019/2197/2703 2020/2198/2704
f 2011/2189/2695 2016/2194/2700 2020/2198/2704 2012/2190/2696
f 2012/2190/2696 2020/2198/2704 2021/2199/2705 2022/2200/2706
f 2020/2198/2704 2019/2197/2703 2023/2201/2707 2021/2199/2705
f 2021/2199/2705 2023/2201/2707 2024/2202/2708 2025/2203/2709
f 2022/2200/2706 2021/2199/2705 2025/2203/2709 2026/2204/2710
f 2014/2192/2698 2013/2191/2697 2027/2205/2711 2028/2206/2712
f 2013/2191/2697 2012/2190/2696 2022/2200/2706 2027/2205/2711
f 2022/2200/2706 2026/2204/2710 2027/2205/2711
f 2029/2207/2713 2030/2208/2714 2031/2209/2715
f 2034/2212/2716 2032/2210/2717 2033/2211/2718 2035/2213/2719
f 2035/2213/2719 2033/2211/2718 2029/2207/2713 2031/2209/2715
f 2036/2214/2720 2035/2213/2719 2031/2209/2715 2037/2215/2721
f 2038/2216/2722 2034/2212/2716 2035/2213/2719 2036/2214/2720
f 2034/2212/2716 2038/2216/2722 2039/2217/2723 2040/2218/2724
f 2039/2217/2723 2041/2219/2725 2042/2220/2726 2040/2218/2724
f 2040/2218/2724 2042/2220/2726 2043/2221/2727 2044/2222/2728
f 2032/2210/2717 2034/2212/2716 2040/2218/2724 2044/2222/2728
f 2041/2219/2725 2045/2223/2729 2046/2224/2730 2042/2220/2726
f 2045/2223/2729 2024/2202/2708 2023/2201/2707 2046/2224/2730
f 2046/2224/2730 2023/2201/2707 2019/2197/2703 2047/2225/2731
f 2042/2220/2726 2046/2224/2730 2047/2225/2731 2043/2221/2727
f 2043/2221/2727 2047/2225/2731 2048/2226/2732 2049/2227/2733
f 2047/2225/2731 2019/2197/2703 2018/2196/2702 2048/2226/2732
f 2048/2226/2732 2018/2196/2702 2017/2195/2701 2050/2228/2734
f 2048/2226/2732 2050/2228/2734 2049/2227/2733
f 2044/2222/2728 2043/2221/2727 2049/2227/2733 2051/2229/2735
f 2052/2230/2736 2053/2231/2737 2054/2232/2738
f 2053/2231/2737 2055/2233/2739 2056/2234/2740 2057/2235/2741
f 2054/2232/2738 2053/2231/2737 2057/2235/2741 2058/2236/2742
f 2055/2233/2739 2059/2237/2743 2056/2234/2740
f 2056/2234/2740 2059/2237/2743 2060/2238/2744 2061/2239/2745
f 2059/2237/2743 2062/2240/2746 2063/2241/2747 2060/2238/2744
f 2060/2238/2744 2063/2241/2747 2017/2195/2701 2015/2193/2699
f 2061/2239/2745 2060/2238/2744 2015/2193/2699 2010/2188/2694
f 2058/2236/2742 2057/2235/2741 2064/2242/2748 2065/2243/2749
f 2057/2235/2741 2056/2234/2740 2061/2239/2745 2064/2242/2748
f 2064/2242/2748 2061/2239/2745 2010/2188/2694 2006/2184/2691
f 2065/2243/2749 2064/2242/2748 2006/2184/2691 2008/2186/2690
f 2050/2228/2734 2017/2195/2701 2063/2241/2747 2066/2244/2750
f 2063/2241/2747 2062/2240/2746 2066/2244/2750
f 2067/2245/2751 2038/2216/2722 2036/2214/2720 2068/2246/2752
f 2036/2214/2720 2037/2215/2721 2068/2246/2752
f 2069/2247/2753 2067/2245/2751 2068/2246/2752 2070/2248/2754
f 2069/2247/2753 2070/2248/2754 2071/2249/2755 2075/2253/2756
f 2073/2251/2757 2072/2250/2758 2024/2202/2708 2045/2223/2729
f 2074/2252/2759 2073/2251/2757 2045/2223/2729 2041/2219/2725
f 2075/2253/2756 2074/2252/2759 2076/2254/2760
f 2076/2254/2760 2074/2252/2759 2041/2219/2725 2039/2217/2723
f 2067/2245/2751 2076/2254/2760 2039/2217/2723 2038/2216/2722
f 2069/2247/2753 2075/2253/2756 2076/2254/2760 2067/2245/2751
f 2024/2202/2708 2072/2250/2758 2025/2203/2709
g default
v -0.452016 2.416533 1.593293
v -0.647588 2.502703 1.601846
v -0.607281 2.293302 2.022129
v -0.781102 2.401512 2.027585
v -0.569624 2.575445 1.185774
v -0.854427 2.570715 1.608810
v -0.790194 2.628241 1.192634
vt 0.657949 0.878236
vt 0.657949 0.895150
vt 0.634936 0.878236
vt 0.634936 0.895150
vt 0.680962 0.895150
vt 0.657949 0.910454
vt 0.680962 0.910454
vn 0.393914 0.862483 0.317733
vn 0.356118 0.891980 0.278481
vn 0.469564 0.807395 0.357243
vn 0.455992 0.823045 0.338626
vn 0.276263 0.936607 0.215514
vn 0.310474 0.919561 0.240861
vn 0.257067 0.945379 0.200436
s 1
g surfaceShatter shard5
usemtl blinn2SG
f 2077/2255/2761 2078/2256/2762 2079/2257/2763
f 2079/2257/2763 2078/2256/2762 2080/2258/2764
f 2078/2256/2762 2077/2255/2761 2081/2259/2765
f 2082/2260/2766 2078/2256/2762 2083/2261/2767
f 2083/2261/2767 2078/2256/2762 2081/2259/2765
f 2078/2256/2762 2082/2260/2766 2080/2258/2764
g default
v -0.544355 2.283714 -1.511608
v -0.615028 2.259465 -1.927847
v -0.762119 2.332373 -1.506913
v -0.813879 2.323270 -1.925432
v -0.329603 2.230274 -1.516705
v -0.417968 2.191001 -1.930544
v -0.533253 2.142417 -2.341176
v -0.708224 2.227547 -2.342747
v -0.883361 2.308274 -2.344412
v -0.120863 2.167257 -1.522604
v -0.224458 2.113233 -1.933805
v -0.036287 2.021504 -1.937916
v -0.184422 1.941387 -2.338692
v -0.358598 2.048497 -2.339793
v -0.513116 1.976615 -2.742305
v -0.666498 2.087620 -2.749672
v -0.354557 1.853445 -2.734515
v -0.535693 1.761588 -3.127857
v -0.677818 1.901163 -3.143079
v -0.808724 2.029716 -3.157099
v -0.816440 2.190511 -2.756757
v -0.964642 2.289349 -2.763697
v -0.932156 2.150922 -3.170319
v -1.051842 2.268459 -3.183137
v -0.277151 2.257115 -1.098594
v -0.503713 2.297737 -1.093586
v -0.733979 2.333611 -1.089006
vt 0.842051 0.937839
vt 0.865064 0.937839
vt 0.842051 0.950726
vt 0.865064 0.950726
vt 0.842051 0.924549
vt 0.865064 0.924549
vt 0.888076 0.924599
vt 0.888076 0.937839
vt 0.888076 0.950726
vt 0.842051 0.910454
vt 0.865064 0.910454
vt 0.865064 0.895150
vt 0.888076 0.895452
vt 0.888076 0.910655
vt 0.911089 0.911259
vt 0.911089 0.924750
vt 0.911089 0.896358
vt 0.934102 0.899177
vt 0.934102 0.912064
vt 0.934102 0.924952
vt 0.911089 0.937839
vt 0.911089 0.950726
vt 0.934102 0.937839
vt 0.934102 0.950726
vt 0.819038 0.924549
vt 0.819038 0.937839
vt 0.819038 0.950726
vn 0.222283 0.973426 -0.055071
vn 0.231700 0.969772 -0.076529
vn 0.316558 0.940058 -0.126817
vn 0.309949 0.945490 -0.099904
vn 0.270941 0.954895 -0.121522
vn 0.345494 0.920175 -0.184152
vn 0.432285 0.867242 -0.247023
vn 0.397410 0.900059 -0.178774
vn 0.404619 0.902209 -0.149344
vn 0.323898 0.931801 -0.163822
vn 0.399265 0.884142 -0.242651
vn 0.446761 0.848198 -0.284545
vn 0.493223 0.801662 -0.337740
vn 0.478027 0.822090 -0.309287
vn 0.571506 0.736755 -0.361349
vn 0.558135 0.774300 -0.298236
vn 0.574887 0.719608 -0.389447
vn 0.617661 0.670906 -0.410342
vn 0.618541 0.687634 -0.380219
vn 0.625361 0.714292 -0.314183
vn 0.553169 0.802202 -0.224669
vn 0.562705 0.805196 -0.187142
vn 0.660051 0.719988 -0.214361
vn 0.698991 0.692161 -0.179790
vn 0.217515 0.973218 -0.074393
vn 0.195936 0.979207 -0.052558
vn 0.184640 0.982248 -0.033125
s 1
g surfaceShatter shard7
usemtl blinn2SG
f 2086/2264/2768 2084/2262/2769 2085/2263/2770 2087/2265/2771
f 2084/2262/2769 2088/2266/2772 2089/2267/2773 2085/2263/2770
f 2085/2263/2770 2089/2267/2773 2090/2268/2774 2091/2269/2775
f 2087/2265/2771 2085/2263/2770 2091/2269/2775 2092/2270/2776
f 2088/2266/2772 2093/2271/2777 2094/2272/2778 2089/2267/2773
f 2093/2271/2777 2095/2273/2779 2094/2272/2778
f 2094/2272/2778 2095/2273/2779 2096/2274/2780 2097/2275/2781
f 2089/2267/2773 2094/2272/2778 2097/2275/2781 2090/2268/2774
f 2090/2268/2774 2097/2275/2781 2098/2276/2782 2099/2277/2783
f 2097/2275/2781 2096/2274/2780 2100/2278/2784 2098/2276/2782
f 2098/2276/2782 2100/2278/2784 2101/2279/2785 2102/2280/2786
f 2099/2277/2783 2098/2276/2782 2102/2280/2786 2103/2281/2787
f 2091/2269/2775 2104/2282/2788 2092/2270/2776
f 2105/2283/2789 2092/2270/2776 2104/2282/2788 2106/2284/2790
f 2090/2268/2774 2099/2277/2783 2091/2269/2775
f 2104/2282/2788 2091/2269/2775 2099/2277/2783 2103/2281/2787
f 2104/2282/2788 2103/2281/2787 2106/2284/2790
f 2105/2283/2789 2106/2284/2790 2107/2285/2791
f 2108/2286/2792 2093/2271/2777 2088/2266/2772
f 2109/2287/2793 2108/2286/2792 2088/2266/2772 2084/2262/2769
f 2110/2288/2794 2109/2287/2793 2084/2262/2769 2086/2264/2768
